timestamp,sport,game_id,game,side,market,bets_pct,money_pct,open_line,current_line,injury_news,key_number_note,dk_start_iso,sport_label,market_display,side_key,open_line_first
2026-01-08 20:45:53.598957+00:00,nfl,33383580,LA Rams @ CAR Panthers,CAR Panthers,moneyline,18,33,CAR Panthers @ +440,CAR Panthers @ +440,,,2026-01-10T21:30:00Z,NFL,MONEYLINE,CAR Panthers,CAR Panthers @ +440
2026-01-08 20:45:53.598957+00:00,nfl,33383584,SF 49ers @ PHI Eagles,PHI Eagles -5.5,spread,35,62,PHI Eagles -5.5 @ -105,PHI Eagles -5.5 @ -105,,,2026-01-11T21:30:00Z,NFL,SPREAD,PHI Eagles,PHI Eagles -5.5 @ -105
2026-01-08 20:45:53.598957+00:00,nfl,33383584,SF 49ers @ PHI Eagles,SF 49ers +5.5,spread,65,38,SF 49ers +5.5 @ -115,SF 49ers +5.5 @ -115,,,2026-01-11T21:30:00Z,NFL,SPREAD,SF 49ers,SF 49ers +5.5 @ -115
2026-01-08 20:45:53.598957+00:00,nfl,33383584,SF 49ers @ PHI Eagles,Over 44.5,total,44,31,Over 44.5 @ -110,Over 44.5 @ -110,,,2026-01-11T21:30:00Z,NFL,TOTAL,Over,Over 44.5 @ -110
2026-01-08 20:45:53.598957+00:00,nfl,33383584,SF 49ers @ PHI Eagles,Under 44.5,total,56,69,Under 44.5 @ -110,Under 44.5 @ -110,,,2026-01-11T21:30:00Z,NFL,TOTAL,Under,Under 44.5 @ -110
2026-01-08 20:45:53.598957+00:00,nfl,33383589,LA Chargers @ NE Patriots,LA Chargers,moneyline,21,25,LA Chargers @ +154,LA Chargers @ +154,,,2026-01-12T01:00:00Z,NFL,MONEYLINE,LA Chargers,LA Chargers @ +154
2026-01-08 20:45:53.598957+00:00,nfl,33383589,LA Chargers @ NE Patriots,NE Patriots -3.5,spread,65,53,NE Patriots -3.5 @ -108,NE Patriots -3.5 @ -108,,,2026-01-12T01:00:00Z,NFL,SPREAD,NE Patriots,NE Patriots -3.5 @ -108
2026-01-08 20:45:53.598957+00:00,nfl,33383589,LA Chargers @ NE Patriots,LA Chargers +3.5,spread,35,47,LA Chargers +3.5 @ -112,LA Chargers +3.5 @ -112,,,2026-01-12T01:00:00Z,NFL,SPREAD,LA Chargers,LA Chargers +3.5 @ -112
2026-01-08 20:45:53.598957+00:00,nfl,33383589,LA Chargers @ NE Patriots,Over 46.5,total,47,33,Over 46.5 @ -105,Over 46.5 @ -105,,,2026-01-12T01:00:00Z,NFL,TOTAL,Over,Over 46.5 @ -105
2026-01-08 20:45:53.598957+00:00,nfl,33383589,LA Chargers @ NE Patriots,Under 46.5,total,53,67,Under 46.5 @ -115,Under 46.5 @ -115,,,2026-01-12T01:00:00Z,NFL,TOTAL,Under,Under 46.5 @ -115
2026-01-08 20:45:53.598957+00:00,nfl,33383668,HOU Texans @ PIT Steelers,PIT Steelers,moneyline,39,52,PIT Steelers @ +130,PIT Steelers @ +130,,,2026-01-13T01:00:00Z,NFL,MONEYLINE,PIT Steelers,PIT Steelers @ +130
2026-01-08 20:45:53.598957+00:00,nfl,33383668,HOU Texans @ PIT Steelers,HOU Texans,moneyline,61,48,HOU Texans @ -155,HOU Texans @ -155,,,2026-01-13T01:00:00Z,NFL,MONEYLINE,HOU Texans,HOU Texans @ -155
2026-01-08 20:45:53.598957+00:00,nfl,33383668,HOU Texans @ PIT Steelers,HOU Texans -3,spread,61,54,HOU Texans -3 @ -102,HOU Texans -3 @ -102,,,2026-01-13T01:00:00Z,NFL,SPREAD,HOU Texans,HOU Texans -3 @ -102
2026-01-08 20:45:53.598957+00:00,nfl,33383668,HOU Texans @ PIT Steelers,PIT Steelers +3,spread,39,46,PIT Steelers +3 @ -118,PIT Steelers +3 @ -118,,,2026-01-13T01:00:00Z,NFL,SPREAD,PIT Steelers,PIT Steelers +3 @ -118
2026-01-08 20:45:53.598957+00:00,nfl,33383668,HOU Texans @ PIT Steelers,Over 38.5,total,36,19,Over 38.5 @ -110,Over 38.5 @ -110,,,2026-01-13T01:00:00Z,NFL,TOTAL,Over,Over 38.5 @ -110
2026-01-08 20:45:53.598957+00:00,nfl,33383668,HOU Texans @ PIT Steelers,Under 38.5,total,64,81,Under 38.5 @ -110,Under 38.5 @ -110,,,2026-01-13T01:00:00Z,NFL,TOTAL,Under,Under 38.5 @ -110
2026-01-08 20:45:53.598957+00:00,nfl,33383584,SF 49ers @ PHI Eagles,SF 49ers,moneyline,47,54,SF 49ers @ +205,SF 49ers @ +205,,,2026-01-11T21:30:00Z,NFL,MONEYLINE,SF 49ers,SF 49ers @ +205
2026-01-08 20:45:53.598957+00:00,nfl,33383584,SF 49ers @ PHI Eagles,PHI Eagles,moneyline,53,46,PHI Eagles @ -250,PHI Eagles @ -250,,,2026-01-11T21:30:00Z,NFL,MONEYLINE,PHI Eagles,PHI Eagles @ -250
2026-01-08 20:45:53.598957+00:00,nfl,33383589,LA Chargers @ NE Patriots,NE Patriots,moneyline,79,75,NE Patriots @ -185,NE Patriots @ -185,,,2026-01-12T01:00:00Z,NFL,MONEYLINE,NE Patriots,NE Patriots @ -185
2026-01-08 20:45:53.598957+00:00,nfl,33383658,BUF Bills @ JAX Jaguars,Over 51.5,total,69,72,Over 51.5 @ -112,Over 51.5 @ -112,,,2026-01-11T18:00:00Z,NFL,TOTAL,Over,Over 51.5 @ -112
2026-01-08 20:45:53.598957+00:00,nfl,33383580,LA Rams @ CAR Panthers,LA Rams,moneyline,82,67,LA Rams @ -600,LA Rams @ -600,,,2026-01-10T21:30:00Z,NFL,MONEYLINE,LA Rams,LA Rams @ -600
2026-01-08 20:45:53.598957+00:00,nfl,33383658,BUF Bills @ JAX Jaguars,Under 51.5,total,31,28,Under 51.5 @ -108,Under 51.5 @ -108,,,2026-01-11T18:00:00Z,NFL,TOTAL,Under,Under 51.5 @ -108
2026-01-08 20:45:53.598957+00:00,nfl,33383580,LA Rams @ CAR Panthers,CAR Panthers +10.5,spread,61,50,CAR Panthers +10.5 @ -110,CAR Panthers +10.5 @ -110,,,2026-01-10T21:30:00Z,NFL,SPREAD,CAR Panthers,CAR Panthers +10.5 @ -110
2026-01-08 20:45:53.598957+00:00,nfl,33383580,LA Rams @ CAR Panthers,Over 46.5,total,60,42,Over 46.5 @ -108,Over 46.5 @ -108,,,2026-01-10T21:30:00Z,NFL,TOTAL,Over,Over 46.5 @ -108
2026-01-08 20:45:53.598957+00:00,nfl,33383580,LA Rams @ CAR Panthers,Under 46.5,total,40,58,Under 46.5 @ -112,Under 46.5 @ -112,,,2026-01-10T21:30:00Z,NFL,TOTAL,Under,Under 46.5 @ -112
2026-01-08 20:45:53.598957+00:00,nfl,33383570,GB Packers @ CHI Bears,CHI Bears,moneyline,68,69,CHI Bears @ +100,CHI Bears @ +100,,,2026-01-11T01:00:00Z,NFL,MONEYLINE,CHI Bears,CHI Bears @ +100
2026-01-08 20:45:53.598957+00:00,nfl,33383570,GB Packers @ CHI Bears,GB Packers,moneyline,32,31,GB Packers @ -120,GB Packers @ -120,,,2026-01-11T01:00:00Z,NFL,MONEYLINE,GB Packers,GB Packers @ -120
2026-01-08 20:45:53.598957+00:00,nfl,33383570,GB Packers @ CHI Bears,GB Packers -1.5,spread,29,40,GB Packers -1.5 @ -108,GB Packers -1.5 @ -108,,,2026-01-11T01:00:00Z,NFL,SPREAD,GB Packers,GB Packers -1.5 @ -108
2026-01-08 20:45:53.598957+00:00,nfl,33383580,LA Rams @ CAR Panthers,LA Rams -10.5,spread,39,50,LA Rams -10.5 @ -110,LA Rams -10.5 @ -110,,,2026-01-10T21:30:00Z,NFL,SPREAD,LA Rams,LA Rams -10.5 @ -110
2026-01-08 20:45:53.598957+00:00,nfl,33383570,GB Packers @ CHI Bears,Over 44.5,total,49,39,Over 44.5 @ -115,Over 44.5 @ -115,,,2026-01-11T01:00:00Z,NFL,TOTAL,Over,Over 44.5 @ -115
2026-01-08 20:45:53.598957+00:00,nfl,33383570,GB Packers @ CHI Bears,Under 44.5,total,51,61,Under 44.5 @ -105,Under 44.5 @ -105,,,2026-01-11T01:00:00Z,NFL,TOTAL,Under,Under 44.5 @ -105
2026-01-08 20:45:53.598957+00:00,nfl,33383658,BUF Bills @ JAX Jaguars,JAX Jaguars,moneyline,49,52,JAX Jaguars @ -108,JAX Jaguars @ -108,,,2026-01-11T18:00:00Z,NFL,MONEYLINE,JAX Jaguars,JAX Jaguars @ -108
2026-01-08 20:45:53.598957+00:00,nfl,33383658,BUF Bills @ JAX Jaguars,BUF Bills,moneyline,51,48,BUF Bills @ -112,BUF Bills @ -112,,,2026-01-11T18:00:00Z,NFL,MONEYLINE,BUF Bills,BUF Bills @ -112
2026-01-08 20:45:53.598957+00:00,nfl,33383658,BUF Bills @ JAX Jaguars,BUF Bills -1.5,spread,47,47,BUF Bills -1.5 @ +102,BUF Bills -1.5 @ +102,,,2026-01-11T18:00:00Z,NFL,SPREAD,BUF Bills,BUF Bills -1.5 @ +102
2026-01-08 20:45:53.598957+00:00,nfl,33383658,BUF Bills @ JAX Jaguars,JAX Jaguars +1.5,spread,53,53,JAX Jaguars +1.5 @ -122,JAX Jaguars +1.5 @ -122,,,2026-01-11T18:00:00Z,NFL,SPREAD,JAX Jaguars,JAX Jaguars +1.5 @ -122
2026-01-08 20:45:53.598957+00:00,nfl,33383570,GB Packers @ CHI Bears,CHI Bears +1.5,spread,71,60,CHI Bears +1.5 @ -112,CHI Bears +1.5 @ -112,,,2026-01-11T01:00:00Z,NFL,SPREAD,CHI Bears,CHI Bears +1.5 @ -112
2026-01-08 20:46:14.405010+00:00,nba,33412069,MIA Heat @ CHI Bulls,Under 237.5,total,62,61,Under 237.5 @ -108,Under 237.5 @ -108,,,2026-01-09T01:10:00Z,NBA,TOTAL,Under,Under 237.5 @ -108
2026-01-08 20:46:14.405010+00:00,nba,33412072,DAL Mavericks @ UTA Jazz,DAL Mavericks,moneyline,56,57,DAL Mavericks @ -192,DAL Mavericks @ -192,,,2026-01-09T02:10:00Z,NBA,MONEYLINE,DAL Mavericks,DAL Mavericks @ -192
2026-01-08 20:46:14.405010+00:00,nba,33412072,DAL Mavericks @ UTA Jazz,DAL Mavericks -4.5,spread,51,75,DAL Mavericks -4.5 @ -115,DAL Mavericks -4.5 @ -115,,,2026-01-09T02:10:00Z,NBA,SPREAD,DAL Mavericks,DAL Mavericks -4.5 @ -115
2026-01-08 20:46:14.405010+00:00,nba,33412072,DAL Mavericks @ UTA Jazz,UTA Jazz +4.5,spread,49,25,UTA Jazz +4.5 @ -105,UTA Jazz +4.5 @ -105,,,2026-01-09T02:10:00Z,NBA,SPREAD,UTA Jazz,UTA Jazz +4.5 @ -105
2026-01-08 20:46:14.405010+00:00,nba,33412072,DAL Mavericks @ UTA Jazz,Over 241.5,total,35,49,Over 241.5 @ -110,Over 241.5 @ -110,,,2026-01-09T02:10:00Z,NBA,TOTAL,Over,Over 241.5 @ -110
2026-01-08 20:46:14.405010+00:00,nba,33412072,DAL Mavericks @ UTA Jazz,Under 241.5,total,65,51,Under 241.5 @ -110,Under 241.5 @ -110,,,2026-01-09T02:10:00Z,NBA,TOTAL,Under,Under 241.5 @ -110
2026-01-08 20:46:14.405010+00:00,nba,33417512,NY Knicks @ PHO Suns,NY Knicks -2.5,spread,79,10,NY Knicks -2.5 @ -115,NY Knicks -2.5 @ -115,,,2026-01-10T02:00:00Z,NBA,SPREAD,NY Knicks,NY Knicks -2.5 @ -115
2026-01-08 20:46:14.405010+00:00,nba,33417512,NY Knicks @ PHO Suns,NY Knicks,moneyline,62,31,NY Knicks @ -142,NY Knicks @ -142,,,2026-01-10T02:00:00Z,NBA,MONEYLINE,NY Knicks,NY Knicks @ -142
2026-01-08 20:46:14.405010+00:00,nba,33417512,NY Knicks @ PHO Suns,PHO Suns +2.5,spread,21,90,PHO Suns +2.5 @ -105,PHO Suns +2.5 @ -105,,,2026-01-10T02:00:00Z,NBA,SPREAD,PHO Suns,PHO Suns +2.5 @ -105
2026-01-08 20:46:14.405010+00:00,nba,33417512,NY Knicks @ PHO Suns,Over 231.5,total,85,87,Over 231.5 @ -115,Over 231.5 @ -115,,,2026-01-10T02:00:00Z,NBA,TOTAL,Over,Over 231.5 @ -115
2026-01-08 20:46:14.405010+00:00,nba,33417512,NY Knicks @ PHO Suns,Under 231.5,total,15,13,Under 231.5 @ -105,Under 231.5 @ -105,,,2026-01-10T02:00:00Z,NBA,TOTAL,Under,Under 231.5 @ -105
2026-01-08 20:46:14.405010+00:00,nba,33412069,MIA Heat @ CHI Bulls,Over 237.5,total,38,39,Over 237.5 @ -112,Over 237.5 @ -112,,,2026-01-09T01:10:00Z,NBA,TOTAL,Over,Over 237.5 @ -112
2026-01-08 20:46:14.405010+00:00,nba,33417512,NY Knicks @ PHO Suns,PHO Suns,moneyline,38,69,PHO Suns @ +120,PHO Suns @ +120,,,2026-01-10T02:00:00Z,NBA,MONEYLINE,PHO Suns,PHO Suns @ +120
2026-01-08 20:46:14.405010+00:00,nba,33412069,MIA Heat @ CHI Bulls,CHI Bulls +7.5,spread,57,52,CHI Bulls +7.5 @ -115,CHI Bulls +7.5 @ -115,,,2026-01-09T01:10:00Z,NBA,SPREAD,CHI Bulls,CHI Bulls +7.5 @ -115
2026-01-08 20:46:14.405010+00:00,nba,33412072,DAL Mavericks @ UTA Jazz,UTA Jazz,moneyline,44,43,UTA Jazz @ +160,UTA Jazz @ +160,,,2026-01-09T02:10:00Z,NBA,MONEYLINE,UTA Jazz,UTA Jazz @ +160
2026-01-08 20:46:14.405010+00:00,nba,33412069,MIA Heat @ CHI Bulls,MIA Heat,moneyline,63,33,MIA Heat @ -265,MIA Heat @ -265,,,2026-01-09T01:10:00Z,NBA,MONEYLINE,MIA Heat,MIA Heat @ -265
2026-01-08 20:46:14.405010+00:00,nba,33412069,MIA Heat @ CHI Bulls,MIA Heat -7.5,spread,43,48,MIA Heat -7.5 @ -105,MIA Heat -7.5 @ -105,,,2026-01-09T01:10:00Z,NBA,SPREAD,MIA Heat,MIA Heat -7.5 @ -105
2026-01-08 20:46:14.405010+00:00,nba,33412068,IND Pacers @ CHA Hornets,CHA Hornets,moneyline,68,68,CHA Hornets @ -185,CHA Hornets @ -185,,,2026-01-09T00:10:00Z,NBA,MONEYLINE,CHA Hornets,CHA Hornets @ -185
2026-01-08 20:46:14.405010+00:00,nba,33412068,IND Pacers @ CHA Hornets,IND Pacers,moneyline,32,32,IND Pacers @ +154,IND Pacers @ +154,,,2026-01-09T00:10:00Z,NBA,MONEYLINE,IND Pacers,IND Pacers @ +154
2026-01-08 20:46:14.405010+00:00,nba,33412068,IND Pacers @ CHA Hornets,CHA Hornets -4.5,spread,64,72,CHA Hornets -4.5 @ -112,CHA Hornets -4.5 @ -112,,,2026-01-09T00:10:00Z,NBA,SPREAD,CHA Hornets,CHA Hornets -4.5 @ -112
2026-01-08 20:46:14.405010+00:00,nba,33412068,IND Pacers @ CHA Hornets,Over 232.5,total,48,56,Over 232.5 @ -108,Over 232.5 @ -108,,,2026-01-09T00:10:00Z,NBA,TOTAL,Over,Over 232.5 @ -108
2026-01-08 20:46:14.405010+00:00,nba,33412068,IND Pacers @ CHA Hornets,Under 232.5,total,52,44,Under 232.5 @ -112,Under 232.5 @ -112,,,2026-01-09T00:10:00Z,NBA,TOTAL,Under,Under 232.5 @ -112
2026-01-08 20:46:14.405010+00:00,nba,33412070,CLE Cavaliers @ MIN Timberwolves,MIN Timberwolves,moneyline,57,51,MIN Timberwolves @ -135,MIN Timberwolves @ -135,,,2026-01-09T01:10:00Z,NBA,MONEYLINE,MIN Timberwolves,MIN Timberwolves @ -135
2026-01-08 20:46:14.405010+00:00,nba,33412068,IND Pacers @ CHA Hornets,IND Pacers +4.5,spread,36,28,IND Pacers +4.5 @ -108,IND Pacers +4.5 @ -108,,,2026-01-09T00:10:00Z,NBA,SPREAD,IND Pacers,IND Pacers +4.5 @ -108
2026-01-08 20:46:14.405010+00:00,nba,33412070,CLE Cavaliers @ MIN Timberwolves,MIN Timberwolves -2.5,spread,62,51,MIN Timberwolves -2.5 @ -110,MIN Timberwolves -2.5 @ -110,,,2026-01-09T01:10:00Z,NBA,SPREAD,MIN Timberwolves,MIN Timberwolves -2.5 @ -110
2026-01-08 20:46:14.405010+00:00,nba,33412070,CLE Cavaliers @ MIN Timberwolves,CLE Cavaliers +2.5,spread,38,49,CLE Cavaliers +2.5 @ -110,CLE Cavaliers +2.5 @ -110,,,2026-01-09T01:10:00Z,NBA,SPREAD,CLE Cavaliers,CLE Cavaliers +2.5 @ -110
2026-01-08 20:46:14.405010+00:00,nba,33412070,CLE Cavaliers @ MIN Timberwolves,Over 237.5,total,39,40,Over 237.5 @ -108,Over 237.5 @ -108,,,2026-01-09T01:10:00Z,NBA,TOTAL,Over,Over 237.5 @ -108
2026-01-08 20:46:14.405010+00:00,nba,33412070,CLE Cavaliers @ MIN Timberwolves,Under 237.5,total,61,60,Under 237.5 @ -112,Under 237.5 @ -112,,,2026-01-09T01:10:00Z,NBA,TOTAL,Under,Under 237.5 @ -112
2026-01-08 20:46:14.405010+00:00,nba,33412069,MIA Heat @ CHI Bulls,CHI Bulls,moneyline,37,67,CHI Bulls @ +215,CHI Bulls @ +215,,,2026-01-09T01:10:00Z,NBA,MONEYLINE,CHI Bulls,CHI Bulls @ +215
2026-01-08 20:46:14.405010+00:00,nba,33412070,CLE Cavaliers @ MIN Timberwolves,CLE Cavaliers,moneyline,43,49,CLE Cavaliers @ +114,CLE Cavaliers @ +114,,,2026-01-09T01:10:00Z,NBA,MONEYLINE,CLE Cavaliers,CLE Cavaliers @ +114
2026-01-08 20:46:48.843529+00:00,nhl,33418465,COL Avalanche vs OTT Senators,Over 6.5,total,49,73,Over 6.5 @ -130,Over 6.5 @ -130,,,2026-01-09T02:10:00Z,NHL,TOTAL,Over,Over 6.5 @ -130
2026-01-08 20:46:48.843529+00:00,nhl,33418466,SEA Kraken vs MIN Wild,Under 5.5,total,37,57,Under 5.5 @ +114,Under 5.5 @ +114,,,2026-01-09T03:10:00Z,NHL,TOTAL,Under,Under 5.5 @ +114
2026-01-08 20:46:48.843529+00:00,nhl,33418466,SEA Kraken vs MIN Wild,Over 5.5,total,63,43,Over 5.5 @ -135,Over 5.5 @ -135,,,2026-01-09T03:10:00Z,NHL,TOTAL,Over,Over 5.5 @ -135
2026-01-08 20:46:48.843529+00:00,nhl,33418466,SEA Kraken vs MIN Wild,SEA Kraken +1.5,splits,63,21,SEA Kraken +1.5 @ -192,SEA Kraken +1.5 @ -192,,,2026-01-09T03:10:00Z,NHL,SPREAD,SEA Kraken,SEA Kraken +1.5 @ -192
2026-01-08 20:46:48.843529+00:00,nhl,33418466,SEA Kraken vs MIN Wild,MIN Wild -1.5,splits,37,79,MIN Wild -1.5 @ +160,MIN Wild -1.5 @ +160,,,2026-01-09T03:10:00Z,NHL,SPREAD,MIN Wild,MIN Wild -1.5 @ +160
2026-01-08 20:46:48.843529+00:00,nhl,33418466,SEA Kraken vs MIN Wild,MIN Wild,moneyline,70,64,MIN Wild @ -155,MIN Wild @ -155,,,2026-01-09T03:10:00Z,NHL,MONEYLINE,MIN Wild,MIN Wild @ -155
2026-01-08 20:46:48.843529+00:00,nhl,33418466,SEA Kraken vs MIN Wild,SEA Kraken,moneyline,30,36,SEA Kraken @ +130,SEA Kraken @ +130,,,2026-01-09T03:10:00Z,NHL,MONEYLINE,SEA Kraken,SEA Kraken @ +130
2026-01-08 20:46:48.843529+00:00,nhl,33418465,COL Avalanche vs OTT Senators,Under 6.5,total,51,27,Under 6.5 @ +110,Under 6.5 @ +110,,,2026-01-09T02:10:00Z,NHL,TOTAL,Under,Under 6.5 @ +110
2026-01-08 20:46:48.843529+00:00,nhl,33418465,COL Avalanche vs OTT Senators,OTT Senators +1.5,splits,10,15,OTT Senators +1.5 @ -115,OTT Senators +1.5 @ -115,,,2026-01-09T02:10:00Z,NHL,SPREAD,OTT Senators,OTT Senators +1.5 @ -115
2026-01-08 20:46:48.843529+00:00,nhl,33418462,NSH Predators vs NY Islanders,NSH Predators -1.5,splits,17,55,NSH Predators -1.5 @ +205,NSH Predators -1.5 @ +205,,,2026-01-09T01:10:00Z,NHL,SPREAD,NSH Predators,NSH Predators -1.5 @ +205
2026-01-08 20:46:48.843529+00:00,nhl,33418465,COL Avalanche vs OTT Senators,OTT Senators,moneyline,7,4,OTT Senators @ +215,OTT Senators @ +215,,,2026-01-09T02:10:00Z,NHL,MONEYLINE,OTT Senators,OTT Senators @ +215
2026-01-08 20:46:48.843529+00:00,nhl,33418465,COL Avalanche vs OTT Senators,COL Avalanche,moneyline,93,96,COL Avalanche @ -265,COL Avalanche @ -265,,,2026-01-09T02:10:00Z,NHL,MONEYLINE,COL Avalanche,COL Avalanche @ -265
2026-01-08 20:46:48.843529+00:00,nhl,33418462,NSH Predators vs NY Islanders,Under 5.5,total,31,27,Under 5.5 @ +100,Under 5.5 @ +100,,,2026-01-09T01:10:00Z,NHL,TOTAL,Under,Under 5.5 @ +100
2026-01-08 20:46:48.843529+00:00,nhl,33418462,NSH Predators vs NY Islanders,Over 5.5,total,69,73,Over 5.5 @ -120,Over 5.5 @ -120,,,2026-01-09T01:10:00Z,NHL,TOTAL,Over,Over 5.5 @ -120
2026-01-08 20:46:48.843529+00:00,nhl,33418462,NSH Predators vs NY Islanders,NY Islanders +1.5,splits,83,45,NY Islanders +1.5 @ -250,NY Islanders +1.5 @ -250,,,2026-01-09T01:10:00Z,NHL,SPREAD,NY Islanders,NY Islanders +1.5 @ -250
2026-01-08 20:46:48.843529+00:00,nhl,33418467,VGK Golden Knights vs CBJ Blue Jackets,VGK Golden Knights,moneyline,75,53,VGK Golden Knights @ -148,VGK Golden Knights @ -148,,,2026-01-09T03:10:00Z,NHL,MONEYLINE,VGK Golden Knights,VGK Golden Knights @ -148
2026-01-08 20:46:48.843529+00:00,nhl,33418462,NSH Predators vs NY Islanders,NY Islanders,moneyline,64,85,NY Islanders @ +105,NY Islanders @ +105,,,2026-01-09T01:10:00Z,NHL,MONEYLINE,NY Islanders,NY Islanders @ +105
2026-01-08 20:46:48.843529+00:00,nhl,33418462,NSH Predators vs NY Islanders,NSH Predators,moneyline,36,15,NSH Predators @ -125,NSH Predators @ -125,,,2026-01-09T01:10:00Z,NHL,MONEYLINE,NSH Predators,NSH Predators @ -125
2026-01-08 20:46:48.843529+00:00,nhl,33418464,WPG Jets vs EDM Oilers,Under 6.5,total,53,6,Under 6.5 @ -130,Under 6.5 @ -130,,,2026-01-09T01:10:00Z,NHL,TOTAL,Under,Under 6.5 @ -130
2026-01-08 20:46:48.843529+00:00,nhl,33418465,COL Avalanche vs OTT Senators,COL Avalanche -1.5,splits,90,85,COL Avalanche -1.5 @ -105,COL Avalanche -1.5 @ -105,,,2026-01-09T02:10:00Z,NHL,SPREAD,COL Avalanche,COL Avalanche -1.5 @ -105
2026-01-08 20:46:48.843529+00:00,nhl,33418467,VGK Golden Knights vs CBJ Blue Jackets,CBJ Blue Jackets,moneyline,25,47,CBJ Blue Jackets @ +124,CBJ Blue Jackets @ +124,,,2026-01-09T03:10:00Z,NHL,MONEYLINE,CBJ Blue Jackets,CBJ Blue Jackets @ +124
2026-01-08 20:46:48.843529+00:00,nhl,33423567,CHI Blackhawks vs WAS Capitals,WAS Capitals -1.5,splits,81,98,WAS Capitals -1.5 @ +160,WAS Capitals -1.5 @ +160,,,2026-01-10T01:10:00Z,NHL,SPREAD,WAS Capitals,WAS Capitals -1.5 @ +160
2026-01-08 20:46:48.843529+00:00,nhl,33418467,VGK Golden Knights vs CBJ Blue Jackets,CBJ Blue Jackets +1.5,splits,63,20,CBJ Blue Jackets +1.5 @ -185,CBJ Blue Jackets +1.5 @ -185,,,2026-01-09T03:10:00Z,NHL,SPREAD,CBJ Blue Jackets,CBJ Blue Jackets +1.5 @ -185
2026-01-08 20:46:48.843529+00:00,nhl,33418464,WPG Jets vs EDM Oilers,Over 6.5,total,47,94,Over 6.5 @ +110,Over 6.5 @ +110,,,2026-01-09T01:10:00Z,NHL,TOTAL,Over,Over 6.5 @ +110
2026-01-08 20:46:48.843529+00:00,nhl,33423570,UTA Mammoth vs STL Blues,Under 5.5,total,31,46,Under 5.5 @ -105,Under 5.5 @ -105,,,2026-01-10T02:10:00Z,NHL,TOTAL,Under,Under 5.5 @ -105
2026-01-08 20:46:48.843529+00:00,nhl,33423570,UTA Mammoth vs STL Blues,Over 5.5,total,69,54,Over 5.5 @ -115,Over 5.5 @ -115,,,2026-01-10T02:10:00Z,NHL,TOTAL,Over,Over 5.5 @ -115
2026-01-08 20:46:48.843529+00:00,nhl,33423570,UTA Mammoth vs STL Blues,STL Blues +1.5,splits,45,0,STL Blues +1.5 @ -170,STL Blues +1.5 @ -170,,,2026-01-10T02:10:00Z,NHL,SPREAD,STL Blues,STL Blues +1.5 @ -170
2026-01-08 20:46:48.843529+00:00,nhl,33423570,UTA Mammoth vs STL Blues,STL Blues,moneyline,37,72,STL Blues @ +142,STL Blues @ +142,,,2026-01-10T02:10:00Z,NHL,MONEYLINE,STL Blues,STL Blues @ +142
2026-01-08 20:46:48.843529+00:00,nhl,33423570,UTA Mammoth vs STL Blues,UTA Mammoth,moneyline,63,28,UTA Mammoth @ -170,UTA Mammoth @ -170,,,2026-01-10T02:10:00Z,NHL,MONEYLINE,UTA Mammoth,UTA Mammoth @ -170
2026-01-08 20:46:48.843529+00:00,nhl,33423568,WPG Jets vs LA Kings,Under 5.5,total,75,88,Under 5.5 @ -108,Under 5.5 @ -108,,,2026-01-10T01:10:00Z,NHL,TOTAL,Under,Under 5.5 @ -108
2026-01-08 20:46:48.843529+00:00,nhl,33423568,WPG Jets vs LA Kings,Over 5.5,total,25,12,Over 5.5 @ -112,Over 5.5 @ -112,,,2026-01-10T01:10:00Z,NHL,TOTAL,Over,Over 5.5 @ -112
2026-01-08 20:46:48.843529+00:00,nhl,33423568,WPG Jets vs LA Kings,WPG Jets +1.5,splits,54,99,WPG Jets +1.5 @ -238,WPG Jets +1.5 @ -238,,,2026-01-10T01:10:00Z,NHL,SPREAD,WPG Jets,WPG Jets +1.5 @ -238
2026-01-08 20:46:48.843529+00:00,nhl,33423568,WPG Jets vs LA Kings,LA Kings -1.5,splits,46,1,LA Kings -1.5 @ +195,LA Kings -1.5 @ +195,,,2026-01-10T01:10:00Z,NHL,SPREAD,LA Kings,LA Kings -1.5 @ +195
2026-01-08 20:46:48.843529+00:00,nhl,33423568,WPG Jets vs LA Kings,LA Kings,moneyline,51,78,LA Kings @ -125,LA Kings @ -125,,,2026-01-10T01:10:00Z,NHL,MONEYLINE,LA Kings,LA Kings @ -125
2026-01-08 20:46:48.843529+00:00,nhl,33423568,WPG Jets vs LA Kings,WPG Jets,moneyline,49,22,WPG Jets @ +105,WPG Jets @ +105,,,2026-01-10T01:10:00Z,NHL,MONEYLINE,WPG Jets,WPG Jets @ +105
2026-01-08 20:46:48.843529+00:00,nhl,33423567,CHI Blackhawks vs WAS Capitals,Under 5.5,total,28,4,Under 5.5 @ +114,Under 5.5 @ +114,,,2026-01-10T01:10:00Z,NHL,TOTAL,Under,Under 5.5 @ +114
2026-01-08 20:46:48.843529+00:00,nhl,33423567,CHI Blackhawks vs WAS Capitals,Over 5.5,total,72,96,Over 5.5 @ -135,Over 5.5 @ -135,,,2026-01-10T01:10:00Z,NHL,TOTAL,Over,Over 5.5 @ -135
2026-01-08 20:46:48.843529+00:00,nhl,33423567,CHI Blackhawks vs WAS Capitals,CHI Blackhawks +1.5,splits,19,2,CHI Blackhawks +1.5 @ -192,CHI Blackhawks +1.5 @ -192,,,2026-01-10T01:10:00Z,NHL,SPREAD,CHI Blackhawks,CHI Blackhawks +1.5 @ -192
2026-01-08 20:46:48.843529+00:00,nhl,33423567,CHI Blackhawks vs WAS Capitals,WAS Capitals,moneyline,57,4,WAS Capitals @ -155,WAS Capitals @ -155,,,2026-01-10T01:10:00Z,NHL,MONEYLINE,WAS Capitals,WAS Capitals @ -155
2026-01-08 20:46:48.843529+00:00,nhl,33423567,CHI Blackhawks vs WAS Capitals,CHI Blackhawks,moneyline,43,96,CHI Blackhawks @ +130,CHI Blackhawks @ +130,,,2026-01-10T01:10:00Z,NHL,MONEYLINE,CHI Blackhawks,CHI Blackhawks @ +130
2026-01-08 20:46:48.843529+00:00,nhl,33418467,VGK Golden Knights vs CBJ Blue Jackets,Under 6.5,total,60,14,Under 6.5 @ -115,Under 6.5 @ -115,,,2026-01-09T03:10:00Z,NHL,TOTAL,Under,Under 6.5 @ -115
2026-01-08 20:46:48.843529+00:00,nhl,33418467,VGK Golden Knights vs CBJ Blue Jackets,Over 6.5,total,40,86,Over 6.5 @ -105,Over 6.5 @ -105,,,2026-01-09T03:10:00Z,NHL,TOTAL,Over,Over 6.5 @ -105
2026-01-08 20:46:48.843529+00:00,nhl,33418467,VGK Golden Knights vs CBJ Blue Jackets,VGK Golden Knights -1.5,splits,37,80,VGK Golden Knights -1.5 @ +154,VGK Golden Knights -1.5 @ +154,,,2026-01-09T03:10:00Z,NHL,SPREAD,VGK Golden Knights,VGK Golden Knights -1.5 @ +154
2026-01-08 20:46:48.843529+00:00,nhl,33418464,WPG Jets vs EDM Oilers,WPG Jets +1.5,splits,53,52,WPG Jets +1.5 @ -265,WPG Jets +1.5 @ -265,,,2026-01-09T01:10:00Z,NHL,SPREAD,WPG Jets,WPG Jets +1.5 @ -265
2026-01-08 20:46:48.843529+00:00,nhl,33423570,UTA Mammoth vs STL Blues,UTA Mammoth -1.5,splits,55,100,UTA Mammoth -1.5 @ +142,UTA Mammoth -1.5 @ +142,,,2026-01-10T02:10:00Z,NHL,SPREAD,UTA Mammoth,UTA Mammoth -1.5 @ +142
2026-01-08 20:46:48.843529+00:00,nhl,33418464,WPG Jets vs EDM Oilers,EDM Oilers,moneyline,76,47,EDM Oilers @ -115,EDM Oilers @ -115,,,2026-01-09T01:10:00Z,NHL,MONEYLINE,EDM Oilers,EDM Oilers @ -115
2026-01-08 20:46:48.843529+00:00,nhl,33418459,NY Rangers vs BUF Sabres,NY Rangers,moneyline,40,21,NY Rangers @ +105,NY Rangers @ +105,,,2026-01-09T00:10:00Z,NHL,MONEYLINE,NY Rangers,NY Rangers @ +105
2026-01-08 20:46:48.843529+00:00,nhl,33418453,BOS Bruins vs CGY Flames,Under 6.5,total,41,34,Under 6.5 @ -112,Under 6.5 @ -112,,,2026-01-09T00:10:00Z,NHL,TOTAL,Under,Under 6.5 @ -112
2026-01-08 20:46:48.843529+00:00,nhl,33418453,BOS Bruins vs CGY Flames,Over 6.5,total,59,66,Over 6.5 @ -108,Over 6.5 @ -108,,,2026-01-09T00:10:00Z,NHL,TOTAL,Over,Over 6.5 @ -108
2026-01-08 20:46:48.843529+00:00,nhl,33418453,BOS Bruins vs CGY Flames,CGY Flames +1.5,splits,49,14,CGY Flames +1.5 @ -218,CGY Flames +1.5 @ -218,,,2026-01-09T00:10:00Z,NHL,SPREAD,CGY Flames,CGY Flames +1.5 @ -218
2026-01-08 20:46:48.843529+00:00,nhl,33418453,BOS Bruins vs CGY Flames,BOS Bruins -1.5,splits,51,86,BOS Bruins -1.5 @ +180,BOS Bruins -1.5 @ +180,,,2026-01-09T00:10:00Z,NHL,SPREAD,BOS Bruins,BOS Bruins -1.5 @ +180
2026-01-08 20:46:48.843529+00:00,nhl,33418453,BOS Bruins vs CGY Flames,CGY Flames,moneyline,21,40,CGY Flames @ +114,CGY Flames @ +114,,,2026-01-09T00:10:00Z,NHL,MONEYLINE,CGY Flames,CGY Flames @ +114
2026-01-08 20:46:48.843529+00:00,nhl,33418453,BOS Bruins vs CGY Flames,BOS Bruins,moneyline,79,60,BOS Bruins @ -135,BOS Bruins @ -135,,,2026-01-09T00:10:00Z,NHL,MONEYLINE,BOS Bruins,BOS Bruins @ -135
2026-01-08 20:46:48.843529+00:00,nhl,33418457,DET Red Wings vs VAN Canucks,Under 6.5,total,62,25,Under 6.5 @ -130,Under 6.5 @ -130,,,2026-01-09T00:10:00Z,NHL,TOTAL,Under,Under 6.5 @ -130
2026-01-08 20:46:48.843529+00:00,nhl,33418457,DET Red Wings vs VAN Canucks,Over 6.5,total,38,75,Over 6.5 @ +110,Over 6.5 @ +110,,,2026-01-09T00:10:00Z,NHL,TOTAL,Over,Over 6.5 @ +110
2026-01-08 20:46:48.843529+00:00,nhl,33418457,DET Red Wings vs VAN Canucks,VAN Canucks +1.5,splits,37,3,VAN Canucks +1.5 @ -198,VAN Canucks +1.5 @ -198,,,2026-01-09T00:10:00Z,NHL,SPREAD,VAN Canucks,VAN Canucks +1.5 @ -198
2026-01-08 20:46:48.843529+00:00,nhl,33418457,DET Red Wings vs VAN Canucks,DET Red Wings -1.5,splits,63,97,DET Red Wings -1.5 @ +164,DET Red Wings -1.5 @ +164,,,2026-01-09T00:10:00Z,NHL,SPREAD,DET Red Wings,DET Red Wings -1.5 @ +164
2026-01-08 20:46:48.843529+00:00,nhl,33418457,DET Red Wings vs VAN Canucks,VAN Canucks,moneyline,15,36,VAN Canucks @ +130,VAN Canucks @ +130,,,2026-01-09T00:10:00Z,NHL,MONEYLINE,VAN Canucks,VAN Canucks @ +130
2026-01-08 20:46:48.843529+00:00,nhl,33418457,DET Red Wings vs VAN Canucks,DET Red Wings,moneyline,85,64,DET Red Wings @ -155,DET Red Wings @ -155,,,2026-01-09T00:10:00Z,NHL,MONEYLINE,DET Red Wings,DET Red Wings @ -155
2026-01-08 20:46:48.843529+00:00,nhl,33418454,CAR Hurricanes vs ANA Ducks,Under 6.5,total,27,15,Under 6.5 @ +120,Under 6.5 @ +120,,,2026-01-09T00:10:00Z,NHL,TOTAL,Under,Under 6.5 @ +120
2026-01-08 20:46:48.843529+00:00,nhl,33418454,CAR Hurricanes vs ANA Ducks,ANA Ducks +1.5,splits,32,9,ANA Ducks +1.5 @ -142,ANA Ducks +1.5 @ -142,,,2026-01-09T00:10:00Z,NHL,SPREAD,ANA Ducks,ANA Ducks +1.5 @ -142
2026-01-08 20:46:48.843529+00:00,nhl,33418454,CAR Hurricanes vs ANA Ducks,CAR Hurricanes -1.5,splits,68,91,CAR Hurricanes -1.5 @ +120,CAR Hurricanes -1.5 @ +120,,,2026-01-09T00:10:00Z,NHL,SPREAD,CAR Hurricanes,CAR Hurricanes -1.5 @ +120
2026-01-08 20:46:48.843529+00:00,nhl,33418454,CAR Hurricanes vs ANA Ducks,ANA Ducks,moneyline,13,22,ANA Ducks @ +180,ANA Ducks @ +180,,,2026-01-09T00:10:00Z,NHL,MONEYLINE,ANA Ducks,ANA Ducks @ +180
2026-01-08 20:46:48.843529+00:00,nhl,33418454,CAR Hurricanes vs ANA Ducks,CAR Hurricanes,moneyline,87,78,CAR Hurricanes @ -218,CAR Hurricanes @ -218,,,2026-01-09T00:10:00Z,NHL,MONEYLINE,CAR Hurricanes,CAR Hurricanes @ -218
2026-01-08 20:46:48.843529+00:00,nhl,33418464,WPG Jets vs EDM Oilers,EDM Oilers -1.5,splits,47,48,EDM Oilers -1.5 @ +215,EDM Oilers -1.5 @ +215,,,2026-01-09T01:10:00Z,NHL,SPREAD,EDM Oilers,EDM Oilers -1.5 @ +215
2026-01-08 20:46:48.843529+00:00,nhl,33418459,NY Rangers vs BUF Sabres,BUF Sabres,moneyline,60,79,BUF Sabres @ -125,BUF Sabres @ -125,,,2026-01-09T00:10:00Z,NHL,MONEYLINE,BUF Sabres,BUF Sabres @ -125
2026-01-08 20:46:48.843529+00:00,nhl,33418459,NY Rangers vs BUF Sabres,BUF Sabres -1.5,splits,31,53,BUF Sabres -1.5 @ +200,BUF Sabres -1.5 @ +200,,,2026-01-09T00:10:00Z,NHL,SPREAD,BUF Sabres,BUF Sabres -1.5 @ +200
2026-01-08 20:46:48.843529+00:00,nhl,33418454,CAR Hurricanes vs ANA Ducks,Over 6.5,total,73,85,Over 6.5 @ -142,Over 6.5 @ -142,,,2026-01-09T00:10:00Z,NHL,TOTAL,Over,Over 6.5 @ -142
2026-01-08 20:46:48.843529+00:00,nhl,33418459,NY Rangers vs BUF Sabres,Over 6.5,total,62,73,Over 6.5 @ +114,Over 6.5 @ +114,,,2026-01-09T00:10:00Z,NHL,TOTAL,Over,Over 6.5 @ +114
2026-01-08 20:46:48.843529+00:00,nhl,33418458,MTL Canadiens vs FLA Panthers,Under 6.5,total,54,27,Under 6.5 @ -135,Under 6.5 @ -135,,,2026-01-09T00:10:00Z,NHL,TOTAL,Under,Under 6.5 @ -135
2026-01-08 20:46:48.843529+00:00,nhl,33418458,MTL Canadiens vs FLA Panthers,Over 6.5,total,46,73,Over 6.5 @ +114,Over 6.5 @ +114,,,2026-01-09T00:10:00Z,NHL,TOTAL,Over,Over 6.5 @ +114
2026-01-08 20:46:48.843529+00:00,nhl,33418458,MTL Canadiens vs FLA Panthers,MTL Canadiens +1.5,splits,74,30,MTL Canadiens +1.5 @ -265,MTL Canadiens +1.5 @ -265,,,2026-01-09T00:10:00Z,NHL,SPREAD,MTL Canadiens,MTL Canadiens +1.5 @ -265
2026-01-08 20:46:48.843529+00:00,nhl,33418458,MTL Canadiens vs FLA Panthers,FLA Panthers -1.5,splits,26,70,FLA Panthers -1.5 @ +215,FLA Panthers -1.5 @ +215,,,2026-01-09T00:10:00Z,NHL,SPREAD,FLA Panthers,FLA Panthers -1.5 @ +215
2026-01-08 20:46:48.843529+00:00,nhl,33418464,WPG Jets vs EDM Oilers,WPG Jets,moneyline,24,53,WPG Jets @ -105,WPG Jets @ -105,,,2026-01-09T01:10:00Z,NHL,MONEYLINE,WPG Jets,WPG Jets @ -105
2026-01-08 20:46:48.843529+00:00,nhl,33418458,MTL Canadiens vs FLA Panthers,FLA Panthers,moneyline,55,56,FLA Panthers @ -112,FLA Panthers @ -112,,,2026-01-09T00:10:00Z,NHL,MONEYLINE,FLA Panthers,FLA Panthers @ -112
2026-01-08 20:46:48.843529+00:00,nhl,33418458,MTL Canadiens vs FLA Panthers,MTL Canadiens,moneyline,45,44,MTL Canadiens @ -108,MTL Canadiens @ -108,,,2026-01-09T00:10:00Z,NHL,MONEYLINE,MTL Canadiens,MTL Canadiens @ -108
2026-01-08 20:46:48.843529+00:00,nhl,33418461,PIT Penguins vs NJ Devils,Over 6.5,total,50,89,Over 6.5 @ +110,Over 6.5 @ +110,,,2026-01-09T00:10:00Z,NHL,TOTAL,Over,Over 6.5 @ +110
2026-01-08 20:46:48.843529+00:00,nhl,33418461,PIT Penguins vs NJ Devils,NJ Devils +1.5,splits,50,50,NJ Devils +1.5 @ -265,NJ Devils +1.5 @ -265,,,2026-01-09T00:10:00Z,NHL,SPREAD,NJ Devils,NJ Devils +1.5 @ -265
2026-01-08 20:46:48.843529+00:00,nhl,33418461,PIT Penguins vs NJ Devils,Under 6.5,total,50,11,Under 6.5 @ -130,Under 6.5 @ -130,,,2026-01-09T00:10:00Z,NHL,TOTAL,Under,Under 6.5 @ -130
2026-01-08 20:46:48.843529+00:00,nhl,33418461,PIT Penguins vs NJ Devils,NJ Devils,moneyline,32,52,NJ Devils @ -108,NJ Devils @ -108,,,2026-01-09T00:10:00Z,NHL,MONEYLINE,NJ Devils,NJ Devils @ -108
2026-01-08 20:46:48.843529+00:00,nhl,33418459,NY Rangers vs BUF Sabres,Under 6.5,total,38,27,Under 6.5 @ -135,Under 6.5 @ -135,,,2026-01-09T00:10:00Z,NHL,TOTAL,Under,Under 6.5 @ -135
2026-01-08 20:46:48.843529+00:00,nhl,33418460,PHI Flyers vs TOR Maple Leafs,PHI Flyers,moneyline,51,32,PHI Flyers @ -120,PHI Flyers @ -120,,,2026-01-09T00:10:00Z,NHL,MONEYLINE,PHI Flyers,PHI Flyers @ -120
2026-01-08 20:46:48.843529+00:00,nhl,33418461,PIT Penguins vs NJ Devils,PIT Penguins -1.5,splits,50,50,PIT Penguins -1.5 @ +215,PIT Penguins -1.5 @ +215,,,2026-01-09T00:10:00Z,NHL,SPREAD,PIT Penguins,PIT Penguins -1.5 @ +215
2026-01-08 20:46:48.843529+00:00,nhl,33418460,PHI Flyers vs TOR Maple Leafs,PHI Flyers -1.5,splits,26,58,PHI Flyers -1.5 @ +200,PHI Flyers -1.5 @ +200,,,2026-01-09T00:10:00Z,NHL,SPREAD,PHI Flyers,PHI Flyers -1.5 @ +200
2026-01-08 20:46:48.843529+00:00,nhl,33418460,PHI Flyers vs TOR Maple Leafs,TOR Maple Leafs,moneyline,49,68,TOR Maple Leafs @ +100,TOR Maple Leafs @ +100,,,2026-01-09T00:10:00Z,NHL,MONEYLINE,TOR Maple Leafs,TOR Maple Leafs @ +100
2026-01-08 20:46:48.843529+00:00,nhl,33418460,PHI Flyers vs TOR Maple Leafs,Over 6.5,total,75,81,Over 6.5 @ +114,Over 6.5 @ +114,,,2026-01-09T00:10:00Z,NHL,TOTAL,Over,Over 6.5 @ +114
2026-01-08 20:46:48.843529+00:00,nhl,33418460,PHI Flyers vs TOR Maple Leafs,Under 6.5,total,25,19,Under 6.5 @ -135,Under 6.5 @ -135,,,2026-01-09T00:10:00Z,NHL,TOTAL,Under,Under 6.5 @ -135
2026-01-08 20:46:48.843529+00:00,nhl,33418461,PIT Penguins vs NJ Devils,PIT Penguins,moneyline,68,48,PIT Penguins @ -112,PIT Penguins @ -112,,,2026-01-09T00:10:00Z,NHL,MONEYLINE,PIT Penguins,PIT Penguins @ -112
2026-01-08 20:46:48.843529+00:00,nhl,33418460,PHI Flyers vs TOR Maple Leafs,TOR Maple Leafs +1.5,splits,74,42,TOR Maple Leafs +1.5 @ -245,TOR Maple Leafs +1.5 @ -245,,,2026-01-09T00:10:00Z,NHL,SPREAD,TOR Maple Leafs,TOR Maple Leafs +1.5 @ -245
2026-01-08 20:46:48.843529+00:00,nhl,33418459,NY Rangers vs BUF Sabres,NY Rangers +1.5,splits,69,47,NY Rangers +1.5 @ -245,NY Rangers +1.5 @ -245,,,2026-01-09T00:10:00Z,NHL,SPREAD,NY Rangers,NY Rangers +1.5 @ -245
2026-01-08 20:47:41.827271+00:00,ncaab,33421035,SIU Edwardsville vs Little Rock,SIU Edwardsville,moneyline,78,59,SIU Edwardsville @ -155,SIU Edwardsville @ -155,,,2026-01-09T01:30:00Z,NCAAB,MONEYLINE,SIU Edwardsville,SIU Edwardsville @ -155
2026-01-08 20:47:41.827271+00:00,ncaab,33420776,Illinois vs Rutgers,Rutgers,moneyline,4,1,Rutgers @ +1800,Rutgers @ +1800,,,2026-01-09T01:30:00Z,NCAAB,MONEYLINE,Rutgers,Rutgers @ +1800
2026-01-08 20:47:41.827271+00:00,ncaab,33420776,Illinois vs Rutgers,Under 145.5,total,26,39,Under 145.5 @ -105,Under 145.5 @ -105,,,2026-01-09T01:30:00Z,NCAAB,TOTAL,Under,Under 145.5 @ -105
2026-01-08 20:47:41.827271+00:00,ncaab,33420776,Illinois vs Rutgers,Over 145.5,total,74,61,Over 145.5 @ -115,Over 145.5 @ -115,,,2026-01-09T01:30:00Z,NCAAB,TOTAL,Over,Over 145.5 @ -115
2026-01-08 20:47:41.827271+00:00,ncaab,33420776,Illinois vs Rutgers,Rutgers +22.5,spread,44,35,Rutgers +22.5 @ -115,Rutgers +22.5 @ -115,,,2026-01-09T01:30:00Z,NCAAB,SPREAD,Rutgers,Rutgers +22.5 @ -115
2026-01-08 20:47:41.827271+00:00,ncaab,33420776,Illinois vs Rutgers,Illinois -22.5,spread,56,65,Illinois -22.5 @ -105,Illinois -22.5 @ -105,,,2026-01-09T01:30:00Z,NCAAB,SPREAD,Illinois,Illinois -22.5 @ -105
2026-01-08 20:47:41.827271+00:00,ncaab,33421030,Northern Arizona vs Weber State,Northern Arizona,moneyline,36,42,Northern Arizona @ +110,Northern Arizona @ +110,,,2026-01-09T01:00:00Z,NCAAB,MONEYLINE,Northern Arizona,Northern Arizona @ +110
2026-01-08 20:47:41.827271+00:00,ncaab,33421030,Northern Arizona vs Weber State,Under 149.5,total,57,16,Under 149.5 @ -105,Under 149.5 @ -105,,,2026-01-09T01:00:00Z,NCAAB,TOTAL,Under,Under 149.5 @ -105
2026-01-08 20:47:41.827271+00:00,ncaab,33421030,Northern Arizona vs Weber State,Over 149.5,total,43,84,Over 149.5 @ -115,Over 149.5 @ -115,,,2026-01-09T01:00:00Z,NCAAB,TOTAL,Over,Over 149.5 @ -115
2026-01-08 20:47:41.827271+00:00,ncaab,33421030,Northern Arizona vs Weber State,Northern Arizona +1.5,spread,35,63,Northern Arizona +1.5 @ -110,Northern Arizona +1.5 @ -110,,,2026-01-09T01:00:00Z,NCAAB,SPREAD,Northern Arizona,Northern Arizona +1.5 @ -110
2026-01-08 20:47:41.827271+00:00,ncaab,33421030,Northern Arizona vs Weber State,Weber State -1.5,spread,65,37,Weber State -1.5 @ -110,Weber State -1.5 @ -110,,,2026-01-09T01:00:00Z,NCAAB,SPREAD,Weber State,Weber State -1.5 @ -110
2026-01-08 20:47:41.827271+00:00,ncaab,33421030,Northern Arizona vs Weber State,Weber State,moneyline,64,58,Weber State @ -130,Weber State @ -130,,,2026-01-09T01:00:00Z,NCAAB,MONEYLINE,Weber State,Weber State @ -130
2026-01-08 20:47:41.827271+00:00,ncaab,33421035,SIU Edwardsville vs Little Rock,Little Rock,moneyline,22,41,Little Rock @ +130,Little Rock @ +130,,,2026-01-09T01:30:00Z,NCAAB,MONEYLINE,Little Rock,Little Rock @ +130
2026-01-08 20:47:41.827271+00:00,ncaab,33421025,Omaha vs North Dakota,Under 146.5,total,34,68,Under 146.5 @ -108,Under 146.5 @ -108,,,2026-01-09T01:00:00Z,NCAAB,TOTAL,Under,Under 146.5 @ -108
2026-01-08 20:47:41.827271+00:00,ncaab,33420776,Illinois vs Rutgers,Illinois,moneyline,96,99,Illinois @ -5000,Illinois @ -5000,,,2026-01-09T01:30:00Z,NCAAB,MONEYLINE,Illinois,Illinois @ -5000
2026-01-08 20:47:41.827271+00:00,ncaab,33421035,SIU Edwardsville vs Little Rock,SIU Edwardsville -2.5,spread,83,73,SIU Edwardsville -2.5 @ -112,SIU Edwardsville -2.5 @ -112,,,2026-01-09T01:30:00Z,NCAAB,SPREAD,SIU Edwardsville,SIU Edwardsville -2.5 @ -112
2026-01-08 20:47:41.827271+00:00,ncaab,33421037,Western Illinois vs Tennessee State,Western Illinois,moneyline,3,27,Western Illinois @ +230,Western Illinois @ +230,,,2026-01-09T01:30:00Z,NCAAB,MONEYLINE,Western Illinois,Western Illinois @ +230
2026-01-08 20:47:41.827271+00:00,ncaab,33421035,SIU Edwardsville vs Little Rock,Over 133.5,total,67,41,Over 133.5 @ -108,Over 133.5 @ -108,,,2026-01-09T01:30:00Z,NCAAB,TOTAL,Over,Over 133.5 @ -108
2026-01-08 20:47:41.827271+00:00,ncaab,33421025,Omaha vs North Dakota,Over 146.5,total,66,32,Over 146.5 @ -112,Over 146.5 @ -112,,,2026-01-09T01:00:00Z,NCAAB,TOTAL,Over,Over 146.5 @ -112
2026-01-08 20:47:41.827271+00:00,ncaab,33420775,UTEP vs Middle Tennessee,Middle Tennessee,moneyline,92,91,Middle Tennessee @ -198,Middle Tennessee @ -198,,,2026-01-09T02:00:00Z,NCAAB,MONEYLINE,Middle Tennessee,Middle Tennessee @ -198
2026-01-08 20:47:41.827271+00:00,ncaab,33420775,UTEP vs Middle Tennessee,UTEP,moneyline,8,9,UTEP @ +164,UTEP @ +164,,,2026-01-09T02:00:00Z,NCAAB,MONEYLINE,UTEP,UTEP @ +164
2026-01-08 20:47:41.827271+00:00,ncaab,33421037,Western Illinois vs Tennessee State,Under 146.5,total,67,19,Under 146.5 @ -112,Under 146.5 @ -112,,,2026-01-09T01:30:00Z,NCAAB,TOTAL,Under,Under 146.5 @ -112
2026-01-08 20:47:41.827271+00:00,ncaab,33421037,Western Illinois vs Tennessee State,Over 146.5,total,33,81,Over 146.5 @ -108,Over 146.5 @ -108,,,2026-01-09T01:30:00Z,NCAAB,TOTAL,Over,Over 146.5 @ -108
2026-01-08 20:47:41.827271+00:00,ncaab,33421037,Western Illinois vs Tennessee State,Western Illinois +6.5,spread,34,42,Western Illinois +6.5 @ -110,Western Illinois +6.5 @ -110,,,2026-01-09T01:30:00Z,NCAAB,SPREAD,Western Illinois,Western Illinois +6.5 @ -110
2026-01-08 20:47:41.827271+00:00,ncaab,33421037,Western Illinois vs Tennessee State,Tennessee State -6.5,spread,66,58,Tennessee State -6.5 @ -110,Tennessee State -6.5 @ -110,,,2026-01-09T01:30:00Z,NCAAB,SPREAD,Tennessee State,Tennessee State -6.5 @ -110
2026-01-08 20:47:41.827271+00:00,ncaab,33421037,Western Illinois vs Tennessee State,Tennessee State,moneyline,97,73,Tennessee State @ -285,Tennessee State @ -285,,,2026-01-09T01:30:00Z,NCAAB,MONEYLINE,Tennessee State,Tennessee State @ -285
2026-01-08 20:47:41.827271+00:00,ncaab,33421036,Southern Indiana vs SE Missouri State,Under 144.5,total,57,72,Under 144.5 @ -110,Under 144.5 @ -110,,,2026-01-09T01:30:00Z,NCAAB,TOTAL,Under,Under 144.5 @ -110
2026-01-08 20:47:41.827271+00:00,ncaab,33421036,Southern Indiana vs SE Missouri State,Over 144.5,total,43,28,Over 144.5 @ -110,Over 144.5 @ -110,,,2026-01-09T01:30:00Z,NCAAB,TOTAL,Over,Over 144.5 @ -110
2026-01-08 20:47:41.827271+00:00,ncaab,33421036,Southern Indiana vs SE Missouri State,Southern Indiana +7.5,spread,38,23,Southern Indiana +7.5 @ -115,Southern Indiana +7.5 @ -115,,,2026-01-09T01:30:00Z,NCAAB,SPREAD,Southern Indiana,Southern Indiana +7.5 @ -115
2026-01-08 20:47:41.827271+00:00,ncaab,33421036,Southern Indiana vs SE Missouri State,SE Missouri State -7.5,spread,62,77,SE Missouri State -7.5 @ -105,SE Missouri State -7.5 @ -105,,,2026-01-09T01:30:00Z,NCAAB,SPREAD,SE Missouri State,SE Missouri State -7.5 @ -105
2026-01-08 20:47:41.827271+00:00,ncaab,33421036,Southern Indiana vs SE Missouri State,SE Missouri State,moneyline,97,90,SE Missouri State @ -310,SE Missouri State @ -310,,,2026-01-09T01:30:00Z,NCAAB,MONEYLINE,SE Missouri State,SE Missouri State @ -310
2026-01-08 20:47:41.827271+00:00,ncaab,33421036,Southern Indiana vs SE Missouri State,Southern Indiana,moneyline,3,10,Southern Indiana @ +250,Southern Indiana @ +250,,,2026-01-09T01:30:00Z,NCAAB,MONEYLINE,Southern Indiana,Southern Indiana @ +250
2026-01-08 20:47:41.827271+00:00,ncaab,33421035,SIU Edwardsville vs Little Rock,Under 133.5,total,33,59,Under 133.5 @ -112,Under 133.5 @ -112,,,2026-01-09T01:30:00Z,NCAAB,TOTAL,Under,Under 133.5 @ -112
2026-01-08 20:47:41.827271+00:00,ncaab,33421035,SIU Edwardsville vs Little Rock,Little Rock +2.5,spread,17,27,Little Rock +2.5 @ -108,Little Rock +2.5 @ -108,,,2026-01-09T01:30:00Z,NCAAB,SPREAD,Little Rock,Little Rock +2.5 @ -108
2026-01-08 20:47:41.827271+00:00,ncaab,33421025,Omaha vs North Dakota,North Dakota +5.5,spread,44,28,North Dakota +5.5 @ -105,North Dakota +5.5 @ -105,,,2026-01-09T01:00:00Z,NCAAB,SPREAD,North Dakota,North Dakota +5.5 @ -105
2026-01-08 20:47:41.827271+00:00,ncaab,33421032,Utah Valley vs Southern Utah,Under 154.5,total,67,76,Under 154.5 @ -110,Under 154.5 @ -110,,,2026-01-09T01:00:00Z,NCAAB,TOTAL,Under,Under 154.5 @ -110
2026-01-08 20:47:41.827271+00:00,ncaab,33421025,Omaha vs North Dakota,North Dakota,moneyline,42,90,North Dakota @ +205,North Dakota @ +205,,,2026-01-09T01:00:00Z,NCAAB,MONEYLINE,North Dakota,North Dakota @ +205
2026-01-08 20:47:41.827271+00:00,ncaab,33421032,Utah Valley vs Southern Utah,Over 154.5,total,33,24,Over 154.5 @ -110,Over 154.5 @ -110,,,2026-01-09T01:00:00Z,NCAAB,TOTAL,Over,Over 154.5 @ -110
2026-01-08 20:47:41.827271+00:00,ncaab,33421032,Utah Valley vs Southern Utah,Southern Utah +19.5,spread,37,16,Southern Utah +19.5 @ -118,Southern Utah +19.5 @ -118,,,2026-01-09T01:00:00Z,NCAAB,SPREAD,Southern Utah,Southern Utah +19.5 @ -118
2026-01-08 20:47:41.827271+00:00,ncaab,33421032,Utah Valley vs Southern Utah,Utah Valley -19.5,spread,63,84,Utah Valley -19.5 @ -102,Utah Valley -19.5 @ -102,,,2026-01-09T01:00:00Z,NCAAB,SPREAD,Utah Valley,Utah Valley -19.5 @ -102
2026-01-08 20:47:41.827271+00:00,ncaab,33421032,Utah Valley vs Southern Utah,Southern Utah,moneyline,3,6,Southern Utah @ +1300,Southern Utah @ +1300,,,2026-01-09T01:00:00Z,NCAAB,MONEYLINE,Southern Utah,Southern Utah @ +1300
2026-01-08 20:47:41.827271+00:00,ncaab,33421032,Utah Valley vs Southern Utah,Utah Valley,moneyline,97,94,Utah Valley @ -2800,Utah Valley @ -2800,,,2026-01-09T01:00:00Z,NCAAB,MONEYLINE,Utah Valley,Utah Valley @ -2800
2026-01-08 20:47:41.827271+00:00,ncaab,33421028,South Dakota State vs Denver,Under 162.5,total,51,38,Under 162.5 @ -110,Under 162.5 @ -110,,,2026-01-09T01:00:00Z,NCAAB,TOTAL,Under,Under 162.5 @ -110
2026-01-08 20:47:41.827271+00:00,ncaab,33421028,South Dakota State vs Denver,Over 162.5,total,49,62,Over 162.5 @ -110,Over 162.5 @ -110,,,2026-01-09T01:00:00Z,NCAAB,TOTAL,Over,Over 162.5 @ -110
2026-01-08 20:47:41.827271+00:00,ncaab,33421028,South Dakota State vs Denver,Denver +8.5,spread,55,16,Denver +8.5 @ -120,Denver +8.5 @ -120,,,2026-01-09T01:00:00Z,NCAAB,SPREAD,Denver,Denver +8.5 @ -120
2026-01-08 20:47:41.827271+00:00,ncaab,33421028,South Dakota State vs Denver,South Dakota State -8.5,spread,45,84,South Dakota State -8.5 @ +100,South Dakota State -8.5 @ +100,,,2026-01-09T01:00:00Z,NCAAB,SPREAD,South Dakota State,South Dakota State -8.5 @ +100
2026-01-08 20:47:41.827271+00:00,ncaab,33421028,South Dakota State vs Denver,Denver,moneyline,7,25,Denver @ +295,Denver @ +295,,,2026-01-09T01:00:00Z,NCAAB,MONEYLINE,Denver,Denver @ +295
2026-01-08 20:47:41.827271+00:00,ncaab,33421028,South Dakota State vs Denver,South Dakota State,moneyline,93,75,South Dakota State @ -375,South Dakota State @ -375,,,2026-01-09T01:00:00Z,NCAAB,MONEYLINE,South Dakota State,South Dakota State @ -375
2026-01-08 20:47:41.827271+00:00,ncaab,33421029,UMKC vs North Dakota State,Under 145.5,total,51,79,Under 145.5 @ -115,Under 145.5 @ -115,,,2026-01-09T01:00:00Z,NCAAB,TOTAL,Under,Under 145.5 @ -115
2026-01-08 20:47:41.827271+00:00,ncaab,33421029,UMKC vs North Dakota State,Over 145.5,total,49,21,Over 145.5 @ -105,Over 145.5 @ -105,,,2026-01-09T01:00:00Z,NCAAB,TOTAL,Over,Over 145.5 @ -105
2026-01-08 20:47:41.827271+00:00,ncaab,33421029,UMKC vs North Dakota State,UMKC +9.5,spread,32,28,UMKC +9.5 @ -112,UMKC +9.5 @ -112,,,2026-01-09T01:00:00Z,NCAAB,SPREAD,UMKC,UMKC +9.5 @ -112
2026-01-08 20:47:41.827271+00:00,ncaab,33421029,UMKC vs North Dakota State,North Dakota State -9.5,spread,68,72,North Dakota State -9.5 @ -108,North Dakota State -9.5 @ -108,,,2026-01-09T01:00:00Z,NCAAB,SPREAD,North Dakota State,North Dakota State -9.5 @ -108
2026-01-08 20:47:41.827271+00:00,ncaab,33420775,UTEP vs Middle Tennessee,Middle Tennessee -3.5,spread,79,79,Middle Tennessee -3.5 @ -115,Middle Tennessee -3.5 @ -115,,,2026-01-09T02:00:00Z,NCAAB,SPREAD,Middle Tennessee,Middle Tennessee -3.5 @ -115
2026-01-08 20:47:41.827271+00:00,ncaab,33421027,Tarleton State vs Abilene Christian,Tarleton State,moneyline,93,38,Tarleton State @ -175,Tarleton State @ -175,,,2026-01-09T01:00:00Z,NCAAB,MONEYLINE,Tarleton State,Tarleton State @ -175
2026-01-08 20:47:41.827271+00:00,ncaab,33421027,Tarleton State vs Abilene Christian,Abilene Christian,moneyline,7,62,Abilene Christian @ +145,Abilene Christian @ +145,,,2026-01-09T01:00:00Z,NCAAB,MONEYLINE,Abilene Christian,Abilene Christian @ +145
2026-01-08 20:47:41.827271+00:00,ncaab,33421027,Tarleton State vs Abilene Christian,Tarleton State -3.5,spread,78,65,Tarleton State -3.5 @ -110,Tarleton State -3.5 @ -110,,,2026-01-09T01:00:00Z,NCAAB,SPREAD,Tarleton State,Tarleton State -3.5 @ -110
2026-01-08 20:47:41.827271+00:00,ncaab,33421025,Omaha vs North Dakota,Omaha,moneyline,58,10,Omaha @ -250,Omaha @ -250,,,2026-01-09T01:00:00Z,NCAAB,MONEYLINE,Omaha,Omaha @ -250
2026-01-08 20:47:41.827271+00:00,ncaab,33420774,Southern Miss vs Texas State,Under 145.5,total,49,92,Under 145.5 @ -105,Under 145.5 @ -105,,,2026-01-09T01:00:00Z,NCAAB,TOTAL,Under,Under 145.5 @ -105
2026-01-08 20:47:41.827271+00:00,ncaab,33420774,Southern Miss vs Texas State,Over 145.5,total,51,8,Over 145.5 @ -115,Over 145.5 @ -115,,,2026-01-09T01:00:00Z,NCAAB,TOTAL,Over,Over 145.5 @ -115
2026-01-08 20:47:41.827271+00:00,ncaab,33420774,Southern Miss vs Texas State,Texas State +3.5,spread,37,31,Texas State +3.5 @ -115,Texas State +3.5 @ -115,,,2026-01-09T01:00:00Z,NCAAB,SPREAD,Texas State,Texas State +3.5 @ -115
2026-01-08 20:47:41.827271+00:00,ncaab,33420774,Southern Miss vs Texas State,Southern Miss -3.5,spread,63,69,Southern Miss -3.5 @ -105,Southern Miss -3.5 @ -105,,,2026-01-09T01:00:00Z,NCAAB,SPREAD,Southern Miss,Southern Miss -3.5 @ -105
2026-01-08 20:47:41.827271+00:00,ncaab,33420774,Southern Miss vs Texas State,Texas State,moneyline,13,14,Texas State @ +145,Texas State @ +145,,,2026-01-09T01:00:00Z,NCAAB,MONEYLINE,Texas State,Texas State @ +145
2026-01-08 20:47:41.827271+00:00,ncaab,33420774,Southern Miss vs Texas State,Southern Miss,moneyline,87,86,Southern Miss @ -175,Southern Miss @ -175,,,2026-01-09T01:00:00Z,NCAAB,MONEYLINE,Southern Miss,Southern Miss @ -175
2026-01-08 20:47:41.827271+00:00,ncaab,33421025,Omaha vs North Dakota,Omaha -5.5,spread,56,72,Omaha -5.5 @ -115,Omaha -5.5 @ -115,,,2026-01-09T01:00:00Z,NCAAB,SPREAD,Omaha,Omaha -5.5 @ -115
2026-01-08 20:47:41.827271+00:00,ncaab,33421031,Northern Colorado vs Idaho State,Under 155.5,total,47,19,Under 155.5 @ -110,Under 155.5 @ -110,,,2026-01-09T01:00:00Z,NCAAB,TOTAL,Under,Under 155.5 @ -110
2026-01-08 20:47:41.827271+00:00,ncaab,33421031,Northern Colorado vs Idaho State,Idaho State +4.5,spread,35,34,Idaho State +4.5 @ -112,Idaho State +4.5 @ -112,,,2026-01-09T01:00:00Z,NCAAB,SPREAD,Idaho State,Idaho State +4.5 @ -112
2026-01-08 20:47:41.827271+00:00,ncaab,33421031,Northern Colorado vs Idaho State,Northern Colorado -4.5,spread,65,66,Northern Colorado -4.5 @ -108,Northern Colorado -4.5 @ -108,,,2026-01-09T01:00:00Z,NCAAB,SPREAD,Northern Colorado,Northern Colorado -4.5 @ -108
2026-01-08 20:47:41.827271+00:00,ncaab,33421031,Northern Colorado vs Idaho State,Idaho State,moneyline,13,45,Idaho State @ +160,Idaho State @ +160,,,2026-01-09T01:00:00Z,NCAAB,MONEYLINE,Idaho State,Idaho State @ +160
2026-01-08 20:47:41.827271+00:00,ncaab,33421031,Northern Colorado vs Idaho State,Northern Colorado,moneyline,87,55,Northern Colorado @ -192,Northern Colorado @ -192,,,2026-01-09T01:00:00Z,NCAAB,MONEYLINE,Northern Colorado,Northern Colorado @ -192
2026-01-08 20:47:41.827271+00:00,ncaab,33421027,Tarleton State vs Abilene Christian,Under 139.5,total,32,21,Under 139.5 @ -108,Under 139.5 @ -108,,,2026-01-09T01:00:00Z,NCAAB,TOTAL,Under,Under 139.5 @ -108
2026-01-08 20:47:41.827271+00:00,ncaab,33421027,Tarleton State vs Abilene Christian,Over 139.5,total,68,79,Over 139.5 @ -112,Over 139.5 @ -112,,,2026-01-09T01:00:00Z,NCAAB,TOTAL,Over,Over 139.5 @ -112
2026-01-08 20:47:41.827271+00:00,ncaab,33421027,Tarleton State vs Abilene Christian,Abilene Christian +3.5,spread,22,35,Abilene Christian +3.5 @ -110,Abilene Christian +3.5 @ -110,,,2026-01-09T01:00:00Z,NCAAB,SPREAD,Abilene Christian,Abilene Christian +3.5 @ -110
2026-01-08 20:47:41.827271+00:00,ncaab,33421031,Northern Colorado vs Idaho State,Over 155.5,total,53,81,Over 155.5 @ -110,Over 155.5 @ -110,,,2026-01-09T01:00:00Z,NCAAB,TOTAL,Over,Over 155.5 @ -110
2026-01-08 20:47:41.827271+00:00,ncaab,33420775,UTEP vs Middle Tennessee,UTEP +3.5,spread,21,21,UTEP +3.5 @ -105,UTEP +3.5 @ -105,,,2026-01-09T02:00:00Z,NCAAB,SPREAD,UTEP,UTEP +3.5 @ -105
2026-01-08 20:47:41.827271+00:00,ncaab,33421052,San Diego vs Pepperdine,Pepperdine,moneyline,11,8,Pepperdine @ +164,Pepperdine @ +164,,,2026-01-09T02:30:00Z,NCAAB,MONEYLINE,Pepperdine,Pepperdine @ +164
2026-01-08 20:47:41.827271+00:00,ncaab,33420775,UTEP vs Middle Tennessee,Under 134.5,total,26,39,Under 134.5 @ -110,Under 134.5 @ -110,,,2026-01-09T02:00:00Z,NCAAB,TOTAL,Under,Under 134.5 @ -110
2026-01-08 20:47:41.827271+00:00,ncaab,33421016,Portland vs Pacific,Under 144.5,total,34,4,Under 144.5 @ -108,Under 144.5 @ -108,,,2026-01-09T03:00:00Z,NCAAB,TOTAL,Under,Under 144.5 @ -108
2026-01-08 20:47:41.827271+00:00,ncaab,33421016,Portland vs Pacific,Over 144.5,total,66,96,Over 144.5 @ -112,Over 144.5 @ -112,,,2026-01-09T03:00:00Z,NCAAB,TOTAL,Over,Over 144.5 @ -112
2026-01-08 20:47:41.827271+00:00,ncaab,33421016,Portland vs Pacific,Portland +2.5,spread,29,24,Portland +2.5 @ -105,Portland +2.5 @ -105,,,2026-01-09T03:00:00Z,NCAAB,SPREAD,Portland,Portland +2.5 @ -105
2026-01-08 20:47:41.827271+00:00,ncaab,33421016,Portland vs Pacific,Pacific -2.5,spread,71,76,Pacific -2.5 @ -115,Pacific -2.5 @ -115,,,2026-01-09T03:00:00Z,NCAAB,SPREAD,Pacific,Pacific -2.5 @ -115
2026-01-08 20:47:41.827271+00:00,ncaab,33421016,Portland vs Pacific,Pacific,moneyline,81,80,Pacific @ -155,Pacific @ -155,,,2026-01-09T03:00:00Z,NCAAB,MONEYLINE,Pacific,Pacific @ -155
2026-01-08 20:47:41.827271+00:00,ncaab,33421016,Portland vs Pacific,Portland,moneyline,19,20,Portland @ +130,Portland @ +130,,,2026-01-09T03:00:00Z,NCAAB,MONEYLINE,Portland,Portland @ +130
2026-01-08 20:47:41.827271+00:00,ncaab,33421051,California Baptist vs Utah Tech,Under 144.5,total,56,92,Under 144.5 @ -115,Under 144.5 @ -115,,,2026-01-09T03:00:00Z,NCAAB,TOTAL,Under,Under 144.5 @ -115
2026-01-08 20:47:41.827271+00:00,ncaab,33421051,California Baptist vs Utah Tech,Over 144.5,total,44,8,Over 144.5 @ -105,Over 144.5 @ -105,,,2026-01-09T03:00:00Z,NCAAB,TOTAL,Over,Over 144.5 @ -105
2026-01-08 20:47:41.827271+00:00,ncaab,33421051,California Baptist vs Utah Tech,Utah Tech +8.5,spread,50,21,Utah Tech +8.5 @ -112,Utah Tech +8.5 @ -112,,,2026-01-09T03:00:00Z,NCAAB,SPREAD,Utah Tech,Utah Tech +8.5 @ -112
2026-01-08 20:47:41.827271+00:00,ncaab,33421051,California Baptist vs Utah Tech,California Baptist -8.5,spread,50,79,California Baptist -8.5 @ -108,California Baptist -8.5 @ -108,,,2026-01-09T03:00:00Z,NCAAB,SPREAD,California Baptist,California Baptist -8.5 @ -108
2026-01-08 20:47:41.827271+00:00,ncaab,33421051,California Baptist vs Utah Tech,Utah Tech,moneyline,5,44,Utah Tech @ +330,Utah Tech @ +330,,,2026-01-09T03:00:00Z,NCAAB,MONEYLINE,Utah Tech,Utah Tech @ +330
2026-01-08 20:47:41.827271+00:00,ncaab,33421051,California Baptist vs Utah Tech,California Baptist,moneyline,95,56,California Baptist @ -425,California Baptist @ -425,,,2026-01-09T03:00:00Z,NCAAB,MONEYLINE,California Baptist,California Baptist @ -425
2026-01-08 20:47:41.827271+00:00,ncaab,33420777,Oregon State vs Seattle,Under 138.5,total,18,95,Under 138.5 @ -105,Under 138.5 @ -105,,,2026-01-09T03:00:00Z,NCAAB,TOTAL,Under,Under 138.5 @ -105
2026-01-08 20:47:41.827271+00:00,ncaab,33420777,Oregon State vs Seattle,Over 138.5,total,82,5,Over 138.5 @ -115,Over 138.5 @ -115,,,2026-01-09T03:00:00Z,NCAAB,TOTAL,Over,Over 138.5 @ -115
2026-01-08 20:47:41.827271+00:00,ncaab,33420777,Oregon State vs Seattle,Oregon State +4.5,spread,38,46,Oregon State +4.5 @ -115,Oregon State +4.5 @ -115,,,2026-01-09T03:00:00Z,NCAAB,SPREAD,Oregon State,Oregon State +4.5 @ -115
2026-01-08 20:47:41.827271+00:00,ncaab,33421018,Oregon vs Ohio State,Oregon,moneyline,46,53,Oregon @ -142,Oregon @ -142,,,2026-01-09T03:30:00Z,NCAAB,MONEYLINE,Oregon,Oregon @ -142
2026-01-08 20:47:41.827271+00:00,ncaab,33420777,Oregon State vs Seattle,Seattle -4.5,spread,62,54,Seattle -4.5 @ -105,Seattle -4.5 @ -105,,,2026-01-09T03:00:00Z,NCAAB,SPREAD,Seattle,Seattle -4.5 @ -105
2026-01-08 20:47:41.827271+00:00,ncaab,33421018,Oregon vs Ohio State,Ohio State,moneyline,54,47,Ohio State @ +120,Ohio State @ +120,,,2026-01-09T03:30:00Z,NCAAB,MONEYLINE,Ohio State,Ohio State @ +120
2026-01-08 20:47:41.827271+00:00,ncaab,33421018,Oregon vs Ohio State,Ohio State +2.5,spread,60,79,Ohio State +2.5 @ -122,Ohio State +2.5 @ -122,,,2026-01-09T03:30:00Z,NCAAB,SPREAD,Ohio State,Ohio State +2.5 @ -122
2026-01-08 20:47:41.827271+00:00,ncaab,33421029,UMKC vs North Dakota State,North Dakota State,moneyline,96,72,North Dakota State @ -500,North Dakota State @ -500,,,2026-01-09T01:00:00Z,NCAAB,MONEYLINE,North Dakota State,North Dakota State @ -500
2026-01-08 20:47:41.827271+00:00,ncaab,33421019,Gonzaga vs Santa Clara,Under 166.5,total,52,30,Under 166.5 @ -112,Under 166.5 @ -112,,,2026-01-09T04:30:00Z,NCAAB,TOTAL,Under,Under 166.5 @ -112
2026-01-08 20:47:41.827271+00:00,ncaab,33421019,Gonzaga vs Santa Clara,Over 166.5,total,48,70,Over 166.5 @ -108,Over 166.5 @ -108,,,2026-01-09T04:30:00Z,NCAAB,TOTAL,Over,Over 166.5 @ -108
2026-01-08 20:47:41.827271+00:00,ncaab,33421019,Gonzaga vs Santa Clara,Santa Clara +16.5,spread,36,44,Santa Clara +16.5 @ -112,Santa Clara +16.5 @ -112,,,2026-01-09T04:30:00Z,NCAAB,SPREAD,Santa Clara,Santa Clara +16.5 @ -112
2026-01-08 20:47:41.827271+00:00,ncaab,33421019,Gonzaga vs Santa Clara,Gonzaga -16.5,spread,64,56,Gonzaga -16.5 @ -108,Gonzaga -16.5 @ -108,,,2026-01-09T04:30:00Z,NCAAB,SPREAD,Gonzaga,Gonzaga -16.5 @ -108
2026-01-08 20:47:41.827271+00:00,ncaab,33421019,Gonzaga vs Santa Clara,Santa Clara,moneyline,4,7,Santa Clara @ +950,Santa Clara @ +950,,,2026-01-09T04:30:00Z,NCAAB,MONEYLINE,Santa Clara,Santa Clara @ +950
2026-01-08 20:47:41.827271+00:00,ncaab,33421019,Gonzaga vs Santa Clara,Gonzaga,moneyline,96,93,Gonzaga @ -1650,Gonzaga @ -1650,,,2026-01-09T04:30:00Z,NCAAB,MONEYLINE,Gonzaga,Gonzaga @ -1650
2026-01-08 20:47:41.827271+00:00,ncaab,33421014,Loyola Marymount vs San Francisco,Under 139.5,total,27,52,Under 139.5 @ -108,Under 139.5 @ -108,,,2026-01-09T04:00:00Z,NCAAB,TOTAL,Under,Under 139.5 @ -108
2026-01-08 20:47:41.827271+00:00,ncaab,33421014,Loyola Marymount vs San Francisco,Over 139.5,total,73,48,Over 139.5 @ -112,Over 139.5 @ -112,,,2026-01-09T04:00:00Z,NCAAB,TOTAL,Over,Over 139.5 @ -112
2026-01-08 20:47:41.827271+00:00,ncaab,33421014,Loyola Marymount vs San Francisco,San Francisco +1.5,spread,55,43,San Francisco +1.5 @ -122,San Francisco +1.5 @ -122,,,2026-01-09T04:00:00Z,NCAAB,SPREAD,San Francisco,San Francisco +1.5 @ -122
2026-01-08 20:47:41.827271+00:00,ncaab,33421014,Loyola Marymount vs San Francisco,Loyola Marymount -1.5,spread,45,57,Loyola Marymount -1.5 @ +102,Loyola Marymount -1.5 @ +102,,,2026-01-09T04:00:00Z,NCAAB,SPREAD,Loyola Marymount,Loyola Marymount -1.5 @ +102
2026-01-08 20:47:41.827271+00:00,ncaab,33421014,Loyola Marymount vs San Francisco,San Francisco,moneyline,53,35,San Francisco @ -102,San Francisco @ -102,,,2026-01-09T04:00:00Z,NCAAB,MONEYLINE,San Francisco,San Francisco @ -102
2026-01-08 20:47:41.827271+00:00,ncaab,33421014,Loyola Marymount vs San Francisco,Loyola Marymount,moneyline,47,65,Loyola Marymount @ -118,Loyola Marymount @ -118,,,2026-01-09T04:00:00Z,NCAAB,MONEYLINE,Loyola Marymount,Loyola Marymount @ -118
2026-01-08 20:47:41.827271+00:00,ncaab,33421018,Oregon vs Ohio State,Under 152.5,total,30,24,Under 152.5 @ -112,Under 152.5 @ -112,,,2026-01-09T03:30:00Z,NCAAB,TOTAL,Under,Under 152.5 @ -112
2026-01-08 20:47:41.827271+00:00,ncaab,33421018,Oregon vs Ohio State,Over 152.5,total,70,76,Over 152.5 @ -108,Over 152.5 @ -108,,,2026-01-09T03:30:00Z,NCAAB,TOTAL,Over,Over 152.5 @ -108
2026-01-08 20:47:41.827271+00:00,ncaab,33421018,Oregon vs Ohio State,Oregon -2.5,spread,40,21,Oregon -2.5 @ +102,Oregon -2.5 @ +102,,,2026-01-09T03:30:00Z,NCAAB,SPREAD,Oregon,Oregon -2.5 @ +102
2026-01-08 20:47:41.827271+00:00,ncaab,33420775,UTEP vs Middle Tennessee,Over 134.5,total,74,61,Over 134.5 @ -110,Over 134.5 @ -110,,,2026-01-09T02:00:00Z,NCAAB,TOTAL,Over,Over 134.5 @ -110
2026-01-08 20:47:41.827271+00:00,ncaab,33420777,Oregon State vs Seattle,Seattle,moneyline,87,78,Seattle @ -198,Seattle @ -198,,,2026-01-09T03:00:00Z,NCAAB,MONEYLINE,Seattle,Seattle @ -198
2026-01-08 20:47:41.827271+00:00,ncaab,33421053,UC San Diego vs Cal State Fullerton,Under 166.5,total,65,70,Under 166.5 @ -108,Under 166.5 @ -108,,,2026-01-09T03:00:00Z,NCAAB,TOTAL,Under,Under 166.5 @ -108
2026-01-08 20:47:41.827271+00:00,ncaab,33421042,UC Santa Barbara vs UC Davis,UC Santa Barbara -4.5,spread,64,59,UC Santa Barbara -4.5 @ -112,UC Santa Barbara -4.5 @ -112,,,2026-01-09T02:00:00Z,NCAAB,SPREAD,UC Santa Barbara,UC Santa Barbara -4.5 @ -112
2026-01-08 20:47:41.827271+00:00,ncaab,33421042,UC Santa Barbara vs UC Davis,UC Davis,moneyline,17,5,UC Davis @ +164,UC Davis @ +164,,,2026-01-09T02:00:00Z,NCAAB,MONEYLINE,UC Davis,UC Davis @ +164
2026-01-08 20:47:41.827271+00:00,ncaab,33421042,UC Santa Barbara vs UC Davis,UC Santa Barbara,moneyline,83,95,UC Santa Barbara @ -198,UC Santa Barbara @ -198,,,2026-01-09T02:00:00Z,NCAAB,MONEYLINE,UC Santa Barbara,UC Santa Barbara @ -198
2026-01-08 20:47:41.827271+00:00,ncaab,33420778,New Mexico State vs Western Kentucky,Under 155.5,total,66,58,Under 155.5 @ -112,Under 155.5 @ -112,,,2026-01-09T02:00:00Z,NCAAB,TOTAL,Under,Under 155.5 @ -112
2026-01-08 20:47:41.827271+00:00,ncaab,33420778,New Mexico State vs Western Kentucky,Over 155.5,total,34,42,Over 155.5 @ -108,Over 155.5 @ -108,,,2026-01-09T02:00:00Z,NCAAB,TOTAL,Over,Over 155.5 @ -108
2026-01-08 20:47:41.827271+00:00,ncaab,33420778,New Mexico State vs Western Kentucky,Western Kentucky +2.5,spread,42,33,Western Kentucky +2.5 @ +100,Western Kentucky +2.5 @ +100,,,2026-01-09T02:00:00Z,NCAAB,SPREAD,Western Kentucky,Western Kentucky +2.5 @ +100
2026-01-08 20:47:41.827271+00:00,ncaab,33420778,New Mexico State vs Western Kentucky,New Mexico State -2.5,spread,58,67,New Mexico State -2.5 @ -120,New Mexico State -2.5 @ -120,,,2026-01-09T02:00:00Z,NCAAB,SPREAD,New Mexico State,New Mexico State -2.5 @ -120
2026-01-08 20:47:41.827271+00:00,ncaab,33420778,New Mexico State vs Western Kentucky,Western Kentucky,moneyline,38,27,Western Kentucky @ +136,Western Kentucky @ +136,,,2026-01-09T02:00:00Z,NCAAB,MONEYLINE,Western Kentucky,Western Kentucky @ +136
2026-01-08 20:47:41.827271+00:00,ncaab,33420778,New Mexico State vs Western Kentucky,New Mexico State,moneyline,62,73,New Mexico State @ -162,New Mexico State @ -162,,,2026-01-09T02:00:00Z,NCAAB,MONEYLINE,New Mexico State,New Mexico State @ -162
2026-01-08 20:47:41.827271+00:00,ncaab,33421041,Eastern Washington vs Montana State,Under 155.5,total,48,18,Under 155.5 @ -112,Under 155.5 @ -112,,,2026-01-09T02:00:00Z,NCAAB,TOTAL,Under,Under 155.5 @ -112
2026-01-08 20:47:41.827271+00:00,ncaab,33421041,Eastern Washington vs Montana State,Over 155.5,total,52,82,Over 155.5 @ -108,Over 155.5 @ -108,,,2026-01-09T02:00:00Z,NCAAB,TOTAL,Over,Over 155.5 @ -108
2026-01-08 20:47:41.827271+00:00,ncaab,33421041,Eastern Washington vs Montana State,Eastern Washington +2.5,spread,22,46,Eastern Washington +2.5 @ -115,Eastern Washington +2.5 @ -115,,,2026-01-09T02:00:00Z,NCAAB,SPREAD,Eastern Washington,Eastern Washington +2.5 @ -115
2026-01-08 20:47:41.827271+00:00,ncaab,33421041,Eastern Washington vs Montana State,Montana State -2.5,spread,78,54,Montana State -2.5 @ -105,Montana State -2.5 @ -105,,,2026-01-09T02:00:00Z,NCAAB,SPREAD,Montana State,Montana State -2.5 @ -105
2026-01-08 20:47:41.827271+00:00,ncaab,33421041,Eastern Washington vs Montana State,Montana State,moneyline,84,90,Montana State @ -142,Montana State @ -142,,,2026-01-09T02:00:00Z,NCAAB,MONEYLINE,Montana State,Montana State @ -142
2026-01-08 20:47:41.827271+00:00,ncaab,33421041,Eastern Washington vs Montana State,Eastern Washington,moneyline,16,10,Eastern Washington @ +120,Eastern Washington @ +120,,,2026-01-09T02:00:00Z,NCAAB,MONEYLINE,Eastern Washington,Eastern Washington @ +120
2026-01-08 20:47:41.827271+00:00,ncaab,33421042,UC Santa Barbara vs UC Davis,UC Davis +4.5,spread,36,41,UC Davis +4.5 @ -108,UC Davis +4.5 @ -108,,,2026-01-09T02:00:00Z,NCAAB,SPREAD,UC Davis,UC Davis +4.5 @ -108
2026-01-08 20:47:41.827271+00:00,ncaab,33420777,Oregon State vs Seattle,Oregon State,moneyline,13,22,Oregon State @ +164,Oregon State @ +164,,,2026-01-09T03:00:00Z,NCAAB,MONEYLINE,Oregon State,Oregon State @ +164
2026-01-08 20:47:41.827271+00:00,ncaab,33421042,UC Santa Barbara vs UC Davis,Over 147.5,total,61,65,Over 147.5 @ -115,Over 147.5 @ -115,,,2026-01-09T02:00:00Z,NCAAB,TOTAL,Over,Over 147.5 @ -115
2026-01-08 20:47:41.827271+00:00,ncaab,33421052,San Diego vs Pepperdine,San Diego,moneyline,89,92,San Diego @ -198,San Diego @ -198,,,2026-01-09T02:30:00Z,NCAAB,MONEYLINE,San Diego,San Diego @ -198
2026-01-08 20:47:41.827271+00:00,ncaab,33421053,UC San Diego vs Cal State Fullerton,Over 166.5,total,35,30,Over 166.5 @ -112,Over 166.5 @ -112,,,2026-01-09T03:00:00Z,NCAAB,TOTAL,Over,Over 166.5 @ -112
2026-01-08 20:47:41.827271+00:00,ncaab,33421053,UC San Diego vs Cal State Fullerton,Cal State Fullerton +13.5,spread,31,53,Cal State Fullerton +13.5 @ -115,Cal State Fullerton +13.5 @ -115,,,2026-01-09T03:00:00Z,NCAAB,SPREAD,Cal State Fullerton,Cal State Fullerton +13.5 @ -115
2026-01-08 20:47:41.827271+00:00,ncaab,33421053,UC San Diego vs Cal State Fullerton,UC San Diego -13.5,spread,69,47,UC San Diego -13.5 @ -105,UC San Diego -13.5 @ -105,,,2026-01-09T03:00:00Z,NCAAB,SPREAD,UC San Diego,UC San Diego -13.5 @ -105
2026-01-08 20:47:41.827271+00:00,ncaab,33421053,UC San Diego vs Cal State Fullerton,Cal State Fullerton,moneyline,2,6,Cal State Fullerton @ +675,Cal State Fullerton @ +675,,,2026-01-09T03:00:00Z,NCAAB,MONEYLINE,Cal State Fullerton,Cal State Fullerton @ +675
2026-01-08 20:47:41.827271+00:00,ncaab,33421053,UC San Diego vs Cal State Fullerton,UC San Diego,moneyline,98,94,UC San Diego @ -1050,UC San Diego @ -1050,,,2026-01-09T03:00:00Z,NCAAB,MONEYLINE,UC San Diego,UC San Diego @ -1050
2026-01-08 20:47:41.827271+00:00,ncaab,33421015,UC Irvine vs Long Beach State,Under 142.5,total,15,63,Under 142.5 @ -112,Under 142.5 @ -112,,,2026-01-09T03:00:00Z,NCAAB,TOTAL,Under,Under 142.5 @ -112
2026-01-08 20:47:41.827271+00:00,ncaab,33421015,UC Irvine vs Long Beach State,Over 142.5,total,85,37,Over 142.5 @ -108,Over 142.5 @ -108,,,2026-01-09T03:00:00Z,NCAAB,TOTAL,Over,Over 142.5 @ -108
2026-01-08 20:47:41.827271+00:00,ncaab,33421015,UC Irvine vs Long Beach State,Long Beach State +9.5,spread,35,59,Long Beach State +9.5 @ -108,Long Beach State +9.5 @ -108,,,2026-01-09T03:00:00Z,NCAAB,SPREAD,Long Beach State,Long Beach State +9.5 @ -108
2026-01-08 20:47:41.827271+00:00,ncaab,33421015,UC Irvine vs Long Beach State,UC Irvine -9.5,spread,65,41,UC Irvine -9.5 @ -112,UC Irvine -9.5 @ -112,,,2026-01-09T03:00:00Z,NCAAB,SPREAD,UC Irvine,UC Irvine -9.5 @ -112
2026-01-08 20:47:41.827271+00:00,ncaab,33421015,UC Irvine vs Long Beach State,Long Beach State,moneyline,1,7,Long Beach State @ +400,Long Beach State @ +400,,,2026-01-09T03:00:00Z,NCAAB,MONEYLINE,Long Beach State,Long Beach State @ +400
2026-01-08 20:47:41.827271+00:00,ncaab,33421015,UC Irvine vs Long Beach State,UC Irvine,moneyline,99,93,UC Irvine @ -535,UC Irvine @ -535,,,2026-01-09T03:00:00Z,NCAAB,MONEYLINE,UC Irvine,UC Irvine @ -535
2026-01-08 20:47:41.827271+00:00,ncaab,33421052,San Diego vs Pepperdine,Under 147.5,total,53,70,Under 147.5 @ -110,Under 147.5 @ -110,,,2026-01-09T02:30:00Z,NCAAB,TOTAL,Under,Under 147.5 @ -110
2026-01-08 20:47:41.827271+00:00,ncaab,33421052,San Diego vs Pepperdine,Over 147.5,total,47,30,Over 147.5 @ -110,Over 147.5 @ -110,,,2026-01-09T02:30:00Z,NCAAB,TOTAL,Over,Over 147.5 @ -110
2026-01-08 20:47:41.827271+00:00,ncaab,33421052,San Diego vs Pepperdine,Pepperdine +4.5,spread,25,24,Pepperdine +4.5 @ -112,Pepperdine +4.5 @ -112,,,2026-01-09T02:30:00Z,NCAAB,SPREAD,Pepperdine,Pepperdine +4.5 @ -112
2026-01-08 20:47:41.827271+00:00,ncaab,33421052,San Diego vs Pepperdine,San Diego -4.5,spread,75,76,San Diego -4.5 @ -108,San Diego -4.5 @ -108,,,2026-01-09T02:30:00Z,NCAAB,SPREAD,San Diego,San Diego -4.5 @ -108
2026-01-08 20:47:41.827271+00:00,ncaab,33421042,UC Santa Barbara vs UC Davis,Under 147.5,total,39,35,Under 147.5 @ -105,Under 147.5 @ -105,,,2026-01-09T02:00:00Z,NCAAB,TOTAL,Under,Under 147.5 @ -105
2026-01-08 20:47:41.827271+00:00,ncaab,33421029,UMKC vs North Dakota State,UMKC,moneyline,4,28,UMKC @ +380,UMKC @ +380,,,2026-01-09T01:00:00Z,NCAAB,MONEYLINE,UMKC,UMKC @ +380
2026-01-08 20:47:41.827271+00:00,ncaab,33421022,Drexel vs Stony Brook,Under 131.5,total,38,59,Under 131.5 @ -108,Under 131.5 @ -108,,,2026-01-09T00:00:00Z,NCAAB,TOTAL,Under,Under 131.5 @ -108
2026-01-08 20:47:41.827271+00:00,ncaab,33420771,Morehead State vs UT Martin,Over 138.5,total,70,59,Over 138.5 @ -108,Over 138.5 @ -108,,,2026-01-09T00:30:00Z,NCAAB,TOTAL,Over,Over 138.5 @ -108
2026-01-08 20:47:41.827271+00:00,ncaab,33421021,Campbell vs Hampton,Over 146.5,total,39,28,Over 146.5 @ -112,Over 146.5 @ -112,,,2026-01-09T00:00:00Z,NCAAB,TOTAL,Over,Over 146.5 @ -112
2026-01-08 20:47:41.827271+00:00,ncaab,33421021,Campbell vs Hampton,Hampton +7.5,spread,56,57,Hampton +7.5 @ -115,Hampton +7.5 @ -115,,,2026-01-09T00:00:00Z,NCAAB,SPREAD,Hampton,Hampton +7.5 @ -115
2026-01-08 20:47:41.827271+00:00,ncaab,33421021,Campbell vs Hampton,Campbell -7.5,spread,44,43,Campbell -7.5 @ -105,Campbell -7.5 @ -105,,,2026-01-09T00:00:00Z,NCAAB,SPREAD,Campbell,Campbell -7.5 @ -105
2026-01-08 20:47:41.827271+00:00,ncaab,33421021,Campbell vs Hampton,Hampton,moneyline,7,21,Hampton @ +270,Hampton @ +270,,,2026-01-09T00:00:00Z,NCAAB,MONEYLINE,Hampton,Hampton @ +270
2026-01-08 20:47:41.827271+00:00,ncaab,33421021,Campbell vs Hampton,Campbell,moneyline,93,79,Campbell @ -340,Campbell @ -340,,,2026-01-09T00:00:00Z,NCAAB,MONEYLINE,Campbell,Campbell @ -340
2026-01-08 20:47:41.827271+00:00,ncaab,33421020,Coastal Carolina vs Old Dominion,Under 148.5,total,61,60,Under 148.5 @ -105,Under 148.5 @ -105,,,2026-01-09T00:00:00Z,NCAAB,TOTAL,Under,Under 148.5 @ -105
2026-01-08 20:47:41.827271+00:00,ncaab,33421020,Coastal Carolina vs Old Dominion,Over 148.5,total,39,40,Over 148.5 @ -115,Over 148.5 @ -115,,,2026-01-09T00:00:00Z,NCAAB,TOTAL,Over,Over 148.5 @ -115
2026-01-08 20:47:41.827271+00:00,ncaab,33421020,Coastal Carolina vs Old Dominion,Old Dominion +4.5,spread,40,48,Old Dominion +4.5 @ -115,Old Dominion +4.5 @ -115,,,2026-01-09T00:00:00Z,NCAAB,SPREAD,Old Dominion,Old Dominion +4.5 @ -115
2026-01-08 20:47:41.827271+00:00,ncaab,33421020,Coastal Carolina vs Old Dominion,Coastal Carolina -4.5,spread,60,52,Coastal Carolina -4.5 @ -105,Coastal Carolina -4.5 @ -105,,,2026-01-09T00:00:00Z,NCAAB,SPREAD,Coastal Carolina,Coastal Carolina -4.5 @ -105
2026-01-08 20:47:41.827271+00:00,ncaab,33421020,Coastal Carolina vs Old Dominion,Old Dominion,moneyline,14,17,Old Dominion @ +160,Old Dominion @ +160,,,2026-01-09T00:00:00Z,NCAAB,MONEYLINE,Old Dominion,Old Dominion @ +160
2026-01-08 20:47:41.827271+00:00,ncaab,33421020,Coastal Carolina vs Old Dominion,Coastal Carolina,moneyline,86,83,Coastal Carolina @ -192,Coastal Carolina @ -192,,,2026-01-09T00:00:00Z,NCAAB,MONEYLINE,Coastal Carolina,Coastal Carolina @ -192
2026-01-08 20:47:41.827271+00:00,ncaab,33421026,Monmouth vs William & Mary,Under 155.5,total,65,70,Under 155.5 @ -110,Under 155.5 @ -110,,,2026-01-09T00:00:00Z,NCAAB,TOTAL,Under,Under 155.5 @ -110
2026-01-08 20:47:41.827271+00:00,ncaab,33421026,Monmouth vs William & Mary,Over 155.5,total,35,30,Over 155.5 @ -110,Over 155.5 @ -110,,,2026-01-09T00:00:00Z,NCAAB,TOTAL,Over,Over 155.5 @ -110
2026-01-08 20:47:41.827271+00:00,ncaab,33421026,Monmouth vs William & Mary,Monmouth +2.5,spread,29,21,Monmouth +2.5 @ -110,Monmouth +2.5 @ -110,,,2026-01-09T00:00:00Z,NCAAB,SPREAD,Monmouth,Monmouth +2.5 @ -110
2026-01-08 20:47:41.827271+00:00,ncaab,33421026,Monmouth vs William & Mary,William & Mary -2.5,spread,71,79,William & Mary -2.5 @ -110,William & Mary -2.5 @ -110,,,2026-01-09T00:00:00Z,NCAAB,SPREAD,William & Mary,William & Mary -2.5 @ -110
2026-01-08 20:47:41.827271+00:00,ncaab,33421021,Campbell vs Hampton,Under 146.5,total,61,72,Under 146.5 @ -108,Under 146.5 @ -108,,,2026-01-09T00:00:00Z,NCAAB,TOTAL,Under,Under 146.5 @ -108
2026-01-08 20:47:41.827271+00:00,ncaab,33421026,Monmouth vs William & Mary,William & Mary,moneyline,81,91,William & Mary @ -162,William & Mary @ -162,,,2026-01-09T00:00:00Z,NCAAB,MONEYLINE,William & Mary,William & Mary @ -162
2026-01-08 20:47:41.827271+00:00,ncaab,33421023,North Carolina A&T vs Elon,North Carolina A&T,moneyline,9,15,North Carolina A&T @ +205,North Carolina A&T @ +205,,,2026-01-09T00:00:00Z,NCAAB,MONEYLINE,North Carolina A&T,North Carolina A&T @ +205
2026-01-08 20:47:41.827271+00:00,ncaab,33421023,North Carolina A&T vs Elon,Elon -5.5,spread,69,93,Elon -5.5 @ -118,Elon -5.5 @ -118,,,2026-01-09T00:00:00Z,NCAAB,SPREAD,Elon,Elon -5.5 @ -118
2026-01-08 20:47:41.827271+00:00,ncaab,33421716,Stetson vs Lipscomb,Under 150.5,total,59,89,Under 150.5 @ -108,Under 150.5 @ -108,,,2026-01-09T00:00:00Z,NCAAB,TOTAL,Under,Under 150.5 @ -108
2026-01-08 20:47:41.827271+00:00,ncaab,33421716,Stetson vs Lipscomb,Over 150.5,total,41,11,Over 150.5 @ -112,Over 150.5 @ -112,,,2026-01-09T00:00:00Z,NCAAB,TOTAL,Over,Over 150.5 @ -112
2026-01-08 20:47:41.827271+00:00,ncaab,33421716,Stetson vs Lipscomb,Stetson +11.5,spread,41,35,Stetson +11.5 @ -110,Stetson +11.5 @ -110,,,2026-01-09T00:00:00Z,NCAAB,SPREAD,Stetson,Stetson +11.5 @ -110
2026-01-08 20:47:41.827271+00:00,ncaab,33420771,Morehead State vs UT Martin,Under 138.5,total,30,41,Under 138.5 @ -112,Under 138.5 @ -112,,,2026-01-09T00:30:00Z,NCAAB,TOTAL,Under,Under 138.5 @ -112
2026-01-08 20:47:41.827271+00:00,ncaab,33421716,Stetson vs Lipscomb,Lipscomb,moneyline,96,68,Lipscomb @ -800,Lipscomb @ -800,,,2026-01-09T00:00:00Z,NCAAB,MONEYLINE,Lipscomb,Lipscomb @ -800
2026-01-08 20:47:41.827271+00:00,ncaab,33421716,Stetson vs Lipscomb,Stetson,moneyline,4,32,Stetson @ +550,Stetson @ +550,,,2026-01-09T00:00:00Z,NCAAB,MONEYLINE,Stetson,Stetson @ +550
2026-01-08 20:47:41.827271+00:00,ncaab,33421713,Central Connecticut State vs Stonehill,Under 134.5,total,32,57,Under 134.5 @ -110,Under 134.5 @ -110,,,2026-01-09T00:00:00Z,NCAAB,TOTAL,Under,Under 134.5 @ -110
2026-01-08 20:47:41.827271+00:00,ncaab,33421713,Central Connecticut State vs Stonehill,Over 134.5,total,68,43,Over 134.5 @ -110,Over 134.5 @ -110,,,2026-01-09T00:00:00Z,NCAAB,TOTAL,Over,Over 134.5 @ -110
2026-01-08 20:47:41.827271+00:00,ncaab,33421713,Central Connecticut State vs Stonehill,Stonehill +9.5,spread,41,46,Stonehill +9.5 @ -112,Stonehill +9.5 @ -112,,,2026-01-09T00:00:00Z,NCAAB,SPREAD,Stonehill,Stonehill +9.5 @ -112
2026-01-08 20:47:41.827271+00:00,ncaab,33421713,Central Connecticut State vs Stonehill,Central Connecticut State -9.5,spread,59,54,Central Connecticut State -9.5 @ -108,Central Connecticut State -9.5 @ -108,,,2026-01-09T00:00:00Z,NCAAB,SPREAD,Central Connecticut State,Central Connecticut State -9.5 @ -108
2026-01-08 20:47:41.827271+00:00,ncaab,33421713,Central Connecticut State vs Stonehill,Stonehill,moneyline,4,21,Stonehill @ +360,Stonehill @ +360,,,2026-01-09T00:00:00Z,NCAAB,MONEYLINE,Stonehill,Stonehill @ +360
2026-01-08 20:47:41.827271+00:00,ncaab,33421713,Central Connecticut State vs Stonehill,Central Connecticut State,moneyline,96,79,Central Connecticut State @ -470,Central Connecticut State @ -470,,,2026-01-09T00:00:00Z,NCAAB,MONEYLINE,Central Connecticut State,Central Connecticut State @ -470
2026-01-08 20:47:41.827271+00:00,ncaab,33421023,North Carolina A&T vs Elon,Under 160.5,total,58,11,Under 160.5 @ -110,Under 160.5 @ -110,,,2026-01-09T00:00:00Z,NCAAB,TOTAL,Under,Under 160.5 @ -110
2026-01-08 20:47:41.827271+00:00,ncaab,33421023,North Carolina A&T vs Elon,Over 160.5,total,42,89,Over 160.5 @ -110,Over 160.5 @ -110,,,2026-01-09T00:00:00Z,NCAAB,TOTAL,Over,Over 160.5 @ -110
2026-01-08 20:47:41.827271+00:00,ncaab,33421023,North Carolina A&T vs Elon,North Carolina A&T +5.5,spread,31,7,North Carolina A&T +5.5 @ -102,North Carolina A&T +5.5 @ -102,,,2026-01-09T00:00:00Z,NCAAB,SPREAD,North Carolina A&T,North Carolina A&T +5.5 @ -102
2026-01-08 20:47:41.827271+00:00,ncaab,33421023,North Carolina A&T vs Elon,Elon,moneyline,91,85,Elon @ -250,Elon @ -250,,,2026-01-09T00:00:00Z,NCAAB,MONEYLINE,Elon,Elon @ -250
2026-01-08 20:47:41.827271+00:00,ncaab,33421022,Drexel vs Stony Brook,Drexel,moneyline,80,60,Drexel @ -218,Drexel @ -218,,,2026-01-09T00:00:00Z,NCAAB,MONEYLINE,Drexel,Drexel @ -218
2026-01-08 20:47:41.827271+00:00,ncaab,33421026,Monmouth vs William & Mary,Monmouth,moneyline,19,9,Monmouth @ +136,Monmouth @ +136,,,2026-01-09T00:00:00Z,NCAAB,MONEYLINE,Monmouth,Monmouth @ +136
2026-01-08 20:47:41.827271+00:00,ncaab,33420772,Northeastern vs UNC Wilmington,Over 148.5,total,48,53,Over 148.5 @ -110,Over 148.5 @ -110,,,2026-01-09T00:00:00Z,NCAAB,TOTAL,Over,Over 148.5 @ -110
2026-01-08 20:47:41.827271+00:00,ncaab,33421705,Bryant vs UMass Lowell,Bryant -1.5,spread,62,85,Bryant -1.5 @ -120,Bryant -1.5 @ -120,,,2026-01-08T23:00:00Z,NCAAB,SPREAD,Bryant,Bryant -1.5 @ -120
2026-01-08 20:47:41.827271+00:00,ncaab,33421705,Bryant vs UMass Lowell,UMass Lowell,moneyline,32,69,UMass Lowell @ +114,UMass Lowell @ +114,,,2026-01-08T23:00:00Z,NCAAB,MONEYLINE,UMass Lowell,UMass Lowell @ +114
2026-01-08 20:47:41.827271+00:00,ncaab,33421705,Bryant vs UMass Lowell,Bryant,moneyline,68,31,Bryant @ -135,Bryant @ -135,,,2026-01-08T23:00:00Z,NCAAB,MONEYLINE,Bryant,Bryant @ -135
2026-01-08 20:47:41.827271+00:00,ncaab,33421706,UMBC vs Maine,Under 131.5,total,34,48,Under 131.5 @ -110,Under 131.5 @ -110,,,2026-01-08T23:00:00Z,NCAAB,TOTAL,Under,Under 131.5 @ -110
2026-01-08 20:47:41.827271+00:00,ncaab,33421706,UMBC vs Maine,Over 131.5,total,66,52,Over 131.5 @ -110,Over 131.5 @ -110,,,2026-01-08T23:00:00Z,NCAAB,TOTAL,Over,Over 131.5 @ -110
2026-01-08 20:47:41.827271+00:00,ncaab,33421706,UMBC vs Maine,Maine +7.5,spread,39,40,Maine +7.5 @ -115,Maine +7.5 @ -115,,,2026-01-08T23:00:00Z,NCAAB,SPREAD,Maine,Maine +7.5 @ -115
2026-01-08 20:47:41.827271+00:00,ncaab,33421706,UMBC vs Maine,UMBC -7.5,spread,61,60,UMBC -7.5 @ -105,UMBC -7.5 @ -105,,,2026-01-08T23:00:00Z,NCAAB,SPREAD,UMBC,UMBC -7.5 @ -105
2026-01-08 20:47:41.827271+00:00,ncaab,33421706,UMBC vs Maine,Maine,moneyline,8,27,Maine @ +270,Maine @ +270,,,2026-01-08T23:00:00Z,NCAAB,MONEYLINE,Maine,Maine @ +270
2026-01-08 20:47:41.827271+00:00,ncaab,33421706,UMBC vs Maine,UMBC,moneyline,92,73,UMBC @ -340,UMBC @ -340,,,2026-01-08T23:00:00Z,NCAAB,MONEYLINE,UMBC,UMBC @ -340
2026-01-08 20:47:41.827271+00:00,ncaab,33421704,Fairleigh Dickinson vs Chicago State,Under 143.5,total,58,56,Under 143.5 @ -108,Under 143.5 @ -108,,,2026-01-08T22:00:00Z,NCAAB,TOTAL,Under,Under 143.5 @ -108
2026-01-08 20:47:41.827271+00:00,ncaab,33421704,Fairleigh Dickinson vs Chicago State,Over 143.5,total,42,44,Over 143.5 @ -112,Over 143.5 @ -112,,,2026-01-08T22:00:00Z,NCAAB,TOTAL,Over,Over 143.5 @ -112
2026-01-08 20:47:41.827271+00:00,ncaab,33421704,Fairleigh Dickinson vs Chicago State,Chicago State +3.5,spread,22,11,Chicago State +3.5 @ -115,Chicago State +3.5 @ -115,,,2026-01-08T22:00:00Z,NCAAB,SPREAD,Chicago State,Chicago State +3.5 @ -115
2026-01-08 20:47:41.827271+00:00,ncaab,33421704,Fairleigh Dickinson vs Chicago State,Fairleigh Dickinson -3.5,spread,78,89,Fairleigh Dickinson -3.5 @ -105,Fairleigh Dickinson -3.5 @ -105,,,2026-01-08T22:00:00Z,NCAAB,SPREAD,Fairleigh Dickinson,Fairleigh Dickinson -3.5 @ -105
2026-01-08 20:47:41.827271+00:00,ncaab,33421704,Fairleigh Dickinson vs Chicago State,Chicago State,moneyline,14,7,Chicago State @ +140,Chicago State @ +140,,,2026-01-08T22:00:00Z,NCAAB,MONEYLINE,Chicago State,Chicago State @ +140
2026-01-08 20:47:41.827271+00:00,ncaab,33421704,Fairleigh Dickinson vs Chicago State,Fairleigh Dickinson,moneyline,86,93,Fairleigh Dickinson @ -166,Fairleigh Dickinson @ -166,,,2026-01-08T22:00:00Z,NCAAB,MONEYLINE,Fairleigh Dickinson,Fairleigh Dickinson @ -166
2026-01-08 20:47:41.827271+00:00,ncaab,33421705,Bryant vs UMass Lowell,UMass Lowell +1.5,spread,38,15,UMass Lowell +1.5 @ +100,UMass Lowell +1.5 @ +100,,,2026-01-08T23:00:00Z,NCAAB,SPREAD,UMass Lowell,UMass Lowell +1.5 @ +100
2026-01-08 20:47:41.827271+00:00,ncaab,33420772,Northeastern vs UNC Wilmington,Under 148.5,total,52,47,Under 148.5 @ -110,Under 148.5 @ -110,,,2026-01-09T00:00:00Z,NCAAB,TOTAL,Under,Under 148.5 @ -110
2026-01-08 20:47:41.827271+00:00,ncaab,33421705,Bryant vs UMass Lowell,Over 143.5,total,53,7,Over 143.5 @ -105,Over 143.5 @ -105,,,2026-01-08T23:00:00Z,NCAAB,TOTAL,Over,Over 143.5 @ -105
2026-01-08 20:47:41.827271+00:00,ncaab,33420770,Michigan State vs Northwestern,Michigan State,moneyline,96,94,Michigan State @ -1050,Michigan State @ -1050,,,2026-01-08T23:30:00Z,NCAAB,MONEYLINE,Michigan State,Michigan State @ -1050
2026-01-08 20:47:41.827271+00:00,ncaab,33420772,Northeastern vs UNC Wilmington,Northeastern +4.5,spread,27,15,Northeastern +4.5 @ -110,Northeastern +4.5 @ -110,,,2026-01-09T00:00:00Z,NCAAB,SPREAD,Northeastern,Northeastern +4.5 @ -110
2026-01-08 20:47:41.827271+00:00,ncaab,33420772,Northeastern vs UNC Wilmington,UNC Wilmington -4.5,spread,73,85,UNC Wilmington -4.5 @ -110,UNC Wilmington -4.5 @ -110,,,2026-01-09T00:00:00Z,NCAAB,SPREAD,UNC Wilmington,UNC Wilmington -4.5 @ -110
2026-01-08 20:47:41.827271+00:00,ncaab,33420772,Northeastern vs UNC Wilmington,UNC Wilmington,moneyline,89,95,UNC Wilmington @ -205,UNC Wilmington @ -205,,,2026-01-09T00:00:00Z,NCAAB,MONEYLINE,UNC Wilmington,UNC Wilmington @ -205
2026-01-08 20:47:41.827271+00:00,ncaab,33420772,Northeastern vs UNC Wilmington,Northeastern,moneyline,11,5,Northeastern @ +170,Northeastern @ +170,,,2026-01-09T00:00:00Z,NCAAB,MONEYLINE,Northeastern,Northeastern @ +170
2026-01-08 20:47:41.827271+00:00,ncaab,33420769,Louisiana Tech vs Liberty,Under 133.5,total,42,42,Under 133.5 @ -112,Under 133.5 @ -112,,,2026-01-09T00:00:00Z,NCAAB,TOTAL,Under,Under 133.5 @ -112
2026-01-08 20:47:41.827271+00:00,ncaab,33420769,Louisiana Tech vs Liberty,Over 133.5,total,58,58,Over 133.5 @ -108,Over 133.5 @ -108,,,2026-01-09T00:00:00Z,NCAAB,TOTAL,Over,Over 133.5 @ -108
2026-01-08 20:47:41.827271+00:00,ncaab,33420769,Louisiana Tech vs Liberty,Louisiana Tech +4.5,spread,32,56,Louisiana Tech +4.5 @ -110,Louisiana Tech +4.5 @ -110,,,2026-01-09T00:00:00Z,NCAAB,SPREAD,Louisiana Tech,Louisiana Tech +4.5 @ -110
2026-01-08 20:47:41.827271+00:00,ncaab,33420769,Louisiana Tech vs Liberty,Liberty -4.5,spread,68,44,Liberty -4.5 @ -110,Liberty -4.5 @ -110,,,2026-01-09T00:00:00Z,NCAAB,SPREAD,Liberty,Liberty -4.5 @ -110
2026-01-08 20:47:41.827271+00:00,ncaab,33420769,Louisiana Tech vs Liberty,Liberty,moneyline,90,89,Liberty @ -205,Liberty @ -205,,,2026-01-09T00:00:00Z,NCAAB,MONEYLINE,Liberty,Liberty @ -205
2026-01-08 20:47:41.827271+00:00,ncaab,33420769,Louisiana Tech vs Liberty,Louisiana Tech,moneyline,10,11,Louisiana Tech @ +170,Louisiana Tech @ +170,,,2026-01-09T00:00:00Z,NCAAB,MONEYLINE,Louisiana Tech,Louisiana Tech @ +170
2026-01-08 20:47:41.827271+00:00,ncaab,33420770,Michigan State vs Northwestern,Under 142.5,total,44,88,Under 142.5 @ -108,Under 142.5 @ -108,,,2026-01-08T23:30:00Z,NCAAB,TOTAL,Under,Under 142.5 @ -108
2026-01-08 20:47:41.827271+00:00,ncaab,33420770,Michigan State vs Northwestern,Over 142.5,total,56,12,Over 142.5 @ -112,Over 142.5 @ -112,,,2026-01-08T23:30:00Z,NCAAB,TOTAL,Over,Over 142.5 @ -112
2026-01-08 20:47:41.827271+00:00,ncaab,33420770,Michigan State vs Northwestern,Northwestern +12.5,spread,22,36,Northwestern +12.5 @ -102,Northwestern +12.5 @ -102,,,2026-01-08T23:30:00Z,NCAAB,SPREAD,Northwestern,Northwestern +12.5 @ -102
2026-01-08 20:47:41.827271+00:00,ncaab,33420770,Michigan State vs Northwestern,Michigan State -12.5,spread,78,64,Michigan State -12.5 @ -118,Michigan State -12.5 @ -118,,,2026-01-08T23:30:00Z,NCAAB,SPREAD,Michigan State,Michigan State -12.5 @ -118
2026-01-08 20:47:41.827271+00:00,ncaab,33420770,Michigan State vs Northwestern,Northwestern,moneyline,4,6,Northwestern @ +675,Northwestern @ +675,,,2026-01-08T23:30:00Z,NCAAB,MONEYLINE,Northwestern,Northwestern @ +675
2026-01-08 20:47:41.827271+00:00,ncaab,33421705,Bryant vs UMass Lowell,Under 143.5,total,47,93,Under 143.5 @ -115,Under 143.5 @ -115,,,2026-01-08T23:00:00Z,NCAAB,TOTAL,Under,Under 143.5 @ -115
2026-01-08 20:47:41.827271+00:00,ncaab,33421022,Drexel vs Stony Brook,Stony Brook,moneyline,20,40,Stony Brook @ +180,Stony Brook @ +180,,,2026-01-09T00:00:00Z,NCAAB,MONEYLINE,Stony Brook,Stony Brook @ +180
2026-01-08 20:47:41.827271+00:00,ncaab,33421716,Stetson vs Lipscomb,Lipscomb -11.5,spread,59,65,Lipscomb -11.5 @ -110,Lipscomb -11.5 @ -110,,,2026-01-09T00:00:00Z,NCAAB,SPREAD,Lipscomb,Lipscomb -11.5 @ -110
2026-01-08 20:47:41.827271+00:00,ncaab,33421022,Drexel vs Stony Brook,Stony Brook +5.5,spread,55,48,Stony Brook +5.5 @ -108,Stony Brook +5.5 @ -108,,,2026-01-09T00:00:00Z,NCAAB,SPREAD,Stony Brook,Stony Brook +5.5 @ -108
2026-01-08 20:47:41.827271+00:00,ncaab,33421712,Le Moyne vs New Haven,Le Moyne -5.5,spread,78,96,Le Moyne -5.5 @ -108,Le Moyne -5.5 @ -108,,,2026-01-09T00:00:00Z,NCAAB,SPREAD,Le Moyne,Le Moyne -5.5 @ -108
2026-01-08 20:47:41.827271+00:00,ncaab,33421712,Le Moyne vs New Haven,New Haven,moneyline,8,5,New Haven @ +180,New Haven @ +180,,,2026-01-09T00:00:00Z,NCAAB,MONEYLINE,New Haven,New Haven @ +180
2026-01-08 20:47:41.827271+00:00,ncaab,33421712,Le Moyne vs New Haven,Le Moyne,moneyline,92,95,Le Moyne @ -218,Le Moyne @ -218,,,2026-01-09T00:00:00Z,NCAAB,MONEYLINE,Le Moyne,Le Moyne @ -218
2026-01-08 20:47:41.827271+00:00,ncaab,33421708,Bellarmine vs Central Arkansas,Under 155.5,total,66,22,Under 155.5 @ -112,Under 155.5 @ -112,,,2026-01-09T00:00:00Z,NCAAB,TOTAL,Under,Under 155.5 @ -112
2026-01-08 20:47:41.827271+00:00,ncaab,33421708,Bellarmine vs Central Arkansas,Over 155.5,total,34,78,Over 155.5 @ -108,Over 155.5 @ -108,,,2026-01-09T00:00:00Z,NCAAB,TOTAL,Over,Over 155.5 @ -108
2026-01-08 20:47:41.827271+00:00,ncaab,33421708,Bellarmine vs Central Arkansas,Bellarmine +2.5,spread,56,75,Bellarmine +2.5 @ -112,Bellarmine +2.5 @ -112,,,2026-01-09T00:00:00Z,NCAAB,SPREAD,Bellarmine,Bellarmine +2.5 @ -112
2026-01-08 20:47:41.827271+00:00,ncaab,33421708,Bellarmine vs Central Arkansas,Central Arkansas -2.5,spread,44,25,Central Arkansas -2.5 @ -108,Central Arkansas -2.5 @ -108,,,2026-01-09T00:00:00Z,NCAAB,SPREAD,Central Arkansas,Central Arkansas -2.5 @ -108
2026-01-08 20:47:41.827271+00:00,ncaab,33421708,Bellarmine vs Central Arkansas,Central Arkansas,moneyline,63,85,Central Arkansas @ -155,Central Arkansas @ -155,,,2026-01-09T00:00:00Z,NCAAB,MONEYLINE,Central Arkansas,Central Arkansas @ -155
2026-01-08 20:47:41.827271+00:00,ncaab,33421708,Bellarmine vs Central Arkansas,Bellarmine,moneyline,37,15,Bellarmine @ +130,Bellarmine @ +130,,,2026-01-09T00:00:00Z,NCAAB,MONEYLINE,Bellarmine,Bellarmine @ +130
2026-01-08 20:47:41.827271+00:00,ncaab,33421709,Eastern Kentucky vs North Alabama,Under 148.5,total,57,30,Under 148.5 @ -115,Under 148.5 @ -115,,,2026-01-09T00:00:00Z,NCAAB,TOTAL,Under,Under 148.5 @ -115
2026-01-08 20:47:41.827271+00:00,ncaab,33421709,Eastern Kentucky vs North Alabama,Over 148.5,total,43,70,Over 148.5 @ -105,Over 148.5 @ -105,,,2026-01-09T00:00:00Z,NCAAB,TOTAL,Over,Over 148.5 @ -105
2026-01-08 20:47:41.827271+00:00,ncaab,33421022,Drexel vs Stony Brook,Drexel -5.5,spread,45,52,Drexel -5.5 @ -112,Drexel -5.5 @ -112,,,2026-01-09T00:00:00Z,NCAAB,SPREAD,Drexel,Drexel -5.5 @ -112
2026-01-08 20:47:41.827271+00:00,ncaab,33421709,Eastern Kentucky vs North Alabama,Eastern Kentucky -5.5,spread,42,6,Eastern Kentucky -5.5 @ -112,Eastern Kentucky -5.5 @ -112,,,2026-01-09T00:00:00Z,NCAAB,SPREAD,Eastern Kentucky,Eastern Kentucky -5.5 @ -112
2026-01-08 20:47:41.827271+00:00,ncaab,33421709,Eastern Kentucky vs North Alabama,North Alabama,moneyline,11,33,North Alabama @ +220,North Alabama @ +220,,,2026-01-09T00:00:00Z,NCAAB,MONEYLINE,North Alabama,North Alabama @ +220
2026-01-08 20:47:41.827271+00:00,ncaab,33421709,Eastern Kentucky vs North Alabama,Eastern Kentucky,moneyline,89,67,Eastern Kentucky @ -270,Eastern Kentucky @ -270,,,2026-01-09T00:00:00Z,NCAAB,MONEYLINE,Eastern Kentucky,Eastern Kentucky @ -270
2026-01-08 20:47:41.827271+00:00,ncaab,33421712,Le Moyne vs New Haven,New Haven +5.5,spread,22,4,New Haven +5.5 @ -112,New Haven +5.5 @ -112,,,2026-01-09T00:00:00Z,NCAAB,SPREAD,New Haven,New Haven +5.5 @ -112
2026-01-08 20:47:41.827271+00:00,ncaab,33421710,North Florida vs West Georgia,Under 165.5,total,70,24,Under 165.5 @ -110,Under 165.5 @ -110,,,2026-01-09T00:00:00Z,NCAAB,TOTAL,Under,Under 165.5 @ -110
2026-01-08 20:47:41.827271+00:00,ncaab,33421712,Le Moyne vs New Haven,Over 137.5,total,58,77,Over 137.5 @ -108,Over 137.5 @ -108,,,2026-01-09T00:00:00Z,NCAAB,TOTAL,Over,Over 137.5 @ -108
2026-01-08 20:47:41.827271+00:00,ncaab,33421715,Jacksonville vs Queens NC,Jacksonville,moneyline,16,45,Jacksonville @ +205,Jacksonville @ +205,,,2026-01-09T00:00:00Z,NCAAB,MONEYLINE,Jacksonville,Jacksonville @ +205
2026-01-08 20:47:41.827271+00:00,ncaab,33420771,Morehead State vs UT Martin,Morehead State +2.5,spread,26,26,Morehead State +2.5 @ -108,Morehead State +2.5 @ -108,,,2026-01-09T00:30:00Z,NCAAB,SPREAD,Morehead State,Morehead State +2.5 @ -108
2026-01-08 20:47:41.827271+00:00,ncaab,33420771,Morehead State vs UT Martin,UT Martin -2.5,spread,74,74,UT Martin -2.5 @ -112,UT Martin -2.5 @ -112,,,2026-01-09T00:30:00Z,NCAAB,SPREAD,UT Martin,UT Martin -2.5 @ -112
2026-01-08 20:47:41.827271+00:00,ncaab,33420771,Morehead State vs UT Martin,UT Martin,moneyline,79,92,UT Martin @ -148,UT Martin @ -148,,,2026-01-09T00:30:00Z,NCAAB,MONEYLINE,UT Martin,UT Martin @ -148
2026-01-08 20:47:41.827271+00:00,ncaab,33420771,Morehead State vs UT Martin,Morehead State,moneyline,21,8,Morehead State @ +124,Morehead State @ +124,,,2026-01-09T00:30:00Z,NCAAB,MONEYLINE,Morehead State,Morehead State @ +124
2026-01-08 20:47:41.827271+00:00,ncaab,33420773,Sam Houston vs Delaware,Under 144.5,total,38,25,Under 144.5 @ -110,Under 144.5 @ -110,,,2026-01-09T00:30:00Z,NCAAB,TOTAL,Under,Under 144.5 @ -110
2026-01-08 20:47:41.827271+00:00,ncaab,33420773,Sam Houston vs Delaware,Over 144.5,total,62,75,Over 144.5 @ -110,Over 144.5 @ -110,,,2026-01-09T00:30:00Z,NCAAB,TOTAL,Over,Over 144.5 @ -110
2026-01-08 20:47:41.827271+00:00,ncaab,33420773,Sam Houston vs Delaware,Delaware +11.5,spread,45,11,Delaware +11.5 @ -105,Delaware +11.5 @ -105,,,2026-01-09T00:30:00Z,NCAAB,SPREAD,Delaware,Delaware +11.5 @ -105
2026-01-08 20:47:41.827271+00:00,ncaab,33420773,Sam Houston vs Delaware,Sam Houston -11.5,spread,55,89,Sam Houston -11.5 @ -115,Sam Houston -11.5 @ -115,,,2026-01-09T00:30:00Z,NCAAB,SPREAD,Sam Houston,Sam Houston -11.5 @ -115
2026-01-08 20:47:41.827271+00:00,ncaab,33420773,Sam Houston vs Delaware,Delaware,moneyline,3,38,Delaware @ +550,Delaware @ +550,,,2026-01-09T00:30:00Z,NCAAB,MONEYLINE,Delaware,Delaware @ +550
2026-01-08 20:47:41.827271+00:00,ncaab,33420773,Sam Houston vs Delaware,Sam Houston,moneyline,97,62,Sam Houston @ -800,Sam Houston @ -800,,,2026-01-09T00:30:00Z,NCAAB,MONEYLINE,Sam Houston,Sam Houston @ -800
2026-01-08 20:47:41.827271+00:00,ncaab,33421715,Jacksonville vs Queens NC,Under 155.5,total,54,11,Under 155.5 @ -112,Under 155.5 @ -112,,,2026-01-09T00:00:00Z,NCAAB,TOTAL,Under,Under 155.5 @ -112
2026-01-08 20:47:41.827271+00:00,ncaab,33421715,Jacksonville vs Queens NC,Over 155.5,total,46,89,Over 155.5 @ -108,Over 155.5 @ -108,,,2026-01-09T00:00:00Z,NCAAB,TOTAL,Over,Over 155.5 @ -108
2026-01-08 20:47:41.827271+00:00,ncaab,33421715,Jacksonville vs Queens NC,Jacksonville +5.5,spread,46,43,Jacksonville +5.5 @ -115,Jacksonville +5.5 @ -115,,,2026-01-09T00:00:00Z,NCAAB,SPREAD,Jacksonville,Jacksonville +5.5 @ -115
2026-01-08 20:47:41.827271+00:00,ncaab,33421715,Jacksonville vs Queens NC,Queens NC -5.5,spread,54,57,Queens NC -5.5 @ -105,Queens NC -5.5 @ -105,,,2026-01-09T00:00:00Z,NCAAB,SPREAD,Queens NC,Queens NC -5.5 @ -105
2026-01-08 20:47:41.827271+00:00,ncaab,33421715,Jacksonville vs Queens NC,Queens NC,moneyline,84,55,Queens NC @ -250,Queens NC @ -250,,,2026-01-09T00:00:00Z,NCAAB,MONEYLINE,Queens NC,Queens NC @ -250
2026-01-08 20:47:41.827271+00:00,ncaab,33421712,Le Moyne vs New Haven,Under 137.5,total,42,23,Under 137.5 @ -112,Under 137.5 @ -112,,,2026-01-09T00:00:00Z,NCAAB,TOTAL,Under,Under 137.5 @ -112
2026-01-08 20:47:41.827271+00:00,ncaab,33421710,North Florida vs West Georgia,Over 165.5,total,30,76,Over 165.5 @ -110,Over 165.5 @ -110,,,2026-01-09T00:00:00Z,NCAAB,TOTAL,Over,Over 165.5 @ -110
2026-01-08 20:47:41.827271+00:00,ncaab,33421709,Eastern Kentucky vs North Alabama,North Alabama +5.5,spread,58,94,North Alabama +5.5 @ -108,North Alabama +5.5 @ -108,,,2026-01-09T00:00:00Z,NCAAB,SPREAD,North Alabama,North Alabama +5.5 @ -108
2026-01-08 20:47:41.827271+00:00,ncaab,33421710,North Florida vs West Georgia,West Georgia -2.5,spread,75,87,West Georgia -2.5 @ -115,West Georgia -2.5 @ -115,,,2026-01-09T00:00:00Z,NCAAB,SPREAD,West Georgia,West Georgia -2.5 @ -115
2026-01-08 20:47:41.827271+00:00,ncaab,33421717,Wagner vs Saint Francis PA,Wagner,moneyline,96,85,Wagner @ -360,Wagner @ -360,,,2026-01-09T00:00:00Z,NCAAB,MONEYLINE,Wagner,Wagner @ -360
2026-01-08 20:47:41.827271+00:00,ncaab,33421714,LIU vs Mercyhurst,Under 139.5,total,43,98,Under 139.5 @ -108,Under 139.5 @ -108,,,2026-01-09T00:00:00Z,NCAAB,TOTAL,Under,Under 139.5 @ -108
2026-01-08 20:47:41.827271+00:00,ncaab,33421714,LIU vs Mercyhurst,Over 139.5,total,57,2,Over 139.5 @ -112,Over 139.5 @ -112,,,2026-01-09T00:00:00Z,NCAAB,TOTAL,Over,Over 139.5 @ -112
2026-01-08 20:47:41.827271+00:00,ncaab,33421710,North Florida vs West Georgia,North Florida +2.5,spread,25,13,North Florida +2.5 @ -105,North Florida +2.5 @ -105,,,2026-01-09T00:00:00Z,NCAAB,SPREAD,North Florida,North Florida +2.5 @ -105
2026-01-08 20:47:41.827271+00:00,ncaab,33421714,LIU vs Mercyhurst,LIU -8.5,spread,54,58,LIU -8.5 @ -110,LIU -8.5 @ -110,,,2026-01-09T00:00:00Z,NCAAB,SPREAD,LIU,LIU -8.5 @ -110
2026-01-08 20:47:41.827271+00:00,ncaab,33421714,LIU vs Mercyhurst,Mercyhurst,moneyline,4,13,Mercyhurst @ +330,Mercyhurst @ +330,,,2026-01-09T00:00:00Z,NCAAB,MONEYLINE,Mercyhurst,Mercyhurst @ +330
2026-01-08 20:47:41.827271+00:00,ncaab,33421717,Wagner vs Saint Francis PA,Saint Francis PA,moneyline,4,15,Saint Francis PA @ +285,Saint Francis PA @ +285,,,2026-01-09T00:00:00Z,NCAAB,MONEYLINE,Saint Francis PA,Saint Francis PA @ +285
2026-01-08 20:47:41.827271+00:00,ncaab,33421714,LIU vs Mercyhurst,LIU,moneyline,96,87,LIU @ -425,LIU @ -425,,,2026-01-09T00:00:00Z,NCAAB,MONEYLINE,LIU,LIU @ -425
2026-01-08 20:47:41.827271+00:00,ncaab,33421024,Georgia State vs Appalachian State,Over 139.5,total,55,18,Over 139.5 @ -112,Over 139.5 @ -112,,,2026-01-09T00:00:00Z,NCAAB,TOTAL,Over,Over 139.5 @ -112
2026-01-08 20:47:41.827271+00:00,ncaab,33421024,Georgia State vs Appalachian State,Georgia State +1.5,spread,28,21,Georgia State +1.5 @ -105,Georgia State +1.5 @ -105,,,2026-01-09T00:00:00Z,NCAAB,SPREAD,Georgia State,Georgia State +1.5 @ -105
2026-01-08 20:47:41.827271+00:00,ncaab,33421024,Georgia State vs Appalachian State,Appalachian State -1.5,spread,72,79,Appalachian State -1.5 @ -115,Appalachian State -1.5 @ -115,,,2026-01-09T00:00:00Z,NCAAB,SPREAD,Appalachian State,Appalachian State -1.5 @ -115
2026-01-08 20:47:41.827271+00:00,ncaab,33421024,Georgia State vs Appalachian State,Appalachian State,moneyline,63,91,Appalachian State @ -120,Appalachian State @ -120,,,2026-01-09T00:00:00Z,NCAAB,MONEYLINE,Appalachian State,Appalachian State @ -120
2026-01-08 20:47:41.827271+00:00,ncaab,33421024,Georgia State vs Appalachian State,Georgia State,moneyline,37,9,Georgia State @ +100,Georgia State @ +100,,,2026-01-09T00:00:00Z,NCAAB,MONEYLINE,Georgia State,Georgia State @ +100
2026-01-08 20:47:41.827271+00:00,ncaab,33421022,Drexel vs Stony Brook,Over 131.5,total,62,41,Over 131.5 @ -112,Over 131.5 @ -112,,,2026-01-09T00:00:00Z,NCAAB,TOTAL,Over,Over 131.5 @ -112
2026-01-08 20:47:41.827271+00:00,ncaab,33421024,Georgia State vs Appalachian State,Under 139.5,total,45,82,Under 139.5 @ -108,Under 139.5 @ -108,,,2026-01-09T00:00:00Z,NCAAB,TOTAL,Under,Under 139.5 @ -108
2026-01-08 20:47:41.827271+00:00,ncaab,33421717,Wagner vs Saint Francis PA,Wagner -7.5,spread,69,97,Wagner -7.5 @ -115,Wagner -7.5 @ -115,,,2026-01-09T00:00:00Z,NCAAB,SPREAD,Wagner,Wagner -7.5 @ -115
2026-01-08 20:47:41.827271+00:00,ncaab,33421714,LIU vs Mercyhurst,Mercyhurst +8.5,spread,46,42,Mercyhurst +8.5 @ -110,Mercyhurst +8.5 @ -110,,,2026-01-09T00:00:00Z,NCAAB,SPREAD,Mercyhurst,Mercyhurst +8.5 @ -110
2026-01-08 20:47:41.827271+00:00,ncaab,33421717,Wagner vs Saint Francis PA,Over 144.5,total,58,63,Over 144.5 @ -110,Over 144.5 @ -110,,,2026-01-09T00:00:00Z,NCAAB,TOTAL,Over,Over 144.5 @ -110
2026-01-08 20:47:41.827271+00:00,ncaab,33421710,North Florida vs West Georgia,West Georgia,moneyline,77,70,West Georgia @ -155,West Georgia @ -155,,,2026-01-09T00:00:00Z,NCAAB,MONEYLINE,West Georgia,West Georgia @ -155
2026-01-08 20:47:41.827271+00:00,ncaab,33421717,Wagner vs Saint Francis PA,Saint Francis PA +7.5,spread,31,3,Saint Francis PA +7.5 @ -105,Saint Francis PA +7.5 @ -105,,,2026-01-09T00:00:00Z,NCAAB,SPREAD,Saint Francis PA,Saint Francis PA +7.5 @ -105
2026-01-08 20:47:41.827271+00:00,ncaab,33421707,Florida Gulf Coast vs Austin Peay,Under 154.5,total,59,33,Under 154.5 @ -112,Under 154.5 @ -112,,,2026-01-09T00:00:00Z,NCAAB,TOTAL,Under,Under 154.5 @ -112
2026-01-08 20:47:41.827271+00:00,ncaab,33421707,Florida Gulf Coast vs Austin Peay,Over 154.5,total,41,67,Over 154.5 @ -108,Over 154.5 @ -108,,,2026-01-09T00:00:00Z,NCAAB,TOTAL,Over,Over 154.5 @ -108
2026-01-08 20:47:41.827271+00:00,ncaab,33421707,Florida Gulf Coast vs Austin Peay,Austin Peay +3.5,spread,50,55,Austin Peay +3.5 @ -115,Austin Peay +3.5 @ -115,,,2026-01-09T00:00:00Z,NCAAB,SPREAD,Austin Peay,Austin Peay +3.5 @ -115
2026-01-08 20:47:41.827271+00:00,ncaab,33421707,Florida Gulf Coast vs Austin Peay,Florida Gulf Coast -3.5,spread,50,45,Florida Gulf Coast -3.5 @ -105,Florida Gulf Coast -3.5 @ -105,,,2026-01-09T00:00:00Z,NCAAB,SPREAD,Florida Gulf Coast,Florida Gulf Coast -3.5 @ -105
2026-01-08 20:47:41.827271+00:00,ncaab,33421707,Florida Gulf Coast vs Austin Peay,Austin Peay,moneyline,25,39,Austin Peay @ +136,Austin Peay @ +136,,,2026-01-09T00:00:00Z,NCAAB,MONEYLINE,Austin Peay,Austin Peay @ +136
2026-01-08 20:47:41.827271+00:00,ncaab,33421710,North Florida vs West Georgia,North Florida,moneyline,23,30,North Florida @ +130,North Florida @ +130,,,2026-01-09T00:00:00Z,NCAAB,MONEYLINE,North Florida,North Florida @ +130
2026-01-08 20:47:41.827271+00:00,ncaab,33421718,Vermont vs Binghamton,Under 142.5,total,37,56,Under 142.5 @ -108,Under 142.5 @ -108,,,2026-01-09T00:00:00Z,NCAAB,TOTAL,Under,Under 142.5 @ -108
2026-01-08 20:47:41.827271+00:00,ncaab,33421718,Vermont vs Binghamton,Over 142.5,total,63,44,Over 142.5 @ -112,Over 142.5 @ -112,,,2026-01-09T00:00:00Z,NCAAB,TOTAL,Over,Over 142.5 @ -112
2026-01-08 20:47:41.827271+00:00,ncaab,33421718,Vermont vs Binghamton,Binghamton +17.5,spread,36,61,Binghamton +17.5 @ -108,Binghamton +17.5 @ -108,,,2026-01-09T00:00:00Z,NCAAB,SPREAD,Binghamton,Binghamton +17.5 @ -108
2026-01-08 20:47:41.827271+00:00,ncaab,33421718,Vermont vs Binghamton,Vermont -17.5,spread,64,39,Vermont -17.5 @ -112,Vermont -17.5 @ -112,,,2026-01-09T00:00:00Z,NCAAB,SPREAD,Vermont,Vermont -17.5 @ -112
2026-01-08 20:47:41.827271+00:00,ncaab,33421718,Vermont vs Binghamton,Binghamton,moneyline,3,8,Binghamton @ +1200,Binghamton @ +1200,,,2026-01-09T00:00:00Z,NCAAB,MONEYLINE,Binghamton,Binghamton @ +1200
2026-01-08 20:47:41.827271+00:00,ncaab,33421718,Vermont vs Binghamton,Vermont,moneyline,97,92,Vermont @ -2400,Vermont @ -2400,,,2026-01-09T00:00:00Z,NCAAB,MONEYLINE,Vermont,Vermont @ -2400
2026-01-08 20:47:41.827271+00:00,ncaab,33421717,Wagner vs Saint Francis PA,Under 144.5,total,42,37,Under 144.5 @ -110,Under 144.5 @ -110,,,2026-01-09T00:00:00Z,NCAAB,TOTAL,Under,Under 144.5 @ -110
2026-01-08 20:47:41.827271+00:00,ncaab,33421707,Florida Gulf Coast vs Austin Peay,Florida Gulf Coast,moneyline,75,61,Florida Gulf Coast @ -162,Florida Gulf Coast @ -162,,,2026-01-09T00:00:00Z,NCAAB,MONEYLINE,Florida Gulf Coast,Florida Gulf Coast @ -162
2026-01-08 20:48:02.300646+00:00,ncaaf,33344223,Indiana vs Oregon,Oregon +3.5,spread,24,18,Oregon +3.5 @ -108,Oregon +3.5 @ -108,,,2026-01-10T00:30:00Z,NCAAF,SPREAD,Oregon,Oregon +3.5 @ -108
2026-01-08 20:48:02.300646+00:00,ncaaf,33344223,Indiana vs Oregon,Indiana -3.5,spread,76,82,Indiana -3.5 @ -112,Indiana -3.5 @ -112,,,2026-01-10T00:30:00Z,NCAAF,SPREAD,Indiana,Indiana -3.5 @ -112
2026-01-08 20:48:02.300646+00:00,ncaaf,33344223,Indiana vs Oregon,Oregon,moneyline,26,31,Oregon @ +150,Oregon @ +150,,,2026-01-10T00:30:00Z,NCAAF,MONEYLINE,Oregon,Oregon @ +150
2026-01-08 20:48:02.300646+00:00,ncaaf,33344223,Indiana vs Oregon,Indiana,moneyline,74,69,Indiana @ -180,Indiana @ -180,,,2026-01-10T00:30:00Z,NCAAF,MONEYLINE,Indiana,Indiana @ -180
2026-01-08 20:48:02.300646+00:00,ncaaf,33344222,Ole Miss vs Miami FL,Under 52.5,total,54,50,Under 52.5 @ -110,Under 52.5 @ -110,,,2026-01-09T00:30:00Z,NCAAF,TOTAL,Under,Under 52.5 @ -110
2026-01-08 20:48:02.300646+00:00,ncaaf,33344222,Ole Miss vs Miami FL,Miami FL,moneyline,43,44,Miami FL @ -162,Miami FL @ -162,,,2026-01-09T00:30:00Z,NCAAF,MONEYLINE,Miami FL,Miami FL @ -162
2026-01-08 20:48:02.300646+00:00,ncaaf,33344222,Ole Miss vs Miami FL,Ole Miss +3,spread,52,42,Ole Miss +3 @ -102,Ole Miss +3 @ -102,,,2026-01-09T00:30:00Z,NCAAF,SPREAD,Ole Miss,Ole Miss +3 @ -102
2026-01-08 20:48:02.300646+00:00,ncaaf,33344222,Ole Miss vs Miami FL,Miami FL -3,spread,48,58,Miami FL -3 @ -118,Miami FL -3 @ -118,,,2026-01-09T00:30:00Z,NCAAF,SPREAD,Miami FL,Miami FL -3 @ -118
2026-01-08 20:48:02.300646+00:00,ncaaf,33344222,Ole Miss vs Miami FL,Ole Miss,moneyline,57,56,Ole Miss @ +136,Ole Miss @ +136,,,2026-01-09T00:30:00Z,NCAAF,MONEYLINE,Ole Miss,Ole Miss @ +136
2026-01-08 20:48:02.300646+00:00,ncaaf,33344223,Indiana vs Oregon,Over 48.5,total,62,76,Over 48.5 @ -112,Over 48.5 @ -112,,,2026-01-10T00:30:00Z,NCAAF,TOTAL,Over,Over 48.5 @ -112
2026-01-08 20:48:02.300646+00:00,ncaaf,33344222,Ole Miss vs Miami FL,Over 52.5,total,46,50,Over 52.5 @ -110,Over 52.5 @ -110,,,2026-01-09T00:30:00Z,NCAAF,TOTAL,Over,Over 52.5 @ -110
2026-01-08 20:48:02.300646+00:00,ncaaf,33344223,Indiana vs Oregon,Under 48.5,total,38,24,Under 48.5 @ -108,Under 48.5 @ -108,,,2026-01-10T00:30:00Z,NCAAF,TOTAL,Under,Under 48.5 @ -108
