run_label,mode,logged_at_raw,logged_at_utc,since_ny,sport,game_id,game,game_key,market,side,color,is_dark_green_high_underdog,espn_day,final_home,final_home_score,final_away,final_away_score,outcome
HISTORICAL_BACKFILL_BASELINE,HISTORICAL_BACKFILL,2026-01-01 00:28:39.230103+00:00,2026-01-01T00:28:39.230103+00:00,2025-12-30,nhl,33378585,BOS Bruins @ EDM Oilers,cf73f8495277e224450a2f3700029b7d,MONEYLINE,EDM Oilers,RED,False,20251230,Toronto Maple Leafs,4,New Jersey Devils,0,UNRESOLVED_TEAM
HISTORICAL_BACKFILL_BASELINE,HISTORICAL_BACKFILL,2026-01-01 00:28:39.241692+00:00,2026-01-01T00:28:39.241692+00:00,2025-12-30,nhl,33378585,BOS Bruins @ EDM Oilers,cf73f8495277e224450a2f3700029b7d,TOTAL,Over 6.5,LIGHT_GREEN,False,20251230,Toronto Maple Leafs,4,New Jersey Devils,0,LOSS
HISTORICAL_BACKFILL_BASELINE,HISTORICAL_BACKFILL,2026-01-01 00:38:23.055950+00:00,2026-01-01T00:38:23.055950+00:00,2025-12-30,nhl,33378585,BOS Bruins @ EDM Oilers,cf73f8495277e224450a2f3700029b7d,MONEYLINE,EDM Oilers,RED,False,20251230,Toronto Maple Leafs,4,New Jersey Devils,0,UNRESOLVED_TEAM
HISTORICAL_BACKFILL_BASELINE,HISTORICAL_BACKFILL,2026-01-01 00:38:23.067736+00:00,2026-01-01T00:38:23.067736+00:00,2025-12-30,nhl,33378585,BOS Bruins @ EDM Oilers,cf73f8495277e224450a2f3700029b7d,TOTAL,Over 6.5,LIGHT_GREEN,False,20251230,Toronto Maple Leafs,4,New Jersey Devils,0,LOSS
HISTORICAL_BACKFILL_BASELINE,HISTORICAL_BACKFILL,2026-01-01 00:40:29.331622+00:00,2026-01-01T00:40:29.331622+00:00,2025-12-30,nhl,33378585,BOS Bruins @ EDM Oilers,cf73f8495277e224450a2f3700029b7d,MONEYLINE,EDM Oilers,RED,False,20251230,Toronto Maple Leafs,4,New Jersey Devils,0,UNRESOLVED_TEAM
HISTORICAL_BACKFILL_BASELINE,HISTORICAL_BACKFILL,2026-01-01 00:40:29.343238+00:00,2026-01-01T00:40:29.343238+00:00,2025-12-30,nhl,33378585,BOS Bruins @ EDM Oilers,cf73f8495277e224450a2f3700029b7d,TOTAL,Over 6.5,LIGHT_GREEN,False,20251230,Toronto Maple Leafs,4,New Jersey Devils,0,LOSS
HISTORICAL_BACKFILL_BASELINE,HISTORICAL_BACKFILL,2026-01-01 00:44:41.988617+00:00,2026-01-01T00:44:41.988617+00:00,2025-12-30,nhl,33378585,BOS Bruins @ EDM Oilers,cf73f8495277e224450a2f3700029b7d,MONEYLINE,EDM Oilers,RED,False,20251230,Toronto Maple Leafs,4,New Jersey Devils,0,UNRESOLVED_TEAM
HISTORICAL_BACKFILL_BASELINE,HISTORICAL_BACKFILL,2026-01-01 00:44:42.001469+00:00,2026-01-01T00:44:42.001469+00:00,2025-12-30,nhl,33378585,BOS Bruins @ EDM Oilers,cf73f8495277e224450a2f3700029b7d,TOTAL,Over 6.5,LIGHT_GREEN,False,20251230,Toronto Maple Leafs,4,New Jersey Devils,0,LOSS
HISTORICAL_BACKFILL_BASELINE,HISTORICAL_BACKFILL,2026-01-01 00:49:31.967802+00:00,2026-01-01T00:49:31.967802+00:00,2025-12-30,nhl,33378585,BOS Bruins @ EDM Oilers,cf73f8495277e224450a2f3700029b7d,MONEYLINE,EDM Oilers,RED,False,20251230,Toronto Maple Leafs,4,New Jersey Devils,0,UNRESOLVED_TEAM
HISTORICAL_BACKFILL_BASELINE,HISTORICAL_BACKFILL,2026-01-01 00:49:31.979550+00:00,2026-01-01T00:49:31.979550+00:00,2025-12-30,nhl,33378585,BOS Bruins @ EDM Oilers,cf73f8495277e224450a2f3700029b7d,TOTAL,Over 6.5,LIGHT_GREEN,False,20251230,Toronto Maple Leafs,4,New Jersey Devils,0,LOSS
HISTORICAL_BACKFILL_BASELINE,HISTORICAL_BACKFILL,2026-01-01 00:52:49.657677+00:00,2026-01-01T00:52:49.657677+00:00,2025-12-30,nhl,33378585,BOS Bruins @ EDM Oilers,cf73f8495277e224450a2f3700029b7d,MONEYLINE,EDM Oilers,RED,False,20251230,Toronto Maple Leafs,4,New Jersey Devils,0,UNRESOLVED_TEAM
HISTORICAL_BACKFILL_BASELINE,HISTORICAL_BACKFILL,2026-01-01 00:52:49.669456+00:00,2026-01-01T00:52:49.669456+00:00,2025-12-30,nhl,33378585,BOS Bruins @ EDM Oilers,cf73f8495277e224450a2f3700029b7d,TOTAL,Over 6.5,LIGHT_GREEN,False,20251230,Toronto Maple Leafs,4,New Jersey Devils,0,LOSS
HISTORICAL_BACKFILL_BASELINE,HISTORICAL_BACKFILL,2026-01-01 00:28:39.238611+00:00,2026-01-01T00:28:39.238611+00:00,2025-12-30,nba,33372974,DEN Nuggets @ TOR Raptors,4c2a8c34c16cb68e085472a3c2e91868,TOTAL,Over 229.5,YELLOW,False,20251231,Toronto Raptors,103,Denver Nuggets,106,LOSS
HISTORICAL_BACKFILL_BASELINE,HISTORICAL_BACKFILL,2026-01-01 00:38:23.064539+00:00,2026-01-01T00:38:23.064539+00:00,2025-12-30,nba,33372974,DEN Nuggets @ TOR Raptors,4c2a8c34c16cb68e085472a3c2e91868,TOTAL,Over 229.5,YELLOW,False,20251231,Toronto Raptors,103,Denver Nuggets,106,LOSS
HISTORICAL_BACKFILL_BASELINE,HISTORICAL_BACKFILL,2026-01-01 00:40:29.340138+00:00,2026-01-01T00:40:29.340138+00:00,2025-12-30,nba,33372974,DEN Nuggets @ TOR Raptors,4c2a8c34c16cb68e085472a3c2e91868,TOTAL,Over 229.5,YELLOW,False,20251231,Toronto Raptors,103,Denver Nuggets,106,LOSS
HISTORICAL_BACKFILL_BASELINE,HISTORICAL_BACKFILL,2026-01-01 00:44:41.998125+00:00,2026-01-01T00:44:41.998125+00:00,2025-12-30,nba,33372974,DEN Nuggets @ TOR Raptors,4c2a8c34c16cb68e085472a3c2e91868,TOTAL,Over 229.5,YELLOW,False,20251231,Toronto Raptors,103,Denver Nuggets,106,LOSS
HISTORICAL_BACKFILL_BASELINE,HISTORICAL_BACKFILL,2026-01-01 00:49:31.976238+00:00,2026-01-01T00:49:31.976238+00:00,2025-12-30,nba,33372974,DEN Nuggets @ TOR Raptors,4c2a8c34c16cb68e085472a3c2e91868,TOTAL,Over 229.5,YELLOW,False,20251231,Toronto Raptors,103,Denver Nuggets,106,LOSS
HISTORICAL_BACKFILL_BASELINE,HISTORICAL_BACKFILL,2026-01-01 00:52:49.666334+00:00,2026-01-01T00:52:49.666334+00:00,2025-12-30,nba,33372974,DEN Nuggets @ TOR Raptors,4c2a8c34c16cb68e085472a3c2e91868,TOTAL,Over 229.5,YELLOW,False,20251231,Toronto Raptors,103,Denver Nuggets,106,LOSS
HISTORICAL_BACKFILL_BASELINE,HISTORICAL_BACKFILL,2026-01-01 00:28:39.247767+00:00,2026-01-01T00:28:39.247767+00:00,2025-12-30,ncaab,33383819,Florida Gulf Coast @ Central Arkansas,d1aec97a2f09bbaaa688abd25e6d0f05,SPREAD,Florida Gulf Coast -2.5,RED,False,20251230,North Carolina Tar Heels,79,Florida State Seminoles,66,LOSS
HISTORICAL_BACKFILL_BASELINE,HISTORICAL_BACKFILL,2026-01-01 00:38:23.073849+00:00,2026-01-01T00:38:23.073849+00:00,2025-12-30,ncaab,33383819,Florida Gulf Coast @ Central Arkansas,d1aec97a2f09bbaaa688abd25e6d0f05,SPREAD,Florida Gulf Coast -2.5,RED,False,20251230,North Carolina Tar Heels,79,Florida State Seminoles,66,LOSS
HISTORICAL_BACKFILL_BASELINE,HISTORICAL_BACKFILL,2026-01-01 00:40:29.349305+00:00,2026-01-01T00:40:29.349305+00:00,2025-12-30,ncaab,33383819,Florida Gulf Coast @ Central Arkansas,d1aec97a2f09bbaaa688abd25e6d0f05,SPREAD,Florida Gulf Coast -2.5,RED,False,20251230,North Carolina Tar Heels,79,Florida State Seminoles,66,LOSS
HISTORICAL_BACKFILL_BASELINE,HISTORICAL_BACKFILL,2026-01-01 00:44:42.008005+00:00,2026-01-01T00:44:42.008005+00:00,2025-12-30,ncaab,33383819,Florida Gulf Coast @ Central Arkansas,d1aec97a2f09bbaaa688abd25e6d0f05,SPREAD,Florida Gulf Coast -2.5,RED,False,20251230,North Carolina Tar Heels,79,Florida State Seminoles,66,LOSS
HISTORICAL_BACKFILL_BASELINE,HISTORICAL_BACKFILL,2026-01-01 00:49:31.985705+00:00,2026-01-01T00:49:31.985705+00:00,2025-12-30,ncaab,33383819,Florida Gulf Coast @ Central Arkansas,d1aec97a2f09bbaaa688abd25e6d0f05,SPREAD,Florida Gulf Coast -2.5,RED,False,20251230,North Carolina Tar Heels,79,Florida State Seminoles,66,LOSS
HISTORICAL_BACKFILL_BASELINE,HISTORICAL_BACKFILL,2026-01-01 00:52:49.675758+00:00,2026-01-01T00:52:49.675758+00:00,2025-12-30,ncaab,33383819,Florida Gulf Coast @ Central Arkansas,d1aec97a2f09bbaaa688abd25e6d0f05,SPREAD,Florida Gulf Coast -2.5,RED,False,20251230,North Carolina Tar Heels,79,Florida State Seminoles,66,LOSS
HISTORICAL_BACKFILL_BASELINE,HISTORICAL_BACKFILL,2026-01-01 00:28:39.233404+00:00,2026-01-01T00:28:39.233404+00:00,2025-12-30,ncaab,33380242,George Washington @ Richmond,f291e2f410f337120e6e280b991c9020,TOTAL,Over 162.5,LIGHT_GREEN,False,20251230,San Diego Toreros,93,Gonzaga Bulldogs,99,WIN
HISTORICAL_BACKFILL_BASELINE,HISTORICAL_BACKFILL,2026-01-01 00:38:23.059207+00:00,2026-01-01T00:38:23.059207+00:00,2025-12-30,ncaab,33380242,George Washington @ Richmond,f291e2f410f337120e6e280b991c9020,TOTAL,Over 162.5,LIGHT_GREEN,False,20251230,San Diego Toreros,93,Gonzaga Bulldogs,99,WIN
HISTORICAL_BACKFILL_BASELINE,HISTORICAL_BACKFILL,2026-01-01 00:40:29.334995+00:00,2026-01-01T00:40:29.334995+00:00,2025-12-30,ncaab,33380242,George Washington @ Richmond,f291e2f410f337120e6e280b991c9020,TOTAL,Over 162.5,LIGHT_GREEN,False,20251230,San Diego Toreros,93,Gonzaga Bulldogs,99,WIN
HISTORICAL_BACKFILL_BASELINE,HISTORICAL_BACKFILL,2026-01-01 00:44:41.992044+00:00,2026-01-01T00:44:41.992044+00:00,2025-12-30,ncaab,33380242,George Washington @ Richmond,f291e2f410f337120e6e280b991c9020,TOTAL,Over 162.5,LIGHT_GREEN,False,20251230,San Diego Toreros,93,Gonzaga Bulldogs,99,WIN
HISTORICAL_BACKFILL_BASELINE,HISTORICAL_BACKFILL,2026-01-01 00:49:31.971028+00:00,2026-01-01T00:49:31.971028+00:00,2025-12-30,ncaab,33380242,George Washington @ Richmond,f291e2f410f337120e6e280b991c9020,TOTAL,Over 162.5,LIGHT_GREEN,False,20251230,San Diego Toreros,93,Gonzaga Bulldogs,99,WIN
HISTORICAL_BACKFILL_BASELINE,HISTORICAL_BACKFILL,2026-01-01 00:52:49.661055+00:00,2026-01-01T00:52:49.661055+00:00,2025-12-30,ncaab,33380242,George Washington @ Richmond,f291e2f410f337120e6e280b991c9020,TOTAL,Over 162.5,LIGHT_GREEN,False,20251230,San Diego Toreros,93,Gonzaga Bulldogs,99,WIN
HISTORICAL_BACKFILL_BASELINE,HISTORICAL_BACKFILL,2026-01-01 00:28:39.240420+00:00,2026-01-01T00:28:39.240420+00:00,2025-12-30,ncaab,33383534,Georgia Southern @ Coastal Carolina,899f88134b97d9f2f5869f26ffef0e36,TOTAL,Over 157.5,LIGHT_GREEN,False,20251230,North Carolina Tar Heels,79,Florida State Seminoles,66,LOSS
HISTORICAL_BACKFILL_BASELINE,HISTORICAL_BACKFILL,2026-01-01 00:38:23.066421+00:00,2026-01-01T00:38:23.066421+00:00,2025-12-30,ncaab,33383534,Georgia Southern @ Coastal Carolina,899f88134b97d9f2f5869f26ffef0e36,TOTAL,Over 157.5,LIGHT_GREEN,False,20251230,North Carolina Tar Heels,79,Florida State Seminoles,66,LOSS
HISTORICAL_BACKFILL_BASELINE,HISTORICAL_BACKFILL,2026-01-01 00:40:29.341923+00:00,2026-01-01T00:40:29.341923+00:00,2025-12-30,ncaab,33383534,Georgia Southern @ Coastal Carolina,899f88134b97d9f2f5869f26ffef0e36,TOTAL,Over 157.5,LIGHT_GREEN,False,20251230,North Carolina Tar Heels,79,Florida State Seminoles,66,LOSS
HISTORICAL_BACKFILL_BASELINE,HISTORICAL_BACKFILL,2026-01-01 00:44:42.000075+00:00,2026-01-01T00:44:42.000075+00:00,2025-12-30,ncaab,33383534,Georgia Southern @ Coastal Carolina,899f88134b97d9f2f5869f26ffef0e36,TOTAL,Over 157.5,LIGHT_GREEN,False,20251230,North Carolina Tar Heels,79,Florida State Seminoles,66,LOSS
HISTORICAL_BACKFILL_BASELINE,HISTORICAL_BACKFILL,2026-01-01 00:49:31.978169+00:00,2026-01-01T00:49:31.978169+00:00,2025-12-30,ncaab,33383534,Georgia Southern @ Coastal Carolina,899f88134b97d9f2f5869f26ffef0e36,TOTAL,Over 157.5,LIGHT_GREEN,False,20251230,North Carolina Tar Heels,79,Florida State Seminoles,66,LOSS
HISTORICAL_BACKFILL_BASELINE,HISTORICAL_BACKFILL,2026-01-01 00:52:49.668161+00:00,2026-01-01T00:52:49.668161+00:00,2025-12-30,ncaab,33383534,Georgia Southern @ Coastal Carolina,899f88134b97d9f2f5869f26ffef0e36,TOTAL,Over 157.5,LIGHT_GREEN,False,20251230,North Carolina Tar Heels,79,Florida State Seminoles,66,LOSS
HISTORICAL_BACKFILL_BASELINE,HISTORICAL_BACKFILL,2026-01-01 00:28:39.247486+00:00,2026-01-01T00:28:39.247486+00:00,2025-12-30,ncaab,33383541,Green Bay @ Purdue Fort Wayne,24f162f957aa5597186d3e1ec319b4ef,SPREAD,Green Bay +7.5,LIGHT_GREEN,False,20251230,San Diego Toreros,93,Gonzaga Bulldogs,99,UNRESOLVED_TEAM
HISTORICAL_BACKFILL_BASELINE,HISTORICAL_BACKFILL,2026-01-01 00:38:23.073568+00:00,2026-01-01T00:38:23.073568+00:00,2025-12-30,ncaab,33383541,Green Bay @ Purdue Fort Wayne,24f162f957aa5597186d3e1ec319b4ef,SPREAD,Green Bay +7.5,LIGHT_GREEN,False,20251230,San Diego Toreros,93,Gonzaga Bulldogs,99,UNRESOLVED_TEAM
HISTORICAL_BACKFILL_BASELINE,HISTORICAL_BACKFILL,2026-01-01 00:40:29.349023+00:00,2026-01-01T00:40:29.349023+00:00,2025-12-30,ncaab,33383541,Green Bay @ Purdue Fort Wayne,24f162f957aa5597186d3e1ec319b4ef,SPREAD,Green Bay +7.5,LIGHT_GREEN,False,20251230,San Diego Toreros,93,Gonzaga Bulldogs,99,UNRESOLVED_TEAM
HISTORICAL_BACKFILL_BASELINE,HISTORICAL_BACKFILL,2026-01-01 00:44:42.007682+00:00,2026-01-01T00:44:42.007682+00:00,2025-12-30,ncaab,33383541,Green Bay @ Purdue Fort Wayne,24f162f957aa5597186d3e1ec319b4ef,SPREAD,Green Bay +7.5,LIGHT_GREEN,False,20251230,San Diego Toreros,93,Gonzaga Bulldogs,99,UNRESOLVED_TEAM
HISTORICAL_BACKFILL_BASELINE,HISTORICAL_BACKFILL,2026-01-01 00:49:31.985422+00:00,2026-01-01T00:49:31.985422+00:00,2025-12-30,ncaab,33383541,Green Bay @ Purdue Fort Wayne,24f162f957aa5597186d3e1ec319b4ef,SPREAD,Green Bay +7.5,LIGHT_GREEN,False,20251230,San Diego Toreros,93,Gonzaga Bulldogs,99,UNRESOLVED_TEAM
HISTORICAL_BACKFILL_BASELINE,HISTORICAL_BACKFILL,2026-01-01 00:52:49.675453+00:00,2026-01-01T00:52:49.675453+00:00,2025-12-30,ncaab,33383541,Green Bay @ Purdue Fort Wayne,24f162f957aa5597186d3e1ec319b4ef,SPREAD,Green Bay +7.5,LIGHT_GREEN,False,20251230,San Diego Toreros,93,Gonzaga Bulldogs,99,UNRESOLVED_TEAM
HISTORICAL_BACKFILL_BASELINE,HISTORICAL_BACKFILL,2026-01-01 00:28:39.219598+00:00,2026-01-01T00:28:39.219598+00:00,2025-12-30,nba,33372971,GS Warriors @ CHA Hornets,047268ee3a65dc6c981fc3e16e581407,MONEYLINE,GS Warriors,YELLOW,False,20251231,Charlotte Hornets,125,Golden State Warriors,132,WIN
HISTORICAL_BACKFILL_BASELINE,HISTORICAL_BACKFILL,2026-01-01 00:28:39.230682+00:00,2026-01-01T00:28:39.230682+00:00,2025-12-30,nba,33372971,GS Warriors @ CHA Hornets,047268ee3a65dc6c981fc3e16e581407,TOTAL,Over 235.5,YELLOW,False,20251231,Charlotte Hornets,125,Golden State Warriors,132,WIN
HISTORICAL_BACKFILL_BASELINE,HISTORICAL_BACKFILL,2026-01-01 00:38:23.045985+00:00,2026-01-01T00:38:23.045985+00:00,2025-12-30,nba,33372971,GS Warriors @ CHA Hornets,047268ee3a65dc6c981fc3e16e581407,MONEYLINE,GS Warriors,YELLOW,False,20251231,Charlotte Hornets,125,Golden State Warriors,132,WIN
HISTORICAL_BACKFILL_BASELINE,HISTORICAL_BACKFILL,2026-01-01 00:38:23.056532+00:00,2026-01-01T00:38:23.056532+00:00,2025-12-30,nba,33372971,GS Warriors @ CHA Hornets,047268ee3a65dc6c981fc3e16e581407,TOTAL,Over 235.5,YELLOW,False,20251231,Charlotte Hornets,125,Golden State Warriors,132,WIN
HISTORICAL_BACKFILL_BASELINE,HISTORICAL_BACKFILL,2026-01-01 00:40:29.321768+00:00,2026-01-01T00:40:29.321768+00:00,2025-12-30,nba,33372971,GS Warriors @ CHA Hornets,047268ee3a65dc6c981fc3e16e581407,MONEYLINE,GS Warriors,YELLOW,False,20251231,Charlotte Hornets,125,Golden State Warriors,132,WIN
HISTORICAL_BACKFILL_BASELINE,HISTORICAL_BACKFILL,2026-01-01 00:40:29.332313+00:00,2026-01-01T00:40:29.332313+00:00,2025-12-30,nba,33372971,GS Warriors @ CHA Hornets,047268ee3a65dc6c981fc3e16e581407,TOTAL,Over 235.5,YELLOW,False,20251231,Charlotte Hornets,125,Golden State Warriors,132,WIN
HISTORICAL_BACKFILL_BASELINE,HISTORICAL_BACKFILL,2026-01-01 00:44:41.977273+00:00,2026-01-01T00:44:41.977273+00:00,2025-12-30,nba,33372971,GS Warriors @ CHA Hornets,047268ee3a65dc6c981fc3e16e581407,MONEYLINE,GS Warriors,YELLOW,False,20251231,Charlotte Hornets,125,Golden State Warriors,132,WIN
HISTORICAL_BACKFILL_BASELINE,HISTORICAL_BACKFILL,2026-01-01 00:44:41.989219+00:00,2026-01-01T00:44:41.989219+00:00,2025-12-30,nba,33372971,GS Warriors @ CHA Hornets,047268ee3a65dc6c981fc3e16e581407,TOTAL,Over 235.5,YELLOW,False,20251231,Charlotte Hornets,125,Golden State Warriors,132,WIN
HISTORICAL_BACKFILL_BASELINE,HISTORICAL_BACKFILL,2026-01-01 00:49:31.957726+00:00,2026-01-01T00:49:31.957726+00:00,2025-12-30,nba,33372971,GS Warriors @ CHA Hornets,047268ee3a65dc6c981fc3e16e581407,MONEYLINE,GS Warriors,YELLOW,False,20251231,Charlotte Hornets,125,Golden State Warriors,132,WIN
HISTORICAL_BACKFILL_BASELINE,HISTORICAL_BACKFILL,2026-01-01 00:49:31.968371+00:00,2026-01-01T00:49:31.968371+00:00,2025-12-30,nba,33372971,GS Warriors @ CHA Hornets,047268ee3a65dc6c981fc3e16e581407,TOTAL,Over 235.5,YELLOW,False,20251231,Charlotte Hornets,125,Golden State Warriors,132,WIN
HISTORICAL_BACKFILL_BASELINE,HISTORICAL_BACKFILL,2026-01-01 00:52:49.647823+00:00,2026-01-01T00:52:49.647823+00:00,2025-12-30,nba,33372971,GS Warriors @ CHA Hornets,047268ee3a65dc6c981fc3e16e581407,MONEYLINE,GS Warriors,YELLOW,False,20251231,Charlotte Hornets,125,Golden State Warriors,132,WIN
HISTORICAL_BACKFILL_BASELINE,HISTORICAL_BACKFILL,2026-01-01 00:52:49.658265+00:00,2026-01-01T00:52:49.658265+00:00,2025-12-30,nba,33372971,GS Warriors @ CHA Hornets,047268ee3a65dc6c981fc3e16e581407,TOTAL,Over 235.5,YELLOW,False,20251231,Charlotte Hornets,125,Golden State Warriors,132,WIN
HISTORICAL_BACKFILL_BASELINE,HISTORICAL_BACKFILL,2026-01-01 00:28:39.220087+00:00,2026-01-01T00:28:39.220087+00:00,2025-12-30,ncaaf,33273680,Iowa @ Vanderbilt,e25618fd3d51dbb9712ee84170e8912b,MONEYLINE,Vanderbilt,RED,False,20251230,Vanderbilt Commodores,27,Iowa Hawkeyes,34,LOSS
HISTORICAL_BACKFILL_BASELINE,HISTORICAL_BACKFILL,2026-01-01 00:38:23.046455+00:00,2026-01-01T00:38:23.046455+00:00,2025-12-30,ncaaf,33273680,Iowa @ Vanderbilt,e25618fd3d51dbb9712ee84170e8912b,MONEYLINE,Vanderbilt,RED,False,20251230,Vanderbilt Commodores,27,Iowa Hawkeyes,34,LOSS
HISTORICAL_BACKFILL_BASELINE,HISTORICAL_BACKFILL,2026-01-01 00:40:29.322238+00:00,2026-01-01T00:40:29.322238+00:00,2025-12-30,ncaaf,33273680,Iowa @ Vanderbilt,e25618fd3d51dbb9712ee84170e8912b,MONEYLINE,Vanderbilt,RED,False,20251230,Vanderbilt Commodores,27,Iowa Hawkeyes,34,LOSS
HISTORICAL_BACKFILL_BASELINE,HISTORICAL_BACKFILL,2026-01-01 00:44:41.977822+00:00,2026-01-01T00:44:41.977822+00:00,2025-12-30,ncaaf,33273680,Iowa @ Vanderbilt,e25618fd3d51dbb9712ee84170e8912b,MONEYLINE,Vanderbilt,RED,False,20251230,Vanderbilt Commodores,27,Iowa Hawkeyes,34,LOSS
HISTORICAL_BACKFILL_BASELINE,HISTORICAL_BACKFILL,2026-01-01 00:49:31.958235+00:00,2026-01-01T00:49:31.958235+00:00,2025-12-30,ncaaf,33273680,Iowa @ Vanderbilt,e25618fd3d51dbb9712ee84170e8912b,MONEYLINE,Vanderbilt,RED,False,20251230,Vanderbilt Commodores,27,Iowa Hawkeyes,34,LOSS
HISTORICAL_BACKFILL_BASELINE,HISTORICAL_BACKFILL,2026-01-01 00:52:49.648295+00:00,2026-01-01T00:52:49.648295+00:00,2025-12-30,ncaaf,33273680,Iowa @ Vanderbilt,e25618fd3d51dbb9712ee84170e8912b,MONEYLINE,Vanderbilt,RED,False,20251230,Vanderbilt Commodores,27,Iowa Hawkeyes,34,LOSS
HISTORICAL_BACKFILL_BASELINE,HISTORICAL_BACKFILL,2026-01-01 00:28:39.239573+00:00,2026-01-01T00:28:39.239573+00:00,2025-12-30,ncaab,33383540,IU Indianapolis @ Northern Kentucky,119de5c81cb5db58df3041ead8733667,TOTAL,Over 177.5,LIGHT_GREEN,False,20251230,San Diego Toreros,93,Gonzaga Bulldogs,99,WIN
HISTORICAL_BACKFILL_BASELINE,HISTORICAL_BACKFILL,2026-01-01 00:28:39.239885+00:00,2026-01-01T00:28:39.239885+00:00,2025-12-30,ncaab,33383540,IU Indianapolis @ Northern Kentucky,119de5c81cb5db58df3041ead8733667,TOTAL,Under 177.5,RED,False,20251230,San Diego Toreros,93,Gonzaga Bulldogs,99,LOSS
HISTORICAL_BACKFILL_BASELINE,HISTORICAL_BACKFILL,2026-01-01 00:38:23.065527+00:00,2026-01-01T00:38:23.065527+00:00,2025-12-30,ncaab,33383540,IU Indianapolis @ Northern Kentucky,119de5c81cb5db58df3041ead8733667,TOTAL,Over 177.5,LIGHT_GREEN,False,20251230,San Diego Toreros,93,Gonzaga Bulldogs,99,WIN
HISTORICAL_BACKFILL_BASELINE,HISTORICAL_BACKFILL,2026-01-01 00:38:23.065861+00:00,2026-01-01T00:38:23.065861+00:00,2025-12-30,ncaab,33383540,IU Indianapolis @ Northern Kentucky,119de5c81cb5db58df3041ead8733667,TOTAL,Under 177.5,RED,False,20251230,San Diego Toreros,93,Gonzaga Bulldogs,99,LOSS
HISTORICAL_BACKFILL_BASELINE,HISTORICAL_BACKFILL,2026-01-01 00:40:29.341072+00:00,2026-01-01T00:40:29.341072+00:00,2025-12-30,ncaab,33383540,IU Indianapolis @ Northern Kentucky,119de5c81cb5db58df3041ead8733667,TOTAL,Over 177.5,LIGHT_GREEN,False,20251230,San Diego Toreros,93,Gonzaga Bulldogs,99,WIN
HISTORICAL_BACKFILL_BASELINE,HISTORICAL_BACKFILL,2026-01-01 00:40:29.341386+00:00,2026-01-01T00:40:29.341386+00:00,2025-12-30,ncaab,33383540,IU Indianapolis @ Northern Kentucky,119de5c81cb5db58df3041ead8733667,TOTAL,Under 177.5,RED,False,20251230,San Diego Toreros,93,Gonzaga Bulldogs,99,LOSS
HISTORICAL_BACKFILL_BASELINE,HISTORICAL_BACKFILL,2026-01-01 00:44:41.999153+00:00,2026-01-01T00:44:41.999153+00:00,2025-12-30,ncaab,33383540,IU Indianapolis @ Northern Kentucky,119de5c81cb5db58df3041ead8733667,TOTAL,Over 177.5,LIGHT_GREEN,False,20251230,San Diego Toreros,93,Gonzaga Bulldogs,99,WIN
HISTORICAL_BACKFILL_BASELINE,HISTORICAL_BACKFILL,2026-01-01 00:44:41.999497+00:00,2026-01-01T00:44:41.999497+00:00,2025-12-30,ncaab,33383540,IU Indianapolis @ Northern Kentucky,119de5c81cb5db58df3041ead8733667,TOTAL,Under 177.5,RED,False,20251230,San Diego Toreros,93,Gonzaga Bulldogs,99,LOSS
HISTORICAL_BACKFILL_BASELINE,HISTORICAL_BACKFILL,2026-01-01 00:49:31.977245+00:00,2026-01-01T00:49:31.977245+00:00,2025-12-30,ncaab,33383540,IU Indianapolis @ Northern Kentucky,119de5c81cb5db58df3041ead8733667,TOTAL,Over 177.5,LIGHT_GREEN,False,20251230,San Diego Toreros,93,Gonzaga Bulldogs,99,WIN
HISTORICAL_BACKFILL_BASELINE,HISTORICAL_BACKFILL,2026-01-01 00:49:31.977605+00:00,2026-01-01T00:49:31.977605+00:00,2025-12-30,ncaab,33383540,IU Indianapolis @ Northern Kentucky,119de5c81cb5db58df3041ead8733667,TOTAL,Under 177.5,RED,False,20251230,San Diego Toreros,93,Gonzaga Bulldogs,99,LOSS
HISTORICAL_BACKFILL_BASELINE,HISTORICAL_BACKFILL,2026-01-01 00:52:49.667311+00:00,2026-01-01T00:52:49.667311+00:00,2025-12-30,ncaab,33383540,IU Indianapolis @ Northern Kentucky,119de5c81cb5db58df3041ead8733667,TOTAL,Over 177.5,LIGHT_GREEN,False,20251230,San Diego Toreros,93,Gonzaga Bulldogs,99,WIN
HISTORICAL_BACKFILL_BASELINE,HISTORICAL_BACKFILL,2026-01-01 00:52:49.667627+00:00,2026-01-01T00:52:49.667627+00:00,2025-12-30,ncaab,33383540,IU Indianapolis @ Northern Kentucky,119de5c81cb5db58df3041ead8733667,TOTAL,Under 177.5,RED,False,20251230,San Diego Toreros,93,Gonzaga Bulldogs,99,LOSS
HISTORICAL_BACKFILL_BASELINE,HISTORICAL_BACKFILL,2026-01-01 00:28:39.221076+00:00,2026-01-01T00:28:39.221076+00:00,2025-12-30,ncaab,33380246,Lamar @ East Texas A&M,3c6075ca7052e9cf08df4c4314cf8e49,MONEYLINE,Lamar,YELLOW,False,20251230,San Diego Toreros,93,Gonzaga Bulldogs,99,UNRESOLVED_TEAM
HISTORICAL_BACKFILL_BASELINE,HISTORICAL_BACKFILL,2026-01-01 00:38:23.047419+00:00,2026-01-01T00:38:23.047419+00:00,2025-12-30,ncaab,33380246,Lamar @ East Texas A&M,3c6075ca7052e9cf08df4c4314cf8e49,MONEYLINE,Lamar,YELLOW,False,20251230,San Diego Toreros,93,Gonzaga Bulldogs,99,UNRESOLVED_TEAM
HISTORICAL_BACKFILL_BASELINE,HISTORICAL_BACKFILL,2026-01-01 00:40:29.323199+00:00,2026-01-01T00:40:29.323199+00:00,2025-12-30,ncaab,33380246,Lamar @ East Texas A&M,3c6075ca7052e9cf08df4c4314cf8e49,MONEYLINE,Lamar,YELLOW,False,20251230,San Diego Toreros,93,Gonzaga Bulldogs,99,UNRESOLVED_TEAM
HISTORICAL_BACKFILL_BASELINE,HISTORICAL_BACKFILL,2026-01-01 00:44:41.978818+00:00,2026-01-01T00:44:41.978818+00:00,2025-12-30,ncaab,33380246,Lamar @ East Texas A&M,3c6075ca7052e9cf08df4c4314cf8e49,MONEYLINE,Lamar,YELLOW,False,20251230,San Diego Toreros,93,Gonzaga Bulldogs,99,UNRESOLVED_TEAM
HISTORICAL_BACKFILL_BASELINE,HISTORICAL_BACKFILL,2026-01-01 00:49:31.959205+00:00,2026-01-01T00:49:31.959205+00:00,2025-12-30,ncaab,33380246,Lamar @ East Texas A&M,3c6075ca7052e9cf08df4c4314cf8e49,MONEYLINE,Lamar,YELLOW,False,20251230,San Diego Toreros,93,Gonzaga Bulldogs,99,UNRESOLVED_TEAM
HISTORICAL_BACKFILL_BASELINE,HISTORICAL_BACKFILL,2026-01-01 00:52:49.649268+00:00,2026-01-01T00:52:49.649268+00:00,2025-12-30,ncaab,33380246,Lamar @ East Texas A&M,3c6075ca7052e9cf08df4c4314cf8e49,MONEYLINE,Lamar,YELLOW,False,20251230,San Diego Toreros,93,Gonzaga Bulldogs,99,UNRESOLVED_TEAM
HISTORICAL_BACKFILL_BASELINE,HISTORICAL_BACKFILL,2026-01-01 00:28:39.231339+00:00,2026-01-01T00:28:39.231339+00:00,2025-12-30,ncaaf,33273274,Michigan @ Texas,7946cfe026cc7a3709b33be495314fc3,TOTAL,Over 48.5,LIGHT_GREEN,False,20251230,Texas Longhorns,41,Michigan Wolverines,27,WIN
HISTORICAL_BACKFILL_BASELINE,HISTORICAL_BACKFILL,2026-01-01 00:38:23.057205+00:00,2026-01-01T00:38:23.057205+00:00,2025-12-30,ncaaf,33273274,Michigan @ Texas,7946cfe026cc7a3709b33be495314fc3,TOTAL,Over 48.5,LIGHT_GREEN,False,20251230,Texas Longhorns,41,Michigan Wolverines,27,WIN
HISTORICAL_BACKFILL_BASELINE,HISTORICAL_BACKFILL,2026-01-01 00:40:29.332998+00:00,2026-01-01T00:40:29.332998+00:00,2025-12-30,ncaaf,33273274,Michigan @ Texas,7946cfe026cc7a3709b33be495314fc3,TOTAL,Over 48.5,LIGHT_GREEN,False,20251230,Texas Longhorns,41,Michigan Wolverines,27,WIN
HISTORICAL_BACKFILL_BASELINE,HISTORICAL_BACKFILL,2026-01-01 00:44:41.989919+00:00,2026-01-01T00:44:41.989919+00:00,2025-12-30,ncaaf,33273274,Michigan @ Texas,7946cfe026cc7a3709b33be495314fc3,TOTAL,Over 48.5,LIGHT_GREEN,False,20251230,Texas Longhorns,41,Michigan Wolverines,27,WIN
HISTORICAL_BACKFILL_BASELINE,HISTORICAL_BACKFILL,2026-01-01 00:49:31.969029+00:00,2026-01-01T00:49:31.969029+00:00,2025-12-30,ncaaf,33273274,Michigan @ Texas,7946cfe026cc7a3709b33be495314fc3,TOTAL,Over 48.5,LIGHT_GREEN,False,20251230,Texas Longhorns,41,Michigan Wolverines,27,WIN
HISTORICAL_BACKFILL_BASELINE,HISTORICAL_BACKFILL,2026-01-01 00:52:49.658964+00:00,2026-01-01T00:52:49.658964+00:00,2025-12-30,ncaaf,33273274,Michigan @ Texas,7946cfe026cc7a3709b33be495314fc3,TOTAL,Over 48.5,LIGHT_GREEN,False,20251230,Texas Longhorns,41,Michigan Wolverines,27,WIN
HISTORICAL_BACKFILL_BASELINE,HISTORICAL_BACKFILL,2026-01-01 00:28:39.239265+00:00,2026-01-01T00:28:39.239265+00:00,2025-12-30,ncaab,33383539,Milwaukee @ Wright State,3dc6a29b63d2b57f6a8a90cb3531c315,TOTAL,Over 149.5,LIGHT_GREEN,False,20251230,San Diego Toreros,93,Gonzaga Bulldogs,99,WIN
HISTORICAL_BACKFILL_BASELINE,HISTORICAL_BACKFILL,2026-01-01 00:38:23.065234+00:00,2026-01-01T00:38:23.065234+00:00,2025-12-30,ncaab,33383539,Milwaukee @ Wright State,3dc6a29b63d2b57f6a8a90cb3531c315,TOTAL,Over 149.5,LIGHT_GREEN,False,20251230,San Diego Toreros,93,Gonzaga Bulldogs,99,WIN
HISTORICAL_BACKFILL_BASELINE,HISTORICAL_BACKFILL,2026-01-01 00:40:29.340794+00:00,2026-01-01T00:40:29.340794+00:00,2025-12-30,ncaab,33383539,Milwaukee @ Wright State,3dc6a29b63d2b57f6a8a90cb3531c315,TOTAL,Over 149.5,LIGHT_GREEN,False,20251230,San Diego Toreros,93,Gonzaga Bulldogs,99,WIN
HISTORICAL_BACKFILL_BASELINE,HISTORICAL_BACKFILL,2026-01-01 00:44:41.998845+00:00,2026-01-01T00:44:41.998845+00:00,2025-12-30,ncaab,33383539,Milwaukee @ Wright State,3dc6a29b63d2b57f6a8a90cb3531c315,TOTAL,Over 149.5,LIGHT_GREEN,False,20251230,San Diego Toreros,93,Gonzaga Bulldogs,99,WIN
HISTORICAL_BACKFILL_BASELINE,HISTORICAL_BACKFILL,2026-01-01 00:49:31.976907+00:00,2026-01-01T00:49:31.976907+00:00,2025-12-30,ncaab,33383539,Milwaukee @ Wright State,3dc6a29b63d2b57f6a8a90cb3531c315,TOTAL,Over 149.5,LIGHT_GREEN,False,20251230,San Diego Toreros,93,Gonzaga Bulldogs,99,WIN
HISTORICAL_BACKFILL_BASELINE,HISTORICAL_BACKFILL,2026-01-01 00:52:49.667001+00:00,2026-01-01T00:52:49.667001+00:00,2025-12-30,ncaab,33383539,Milwaukee @ Wright State,3dc6a29b63d2b57f6a8a90cb3531c315,TOTAL,Over 149.5,LIGHT_GREEN,False,20251230,San Diego Toreros,93,Gonzaga Bulldogs,99,WIN
HISTORICAL_BACKFILL_BASELINE,HISTORICAL_BACKFILL,2026-01-01 00:28:39.219146+00:00,2026-01-01T00:28:39.219146+00:00,2025-12-30,nba,33372972,MIN Timberwolves @ ATL Hawks,a91bb3ba67214bf6f98cd652efc4ef31,MONEYLINE,MIN Timberwolves,YELLOW,False,20251231,Atlanta Hawks,126,Minnesota Timberwolves,102,LOSS
HISTORICAL_BACKFILL_BASELINE,HISTORICAL_BACKFILL,2026-01-01 00:38:23.045573+00:00,2026-01-01T00:38:23.045573+00:00,2025-12-30,nba,33372972,MIN Timberwolves @ ATL Hawks,a91bb3ba67214bf6f98cd652efc4ef31,MONEYLINE,MIN Timberwolves,YELLOW,False,20251231,Atlanta Hawks,126,Minnesota Timberwolves,102,LOSS
HISTORICAL_BACKFILL_BASELINE,HISTORICAL_BACKFILL,2026-01-01 00:40:29.321325+00:00,2026-01-01T00:40:29.321325+00:00,2025-12-30,nba,33372972,MIN Timberwolves @ ATL Hawks,a91bb3ba67214bf6f98cd652efc4ef31,MONEYLINE,MIN Timberwolves,YELLOW,False,20251231,Atlanta Hawks,126,Minnesota Timberwolves,102,LOSS
HISTORICAL_BACKFILL_BASELINE,HISTORICAL_BACKFILL,2026-01-01 00:44:41.976776+00:00,2026-01-01T00:44:41.976776+00:00,2025-12-30,nba,33372972,MIN Timberwolves @ ATL Hawks,a91bb3ba67214bf6f98cd652efc4ef31,MONEYLINE,MIN Timberwolves,YELLOW,False,20251231,Atlanta Hawks,126,Minnesota Timberwolves,102,LOSS
HISTORICAL_BACKFILL_BASELINE,HISTORICAL_BACKFILL,2026-01-01 00:49:31.957269+00:00,2026-01-01T00:49:31.957269+00:00,2025-12-30,nba,33372972,MIN Timberwolves @ ATL Hawks,a91bb3ba67214bf6f98cd652efc4ef31,MONEYLINE,MIN Timberwolves,YELLOW,False,20251231,Atlanta Hawks,126,Minnesota Timberwolves,102,LOSS
HISTORICAL_BACKFILL_BASELINE,HISTORICAL_BACKFILL,2026-01-01 00:52:49.647380+00:00,2026-01-01T00:52:49.647380+00:00,2025-12-30,nba,33372972,MIN Timberwolves @ ATL Hawks,a91bb3ba67214bf6f98cd652efc4ef31,MONEYLINE,MIN Timberwolves,YELLOW,False,20251231,Atlanta Hawks,126,Minnesota Timberwolves,102,LOSS
HISTORICAL_BACKFILL_BASELINE,HISTORICAL_BACKFILL,2026-01-01 00:28:39.223240+00:00,2026-01-01T00:28:39.223240+00:00,2025-12-30,nhl,33378579,MIN Wild @ SJ Sharks,83c2470dbed303edf0c3795d24cce948,MONEYLINE,MIN Wild,YELLOW,False,20251231,San Jose Sharks,4,Minnesota Wild,3,LOSS
HISTORICAL_BACKFILL_BASELINE,HISTORICAL_BACKFILL,2026-01-01 00:38:23.048732+00:00,2026-01-01T00:38:23.048732+00:00,2025-12-30,nhl,33378579,MIN Wild @ SJ Sharks,83c2470dbed303edf0c3795d24cce948,MONEYLINE,MIN Wild,YELLOW,False,20251231,San Jose Sharks,4,Minnesota Wild,3,LOSS
HISTORICAL_BACKFILL_BASELINE,HISTORICAL_BACKFILL,2026-01-01 00:40:29.324477+00:00,2026-01-01T00:40:29.324477+00:00,2025-12-30,nhl,33378579,MIN Wild @ SJ Sharks,83c2470dbed303edf0c3795d24cce948,MONEYLINE,MIN Wild,YELLOW,False,20251231,San Jose Sharks,4,Minnesota Wild,3,LOSS
HISTORICAL_BACKFILL_BASELINE,HISTORICAL_BACKFILL,2026-01-01 00:44:41.980601+00:00,2026-01-01T00:44:41.980601+00:00,2025-12-30,nhl,33378579,MIN Wild @ SJ Sharks,83c2470dbed303edf0c3795d24cce948,MONEYLINE,MIN Wild,YELLOW,False,20251231,San Jose Sharks,4,Minnesota Wild,3,LOSS
HISTORICAL_BACKFILL_BASELINE,HISTORICAL_BACKFILL,2026-01-01 00:49:31.960512+00:00,2026-01-01T00:49:31.960512+00:00,2025-12-30,nhl,33378579,MIN Wild @ SJ Sharks,83c2470dbed303edf0c3795d24cce948,MONEYLINE,MIN Wild,YELLOW,False,20251231,San Jose Sharks,4,Minnesota Wild,3,LOSS
HISTORICAL_BACKFILL_BASELINE,HISTORICAL_BACKFILL,2026-01-01 00:52:49.650606+00:00,2026-01-01T00:52:49.650606+00:00,2025-12-30,nhl,33378579,MIN Wild @ SJ Sharks,83c2470dbed303edf0c3795d24cce948,MONEYLINE,MIN Wild,YELLOW,False,20251231,San Jose Sharks,4,Minnesota Wild,3,LOSS
HISTORICAL_BACKFILL_BASELINE,HISTORICAL_BACKFILL,2026-01-01 00:28:39.240793+00:00,2026-01-01T00:28:39.240793+00:00,2025-12-30,nhl,33382324,MTL Canadiens @ CAR Hurricanes,b7fd359fc8b1ce2d543806d44157c56e,TOTAL,Over 6.5,LIGHT_GREEN,False,20251230,Florida Panthers,2,Montreal Canadiens,3,LOSS
HISTORICAL_BACKFILL_BASELINE,HISTORICAL_BACKFILL,2026-01-01 00:38:23.066814+00:00,2026-01-01T00:38:23.066814+00:00,2025-12-30,nhl,33382324,MTL Canadiens @ CAR Hurricanes,b7fd359fc8b1ce2d543806d44157c56e,TOTAL,Over 6.5,LIGHT_GREEN,False,20251230,Florida Panthers,2,Montreal Canadiens,3,LOSS
HISTORICAL_BACKFILL_BASELINE,HISTORICAL_BACKFILL,2026-01-01 00:40:29.342307+00:00,2026-01-01T00:40:29.342307+00:00,2025-12-30,nhl,33382324,MTL Canadiens @ CAR Hurricanes,b7fd359fc8b1ce2d543806d44157c56e,TOTAL,Over 6.5,LIGHT_GREEN,False,20251230,Florida Panthers,2,Montreal Canadiens,3,LOSS
HISTORICAL_BACKFILL_BASELINE,HISTORICAL_BACKFILL,2026-01-01 00:44:42.000484+00:00,2026-01-01T00:44:42.000484+00:00,2025-12-30,nhl,33382324,MTL Canadiens @ CAR Hurricanes,b7fd359fc8b1ce2d543806d44157c56e,TOTAL,Over 6.5,LIGHT_GREEN,False,20251230,Florida Panthers,2,Montreal Canadiens,3,LOSS
HISTORICAL_BACKFILL_BASELINE,HISTORICAL_BACKFILL,2026-01-01 00:49:31.978568+00:00,2026-01-01T00:49:31.978568+00:00,2025-12-30,nhl,33382324,MTL Canadiens @ CAR Hurricanes,b7fd359fc8b1ce2d543806d44157c56e,TOTAL,Over 6.5,LIGHT_GREEN,False,20251230,Florida Panthers,2,Montreal Canadiens,3,LOSS
HISTORICAL_BACKFILL_BASELINE,HISTORICAL_BACKFILL,2026-01-01 00:52:49.668542+00:00,2026-01-01T00:52:49.668542+00:00,2025-12-30,nhl,33382324,MTL Canadiens @ CAR Hurricanes,b7fd359fc8b1ce2d543806d44157c56e,TOTAL,Over 6.5,LIGHT_GREEN,False,20251230,Florida Panthers,2,Montreal Canadiens,3,LOSS
HISTORICAL_BACKFILL_BASELINE,HISTORICAL_BACKFILL,2026-01-01 00:28:39.237022+00:00,2026-01-01T00:28:39.237022+00:00,2025-12-30,ncaaf,33273285,Navy @ Cincinnati,15d31388ea8eb5d756fd289f9a218ecc,TOTAL,Over 54.5,LIGHT_GREEN,False,20251230,Ohio State Buckeyes,14,Miami Hurricanes,24,LOSS
HISTORICAL_BACKFILL_BASELINE,HISTORICAL_BACKFILL,2026-01-01 00:38:23.062854+00:00,2026-01-01T00:38:23.062854+00:00,2025-12-30,ncaaf,33273285,Navy @ Cincinnati,15d31388ea8eb5d756fd289f9a218ecc,TOTAL,Over 54.5,LIGHT_GREEN,False,20251230,Ohio State Buckeyes,14,Miami Hurricanes,24,LOSS
HISTORICAL_BACKFILL_BASELINE,HISTORICAL_BACKFILL,2026-01-01 00:40:29.338553+00:00,2026-01-01T00:40:29.338553+00:00,2025-12-30,ncaaf,33273285,Navy @ Cincinnati,15d31388ea8eb5d756fd289f9a218ecc,TOTAL,Over 54.5,LIGHT_GREEN,False,20251230,Ohio State Buckeyes,14,Miami Hurricanes,24,LOSS
HISTORICAL_BACKFILL_BASELINE,HISTORICAL_BACKFILL,2026-01-01 00:44:41.996307+00:00,2026-01-01T00:44:41.996307+00:00,2025-12-30,ncaaf,33273285,Navy @ Cincinnati,15d31388ea8eb5d756fd289f9a218ecc,TOTAL,Over 54.5,LIGHT_GREEN,False,20251230,Ohio State Buckeyes,14,Miami Hurricanes,24,LOSS
HISTORICAL_BACKFILL_BASELINE,HISTORICAL_BACKFILL,2026-01-01 00:49:31.974661+00:00,2026-01-01T00:49:31.974661+00:00,2025-12-30,ncaaf,33273285,Navy @ Cincinnati,15d31388ea8eb5d756fd289f9a218ecc,TOTAL,Over 54.5,LIGHT_GREEN,False,20251230,Ohio State Buckeyes,14,Miami Hurricanes,24,LOSS
HISTORICAL_BACKFILL_BASELINE,HISTORICAL_BACKFILL,2026-01-01 00:52:49.664745+00:00,2026-01-01T00:52:49.664745+00:00,2025-12-30,ncaaf,33273285,Navy @ Cincinnati,15d31388ea8eb5d756fd289f9a218ecc,TOTAL,Over 54.5,LIGHT_GREEN,False,20251230,Ohio State Buckeyes,14,Miami Hurricanes,24,LOSS
HISTORICAL_BACKFILL_BASELINE,HISTORICAL_BACKFILL,2026-01-01 00:28:39.224082+00:00,2026-01-01T00:28:39.224082+00:00,2025-12-30,ncaab,33380255,New Orleans @ A&M-Corpus Christi,97dfc68e78e637e9d6c5dcfe66f827e7,MONEYLINE,A&M-Corpus Christi,YELLOW,False,20251230,Nebraska Cornhuskers,86,New Hampshire Wildcats,55,UNRESOLVED_TEAM
HISTORICAL_BACKFILL_BASELINE,HISTORICAL_BACKFILL,2026-01-01 00:28:39.233896+00:00,2026-01-01T00:28:39.233896+00:00,2025-12-30,ncaab,33380255,New Orleans @ A&M-Corpus Christi,97dfc68e78e637e9d6c5dcfe66f827e7,TOTAL,Under 143.5,LIGHT_GREEN,False,20251230,Nebraska Cornhuskers,86,New Hampshire Wildcats,55,WIN
HISTORICAL_BACKFILL_BASELINE,HISTORICAL_BACKFILL,2026-01-01 00:38:23.049637+00:00,2026-01-01T00:38:23.049637+00:00,2025-12-30,ncaab,33380255,New Orleans @ A&M-Corpus Christi,97dfc68e78e637e9d6c5dcfe66f827e7,MONEYLINE,A&M-Corpus Christi,YELLOW,False,20251230,Nebraska Cornhuskers,86,New Hampshire Wildcats,55,UNRESOLVED_TEAM
HISTORICAL_BACKFILL_BASELINE,HISTORICAL_BACKFILL,2026-01-01 00:38:23.059674+00:00,2026-01-01T00:38:23.059674+00:00,2025-12-30,ncaab,33380255,New Orleans @ A&M-Corpus Christi,97dfc68e78e637e9d6c5dcfe66f827e7,TOTAL,Under 143.5,LIGHT_GREEN,False,20251230,Nebraska Cornhuskers,86,New Hampshire Wildcats,55,WIN
HISTORICAL_BACKFILL_BASELINE,HISTORICAL_BACKFILL,2026-01-01 00:40:29.325324+00:00,2026-01-01T00:40:29.325324+00:00,2025-12-30,ncaab,33380255,New Orleans @ A&M-Corpus Christi,97dfc68e78e637e9d6c5dcfe66f827e7,MONEYLINE,A&M-Corpus Christi,YELLOW,False,20251230,Nebraska Cornhuskers,86,New Hampshire Wildcats,55,UNRESOLVED_TEAM
HISTORICAL_BACKFILL_BASELINE,HISTORICAL_BACKFILL,2026-01-01 00:40:29.335461+00:00,2026-01-01T00:40:29.335461+00:00,2025-12-30,ncaab,33380255,New Orleans @ A&M-Corpus Christi,97dfc68e78e637e9d6c5dcfe66f827e7,TOTAL,Under 143.5,LIGHT_GREEN,False,20251230,Nebraska Cornhuskers,86,New Hampshire Wildcats,55,WIN
HISTORICAL_BACKFILL_BASELINE,HISTORICAL_BACKFILL,2026-01-01 00:44:41.981533+00:00,2026-01-01T00:44:41.981533+00:00,2025-12-30,ncaab,33380255,New Orleans @ A&M-Corpus Christi,97dfc68e78e637e9d6c5dcfe66f827e7,MONEYLINE,A&M-Corpus Christi,YELLOW,False,20251230,Nebraska Cornhuskers,86,New Hampshire Wildcats,55,UNRESOLVED_TEAM
HISTORICAL_BACKFILL_BASELINE,HISTORICAL_BACKFILL,2026-01-01 00:44:41.992553+00:00,2026-01-01T00:44:41.992553+00:00,2025-12-30,ncaab,33380255,New Orleans @ A&M-Corpus Christi,97dfc68e78e637e9d6c5dcfe66f827e7,TOTAL,Under 143.5,LIGHT_GREEN,False,20251230,Nebraska Cornhuskers,86,New Hampshire Wildcats,55,WIN
HISTORICAL_BACKFILL_BASELINE,HISTORICAL_BACKFILL,2026-01-01 00:49:31.961365+00:00,2026-01-01T00:49:31.961365+00:00,2025-12-30,ncaab,33380255,New Orleans @ A&M-Corpus Christi,97dfc68e78e637e9d6c5dcfe66f827e7,MONEYLINE,A&M-Corpus Christi,YELLOW,False,20251230,Nebraska Cornhuskers,86,New Hampshire Wildcats,55,UNRESOLVED_TEAM
HISTORICAL_BACKFILL_BASELINE,HISTORICAL_BACKFILL,2026-01-01 00:49:31.971501+00:00,2026-01-01T00:49:31.971501+00:00,2025-12-30,ncaab,33380255,New Orleans @ A&M-Corpus Christi,97dfc68e78e637e9d6c5dcfe66f827e7,TOTAL,Under 143.5,LIGHT_GREEN,False,20251230,Nebraska Cornhuskers,86,New Hampshire Wildcats,55,WIN
HISTORICAL_BACKFILL_BASELINE,HISTORICAL_BACKFILL,2026-01-01 00:52:49.651470+00:00,2026-01-01T00:52:49.651470+00:00,2025-12-30,ncaab,33380255,New Orleans @ A&M-Corpus Christi,97dfc68e78e637e9d6c5dcfe66f827e7,MONEYLINE,A&M-Corpus Christi,YELLOW,False,20251230,Nebraska Cornhuskers,86,New Hampshire Wildcats,55,UNRESOLVED_TEAM
HISTORICAL_BACKFILL_BASELINE,HISTORICAL_BACKFILL,2026-01-01 00:52:49.661550+00:00,2026-01-01T00:52:49.661550+00:00,2025-12-30,ncaab,33380255,New Orleans @ A&M-Corpus Christi,97dfc68e78e637e9d6c5dcfe66f827e7,TOTAL,Under 143.5,LIGHT_GREEN,False,20251230,Nebraska Cornhuskers,86,New Hampshire Wildcats,55,WIN
HISTORICAL_BACKFILL_BASELINE,HISTORICAL_BACKFILL,2026-01-01 00:28:39.244776+00:00,2026-01-01T00:28:39.244776+00:00,2025-12-30,nhl,33378581,NJ Devils @ CBJ Blue Jackets,e530b496afdc3a024d13f7ce8a2e1cc0,SPREAD,NJ Devils +1.5,RED,False,20251231,Columbus Blue Jackets,2,New Jersey Devils,3,WIN
HISTORICAL_BACKFILL_BASELINE,HISTORICAL_BACKFILL,2026-01-01 00:38:23.070896+00:00,2026-01-01T00:38:23.070896+00:00,2025-12-30,nhl,33378581,NJ Devils @ CBJ Blue Jackets,e530b496afdc3a024d13f7ce8a2e1cc0,SPREAD,NJ Devils +1.5,RED,False,20251231,Columbus Blue Jackets,2,New Jersey Devils,3,WIN
HISTORICAL_BACKFILL_BASELINE,HISTORICAL_BACKFILL,2026-01-01 00:40:29.346386+00:00,2026-01-01T00:40:29.346386+00:00,2025-12-30,nhl,33378581,NJ Devils @ CBJ Blue Jackets,e530b496afdc3a024d13f7ce8a2e1cc0,SPREAD,NJ Devils +1.5,RED,False,20251231,Columbus Blue Jackets,2,New Jersey Devils,3,WIN
HISTORICAL_BACKFILL_BASELINE,HISTORICAL_BACKFILL,2026-01-01 00:44:42.004836+00:00,2026-01-01T00:44:42.004836+00:00,2025-12-30,nhl,33378581,NJ Devils @ CBJ Blue Jackets,e530b496afdc3a024d13f7ce8a2e1cc0,SPREAD,NJ Devils +1.5,RED,False,20251231,Columbus Blue Jackets,2,New Jersey Devils,3,WIN
HISTORICAL_BACKFILL_BASELINE,HISTORICAL_BACKFILL,2026-01-01 00:49:31.982735+00:00,2026-01-01T00:49:31.982735+00:00,2025-12-30,nhl,33378581,NJ Devils @ CBJ Blue Jackets,e530b496afdc3a024d13f7ce8a2e1cc0,SPREAD,NJ Devils +1.5,RED,False,20251231,Columbus Blue Jackets,2,New Jersey Devils,3,WIN
HISTORICAL_BACKFILL_BASELINE,HISTORICAL_BACKFILL,2026-01-01 00:52:49.672618+00:00,2026-01-01T00:52:49.672618+00:00,2025-12-30,nhl,33378581,NJ Devils @ CBJ Blue Jackets,e530b496afdc3a024d13f7ce8a2e1cc0,SPREAD,NJ Devils +1.5,RED,False,20251231,Columbus Blue Jackets,2,New Jersey Devils,3,WIN
HISTORICAL_BACKFILL_BASELINE,HISTORICAL_BACKFILL,2026-01-01 00:28:39.234316+00:00,2026-01-01T00:28:39.234316+00:00,2025-12-30,ncaab,33380240,North Texas @ Memphis,4f9f91c7ce2089bde6178763615ac90b,TOTAL,Under 135.5,LIGHT_GREEN,False,20251230,San Diego Toreros,93,Gonzaga Bulldogs,99,LOSS
HISTORICAL_BACKFILL_BASELINE,HISTORICAL_BACKFILL,2026-01-01 00:38:23.060080+00:00,2026-01-01T00:38:23.060080+00:00,2025-12-30,ncaab,33380240,North Texas @ Memphis,4f9f91c7ce2089bde6178763615ac90b,TOTAL,Under 135.5,LIGHT_GREEN,False,20251230,San Diego Toreros,93,Gonzaga Bulldogs,99,LOSS
HISTORICAL_BACKFILL_BASELINE,HISTORICAL_BACKFILL,2026-01-01 00:40:29.335868+00:00,2026-01-01T00:40:29.335868+00:00,2025-12-30,ncaab,33380240,North Texas @ Memphis,4f9f91c7ce2089bde6178763615ac90b,TOTAL,Under 135.5,LIGHT_GREEN,False,20251230,San Diego Toreros,93,Gonzaga Bulldogs,99,LOSS
HISTORICAL_BACKFILL_BASELINE,HISTORICAL_BACKFILL,2026-01-01 00:44:41.992999+00:00,2026-01-01T00:44:41.992999+00:00,2025-12-30,ncaab,33380240,North Texas @ Memphis,4f9f91c7ce2089bde6178763615ac90b,TOTAL,Under 135.5,LIGHT_GREEN,False,20251230,San Diego Toreros,93,Gonzaga Bulldogs,99,LOSS
HISTORICAL_BACKFILL_BASELINE,HISTORICAL_BACKFILL,2026-01-01 00:49:31.971921+00:00,2026-01-01T00:49:31.971921+00:00,2025-12-30,ncaab,33380240,North Texas @ Memphis,4f9f91c7ce2089bde6178763615ac90b,TOTAL,Under 135.5,LIGHT_GREEN,False,20251230,San Diego Toreros,93,Gonzaga Bulldogs,99,LOSS
HISTORICAL_BACKFILL_BASELINE,HISTORICAL_BACKFILL,2026-01-01 00:52:49.662005+00:00,2026-01-01T00:52:49.662005+00:00,2025-12-30,ncaab,33380240,North Texas @ Memphis,4f9f91c7ce2089bde6178763615ac90b,TOTAL,Under 135.5,LIGHT_GREEN,False,20251230,San Diego Toreros,93,Gonzaga Bulldogs,99,LOSS
HISTORICAL_BACKFILL_BASELINE,HISTORICAL_BACKFILL,2026-01-01 00:28:39.221578+00:00,2026-01-01T00:28:39.221578+00:00,2025-12-30,nhl,33378575,NSH Predators @ VGK Golden Knights,0a4705658e280744e3a9e00294fa6884,MONEYLINE,VGK Golden Knights,RED,False,20251231,Vegas Golden Knights,2,Nashville Predators,4,LOSS
HISTORICAL_BACKFILL_BASELINE,HISTORICAL_BACKFILL,2026-01-01 00:28:39.222701+00:00,2026-01-01T00:28:39.222701+00:00,2025-12-30,nhl,33378575,NSH Predators @ VGK Golden Knights,0a4705658e280744e3a9e00294fa6884,MONEYLINE,NSH Predators,LIGHT_GREEN,False,20251231,Vegas Golden Knights,2,Nashville Predators,4,WIN
HISTORICAL_BACKFILL_BASELINE,HISTORICAL_BACKFILL,2026-01-01 00:38:23.047884+00:00,2026-01-01T00:38:23.047884+00:00,2025-12-30,nhl,33378575,NSH Predators @ VGK Golden Knights,0a4705658e280744e3a9e00294fa6884,MONEYLINE,VGK Golden Knights,RED,False,20251231,Vegas Golden Knights,2,Nashville Predators,4,LOSS
HISTORICAL_BACKFILL_BASELINE,HISTORICAL_BACKFILL,2026-01-01 00:38:23.048185+00:00,2026-01-01T00:38:23.048185+00:00,2025-12-30,nhl,33378575,NSH Predators @ VGK Golden Knights,0a4705658e280744e3a9e00294fa6884,MONEYLINE,NSH Predators,LIGHT_GREEN,False,20251231,Vegas Golden Knights,2,Nashville Predators,4,WIN
HISTORICAL_BACKFILL_BASELINE,HISTORICAL_BACKFILL,2026-01-01 00:40:29.323656+00:00,2026-01-01T00:40:29.323656+00:00,2025-12-30,nhl,33378575,NSH Predators @ VGK Golden Knights,0a4705658e280744e3a9e00294fa6884,MONEYLINE,VGK Golden Knights,RED,False,20251231,Vegas Golden Knights,2,Nashville Predators,4,LOSS
HISTORICAL_BACKFILL_BASELINE,HISTORICAL_BACKFILL,2026-01-01 00:40:29.323946+00:00,2026-01-01T00:40:29.323946+00:00,2025-12-30,nhl,33378575,NSH Predators @ VGK Golden Knights,0a4705658e280744e3a9e00294fa6884,MONEYLINE,NSH Predators,LIGHT_GREEN,False,20251231,Vegas Golden Knights,2,Nashville Predators,4,WIN
HISTORICAL_BACKFILL_BASELINE,HISTORICAL_BACKFILL,2026-01-01 00:44:41.979300+00:00,2026-01-01T00:44:41.979300+00:00,2025-12-30,nhl,33378575,NSH Predators @ VGK Golden Knights,0a4705658e280744e3a9e00294fa6884,MONEYLINE,VGK Golden Knights,RED,False,20251231,Vegas Golden Knights,2,Nashville Predators,4,LOSS
HISTORICAL_BACKFILL_BASELINE,HISTORICAL_BACKFILL,2026-01-01 00:44:41.979947+00:00,2026-01-01T00:44:41.979947+00:00,2025-12-30,nhl,33378575,NSH Predators @ VGK Golden Knights,0a4705658e280744e3a9e00294fa6884,MONEYLINE,NSH Predators,LIGHT_GREEN,False,20251231,Vegas Golden Knights,2,Nashville Predators,4,WIN
HISTORICAL_BACKFILL_BASELINE,HISTORICAL_BACKFILL,2026-01-01 00:49:31.959674+00:00,2026-01-01T00:49:31.959674+00:00,2025-12-30,nhl,33378575,NSH Predators @ VGK Golden Knights,0a4705658e280744e3a9e00294fa6884,MONEYLINE,VGK Golden Knights,RED,False,20251231,Vegas Golden Knights,2,Nashville Predators,4,LOSS
HISTORICAL_BACKFILL_BASELINE,HISTORICAL_BACKFILL,2026-01-01 00:49:31.959970+00:00,2026-01-01T00:49:31.959970+00:00,2025-12-30,nhl,33378575,NSH Predators @ VGK Golden Knights,0a4705658e280744e3a9e00294fa6884,MONEYLINE,NSH Predators,LIGHT_GREEN,False,20251231,Vegas Golden Knights,2,Nashville Predators,4,WIN
HISTORICAL_BACKFILL_BASELINE,HISTORICAL_BACKFILL,2026-01-01 00:52:49.649760+00:00,2026-01-01T00:52:49.649760+00:00,2025-12-30,nhl,33378575,NSH Predators @ VGK Golden Knights,0a4705658e280744e3a9e00294fa6884,MONEYLINE,VGK Golden Knights,RED,False,20251231,Vegas Golden Knights,2,Nashville Predators,4,LOSS
HISTORICAL_BACKFILL_BASELINE,HISTORICAL_BACKFILL,2026-01-01 00:52:49.650057+00:00,2026-01-01T00:52:49.650057+00:00,2025-12-30,nhl,33378575,NSH Predators @ VGK Golden Knights,0a4705658e280744e3a9e00294fa6884,MONEYLINE,NSH Predators,LIGHT_GREEN,False,20251231,Vegas Golden Knights,2,Nashville Predators,4,WIN
HISTORICAL_BACKFILL_BASELINE,HISTORICAL_BACKFILL,2026-01-01 00:28:39.232783+00:00,2026-01-01T00:28:39.232783+00:00,2025-12-30,nba,33371015,NY Knicks @ SA Spurs,0727a614aa2f2a701d48246a1c97e131,TOTAL,Over 234.5,YELLOW,False,20251231,San Antonio Spurs,134,New York Knicks,132,WIN
HISTORICAL_BACKFILL_BASELINE,HISTORICAL_BACKFILL,2026-01-01 00:38:23.058600+00:00,2026-01-01T00:38:23.058600+00:00,2025-12-30,nba,33371015,NY Knicks @ SA Spurs,0727a614aa2f2a701d48246a1c97e131,TOTAL,Over 234.5,YELLOW,False,20251231,San Antonio Spurs,134,New York Knicks,132,WIN
HISTORICAL_BACKFILL_BASELINE,HISTORICAL_BACKFILL,2026-01-01 00:40:29.334395+00:00,2026-01-01T00:40:29.334395+00:00,2025-12-30,nba,33371015,NY Knicks @ SA Spurs,0727a614aa2f2a701d48246a1c97e131,TOTAL,Over 234.5,YELLOW,False,20251231,San Antonio Spurs,134,New York Knicks,132,WIN
HISTORICAL_BACKFILL_BASELINE,HISTORICAL_BACKFILL,2026-01-01 00:44:41.991406+00:00,2026-01-01T00:44:41.991406+00:00,2025-12-30,nba,33371015,NY Knicks @ SA Spurs,0727a614aa2f2a701d48246a1c97e131,TOTAL,Over 234.5,YELLOW,False,20251231,San Antonio Spurs,134,New York Knicks,132,WIN
HISTORICAL_BACKFILL_BASELINE,HISTORICAL_BACKFILL,2026-01-01 00:49:31.970432+00:00,2026-01-01T00:49:31.970432+00:00,2025-12-30,nba,33371015,NY Knicks @ SA Spurs,0727a614aa2f2a701d48246a1c97e131,TOTAL,Over 234.5,YELLOW,False,20251231,San Antonio Spurs,134,New York Knicks,132,WIN
HISTORICAL_BACKFILL_BASELINE,HISTORICAL_BACKFILL,2026-01-01 00:52:49.660418+00:00,2026-01-01T00:52:49.660418+00:00,2025-12-30,nba,33371015,NY Knicks @ SA Spurs,0727a614aa2f2a701d48246a1c97e131,TOTAL,Over 234.5,YELLOW,False,20251231,San Antonio Spurs,134,New York Knicks,132,WIN
HISTORICAL_BACKFILL_BASELINE,HISTORICAL_BACKFILL,2026-01-01 00:28:39.243529+00:00,2026-01-01T00:28:39.243529+00:00,2025-12-30,nhl,33378574,NY Rangers @ WAS Capitals,054db5dba19be62c599374f846e1a460,SPREAD,WAS Capitals -1.5,LIGHT_GREEN,False,20251231,Washington Capitals,6,New York Rangers,3,WIN
HISTORICAL_BACKFILL_BASELINE,HISTORICAL_BACKFILL,2026-01-01 00:38:23.069614+00:00,2026-01-01T00:38:23.069614+00:00,2025-12-30,nhl,33378574,NY Rangers @ WAS Capitals,054db5dba19be62c599374f846e1a460,SPREAD,WAS Capitals -1.5,LIGHT_GREEN,False,20251231,Washington Capitals,6,New York Rangers,3,WIN
HISTORICAL_BACKFILL_BASELINE,HISTORICAL_BACKFILL,2026-01-01 00:40:29.345127+00:00,2026-01-01T00:40:29.345127+00:00,2025-12-30,nhl,33378574,NY Rangers @ WAS Capitals,054db5dba19be62c599374f846e1a460,SPREAD,WAS Capitals -1.5,LIGHT_GREEN,False,20251231,Washington Capitals,6,New York Rangers,3,WIN
HISTORICAL_BACKFILL_BASELINE,HISTORICAL_BACKFILL,2026-01-01 00:44:42.003451+00:00,2026-01-01T00:44:42.003451+00:00,2025-12-30,nhl,33378574,NY Rangers @ WAS Capitals,054db5dba19be62c599374f846e1a460,SPREAD,WAS Capitals -1.5,LIGHT_GREEN,False,20251231,Washington Capitals,6,New York Rangers,3,WIN
HISTORICAL_BACKFILL_BASELINE,HISTORICAL_BACKFILL,2026-01-01 00:49:31.981444+00:00,2026-01-01T00:49:31.981444+00:00,2025-12-30,nhl,33378574,NY Rangers @ WAS Capitals,054db5dba19be62c599374f846e1a460,SPREAD,WAS Capitals -1.5,LIGHT_GREEN,False,20251231,Washington Capitals,6,New York Rangers,3,WIN
HISTORICAL_BACKFILL_BASELINE,HISTORICAL_BACKFILL,2026-01-01 00:52:49.671326+00:00,2026-01-01T00:52:49.671326+00:00,2025-12-30,nhl,33378574,NY Rangers @ WAS Capitals,054db5dba19be62c599374f846e1a460,SPREAD,WAS Capitals -1.5,LIGHT_GREEN,False,20251231,Washington Capitals,6,New York Rangers,3,WIN
HISTORICAL_BACKFILL_BASELINE,HISTORICAL_BACKFILL,2026-01-01 00:28:39.238889+00:00,2026-01-01T00:28:39.238889+00:00,2025-12-30,ncaab,33383538,Oral Roberts @ North Dakota,7e7e2227816d9ec306babf7f2a87f044,TOTAL,Under 149.5,YELLOW,False,20251230,North Carolina Tar Heels,79,Florida State Seminoles,66,WIN
HISTORICAL_BACKFILL_BASELINE,HISTORICAL_BACKFILL,2026-01-01 00:38:23.064832+00:00,2026-01-01T00:38:23.064832+00:00,2025-12-30,ncaab,33383538,Oral Roberts @ North Dakota,7e7e2227816d9ec306babf7f2a87f044,TOTAL,Under 149.5,YELLOW,False,20251230,North Carolina Tar Heels,79,Florida State Seminoles,66,WIN
HISTORICAL_BACKFILL_BASELINE,HISTORICAL_BACKFILL,2026-01-01 00:40:29.340419+00:00,2026-01-01T00:40:29.340419+00:00,2025-12-30,ncaab,33383538,Oral Roberts @ North Dakota,7e7e2227816d9ec306babf7f2a87f044,TOTAL,Under 149.5,YELLOW,False,20251230,North Carolina Tar Heels,79,Florida State Seminoles,66,WIN
HISTORICAL_BACKFILL_BASELINE,HISTORICAL_BACKFILL,2026-01-01 00:44:41.998435+00:00,2026-01-01T00:44:41.998435+00:00,2025-12-30,ncaab,33383538,Oral Roberts @ North Dakota,7e7e2227816d9ec306babf7f2a87f044,TOTAL,Under 149.5,YELLOW,False,20251230,North Carolina Tar Heels,79,Florida State Seminoles,66,WIN
HISTORICAL_BACKFILL_BASELINE,HISTORICAL_BACKFILL,2026-01-01 00:49:31.976519+00:00,2026-01-01T00:49:31.976519+00:00,2025-12-30,ncaab,33383538,Oral Roberts @ North Dakota,7e7e2227816d9ec306babf7f2a87f044,TOTAL,Under 149.5,YELLOW,False,20251230,North Carolina Tar Heels,79,Florida State Seminoles,66,WIN
HISTORICAL_BACKFILL_BASELINE,HISTORICAL_BACKFILL,2026-01-01 00:52:49.666615+00:00,2026-01-01T00:52:49.666615+00:00,2025-12-30,ncaab,33383538,Oral Roberts @ North Dakota,7e7e2227816d9ec306babf7f2a87f044,TOTAL,Under 149.5,YELLOW,False,20251230,North Carolina Tar Heels,79,Florida State Seminoles,66,WIN
HISTORICAL_BACKFILL_BASELINE,HISTORICAL_BACKFILL,2026-01-01 00:28:39.237826+00:00,2026-01-01T00:28:39.237826+00:00,2025-12-30,ncaaf,33273925,Oregon @ Texas Tech,02213de7843eeb88d10b43529a3dee93,TOTAL,Over 50.5,YELLOW,False,20251230,Texas Longhorns,41,Michigan Wolverines,27,WIN
HISTORICAL_BACKFILL_BASELINE,HISTORICAL_BACKFILL,2026-01-01 00:38:23.063715+00:00,2026-01-01T00:38:23.063715+00:00,2025-12-30,ncaaf,33273925,Oregon @ Texas Tech,02213de7843eeb88d10b43529a3dee93,TOTAL,Over 50.5,YELLOW,False,20251230,Texas Longhorns,41,Michigan Wolverines,27,WIN
HISTORICAL_BACKFILL_BASELINE,HISTORICAL_BACKFILL,2026-01-01 00:40:29.339356+00:00,2026-01-01T00:40:29.339356+00:00,2025-12-30,ncaaf,33273925,Oregon @ Texas Tech,02213de7843eeb88d10b43529a3dee93,TOTAL,Over 50.5,YELLOW,False,20251230,Texas Longhorns,41,Michigan Wolverines,27,WIN
HISTORICAL_BACKFILL_BASELINE,HISTORICAL_BACKFILL,2026-01-01 00:44:41.997245+00:00,2026-01-01T00:44:41.997245+00:00,2025-12-30,ncaaf,33273925,Oregon @ Texas Tech,02213de7843eeb88d10b43529a3dee93,TOTAL,Over 50.5,YELLOW,False,20251230,Texas Longhorns,41,Michigan Wolverines,27,WIN
HISTORICAL_BACKFILL_BASELINE,HISTORICAL_BACKFILL,2026-01-01 00:49:31.975453+00:00,2026-01-01T00:49:31.975453+00:00,2025-12-30,ncaaf,33273925,Oregon @ Texas Tech,02213de7843eeb88d10b43529a3dee93,TOTAL,Over 50.5,YELLOW,False,20251230,Texas Longhorns,41,Michigan Wolverines,27,WIN
HISTORICAL_BACKFILL_BASELINE,HISTORICAL_BACKFILL,2026-01-01 00:52:49.665543+00:00,2026-01-01T00:52:49.665543+00:00,2025-12-30,ncaaf,33273925,Oregon @ Texas Tech,02213de7843eeb88d10b43529a3dee93,TOTAL,Over 50.5,YELLOW,False,20251230,Texas Longhorns,41,Michigan Wolverines,27,WIN
HISTORICAL_BACKFILL_BASELINE,HISTORICAL_BACKFILL,2026-01-01 00:28:39.250267+00:00,2026-01-01T00:28:39.250267+00:00,2025-12-30,nhl,33378584,PHI Flyers @ CGY Flames,dec60bd942ee61060a44fa30a8f58e04,SPREAD,PHI Flyers +1.5,RED,False,20251230,Vancouver Canucks,3,Philadelphia Flyers,6,WIN
HISTORICAL_BACKFILL_BASELINE,HISTORICAL_BACKFILL,2026-01-01 00:38:23.076408+00:00,2026-01-01T00:38:23.076408+00:00,2025-12-30,nhl,33378584,PHI Flyers @ CGY Flames,dec60bd942ee61060a44fa30a8f58e04,SPREAD,PHI Flyers +1.5,RED,False,20251230,Vancouver Canucks,3,Philadelphia Flyers,6,WIN
HISTORICAL_BACKFILL_BASELINE,HISTORICAL_BACKFILL,2026-01-01 00:40:29.351833+00:00,2026-01-01T00:40:29.351833+00:00,2025-12-30,nhl,33378584,PHI Flyers @ CGY Flames,dec60bd942ee61060a44fa30a8f58e04,SPREAD,PHI Flyers +1.5,RED,False,20251230,Vancouver Canucks,3,Philadelphia Flyers,6,WIN
HISTORICAL_BACKFILL_BASELINE,HISTORICAL_BACKFILL,2026-01-01 00:44:42.010824+00:00,2026-01-01T00:44:42.010824+00:00,2025-12-30,nhl,33378584,PHI Flyers @ CGY Flames,dec60bd942ee61060a44fa30a8f58e04,SPREAD,PHI Flyers +1.5,RED,False,20251230,Vancouver Canucks,3,Philadelphia Flyers,6,WIN
HISTORICAL_BACKFILL_BASELINE,HISTORICAL_BACKFILL,2026-01-01 00:49:31.988174+00:00,2026-01-01T00:49:31.988174+00:00,2025-12-30,nhl,33378584,PHI Flyers @ CGY Flames,dec60bd942ee61060a44fa30a8f58e04,SPREAD,PHI Flyers +1.5,RED,False,20251230,Vancouver Canucks,3,Philadelphia Flyers,6,WIN
HISTORICAL_BACKFILL_BASELINE,HISTORICAL_BACKFILL,2026-01-01 00:52:49.678264+00:00,2026-01-01T00:52:49.678264+00:00,2025-12-30,nhl,33378584,PHI Flyers @ CGY Flames,dec60bd942ee61060a44fa30a8f58e04,SPREAD,PHI Flyers +1.5,RED,False,20251230,Vancouver Canucks,3,Philadelphia Flyers,6,WIN
HISTORICAL_BACKFILL_BASELINE,HISTORICAL_BACKFILL,2026-01-01 00:28:39.228719+00:00,2026-01-01T00:28:39.228719+00:00,2025-12-30,nba,33371016,POR Trail Blazers @ OKC Thunder,e2b1b003564ed5e4cc62b11687e40da7,MONEYLINE,OKC Thunder,YELLOW,False,20251231,Oklahoma City Thunder,124,Portland Trail Blazers,95,WIN
HISTORICAL_BACKFILL_BASELINE,HISTORICAL_BACKFILL,2026-01-01 00:28:39.238268+00:00,2026-01-01T00:28:39.238268+00:00,2025-12-30,nba,33371016,POR Trail Blazers @ OKC Thunder,e2b1b003564ed5e4cc62b11687e40da7,TOTAL,Over 232.5,RED,False,20251231,Oklahoma City Thunder,124,Portland Trail Blazers,95,LOSS
HISTORICAL_BACKFILL_BASELINE,HISTORICAL_BACKFILL,2026-01-01 00:38:23.054529+00:00,2026-01-01T00:38:23.054529+00:00,2025-12-30,nba,33371016,POR Trail Blazers @ OKC Thunder,e2b1b003564ed5e4cc62b11687e40da7,MONEYLINE,OKC Thunder,YELLOW,False,20251231,Oklahoma City Thunder,124,Portland Trail Blazers,95,WIN
HISTORICAL_BACKFILL_BASELINE,HISTORICAL_BACKFILL,2026-01-01 00:38:23.064173+00:00,2026-01-01T00:38:23.064173+00:00,2025-12-30,nba,33371016,POR Trail Blazers @ OKC Thunder,e2b1b003564ed5e4cc62b11687e40da7,TOTAL,Over 232.5,RED,False,20251231,Oklahoma City Thunder,124,Portland Trail Blazers,95,LOSS
HISTORICAL_BACKFILL_BASELINE,HISTORICAL_BACKFILL,2026-01-01 00:40:29.330141+00:00,2026-01-01T00:40:29.330141+00:00,2025-12-30,nba,33371016,POR Trail Blazers @ OKC Thunder,e2b1b003564ed5e4cc62b11687e40da7,MONEYLINE,OKC Thunder,YELLOW,False,20251231,Oklahoma City Thunder,124,Portland Trail Blazers,95,WIN
HISTORICAL_BACKFILL_BASELINE,HISTORICAL_BACKFILL,2026-01-01 00:40:29.339792+00:00,2026-01-01T00:40:29.339792+00:00,2025-12-30,nba,33371016,POR Trail Blazers @ OKC Thunder,e2b1b003564ed5e4cc62b11687e40da7,TOTAL,Over 232.5,RED,False,20251231,Oklahoma City Thunder,124,Portland Trail Blazers,95,LOSS
HISTORICAL_BACKFILL_BASELINE,HISTORICAL_BACKFILL,2026-01-01 00:44:41.987099+00:00,2026-01-01T00:44:41.987099+00:00,2025-12-30,nba,33371016,POR Trail Blazers @ OKC Thunder,e2b1b003564ed5e4cc62b11687e40da7,MONEYLINE,OKC Thunder,YELLOW,False,20251231,Oklahoma City Thunder,124,Portland Trail Blazers,95,WIN
HISTORICAL_BACKFILL_BASELINE,HISTORICAL_BACKFILL,2026-01-01 00:44:41.997722+00:00,2026-01-01T00:44:41.997722+00:00,2025-12-30,nba,33371016,POR Trail Blazers @ OKC Thunder,e2b1b003564ed5e4cc62b11687e40da7,TOTAL,Over 232.5,RED,False,20251231,Oklahoma City Thunder,124,Portland Trail Blazers,95,LOSS
HISTORICAL_BACKFILL_BASELINE,HISTORICAL_BACKFILL,2026-01-01 00:49:31.966351+00:00,2026-01-01T00:49:31.966351+00:00,2025-12-30,nba,33371016,POR Trail Blazers @ OKC Thunder,e2b1b003564ed5e4cc62b11687e40da7,MONEYLINE,OKC Thunder,YELLOW,False,20251231,Oklahoma City Thunder,124,Portland Trail Blazers,95,WIN
HISTORICAL_BACKFILL_BASELINE,HISTORICAL_BACKFILL,2026-01-01 00:49:31.975892+00:00,2026-01-01T00:49:31.975892+00:00,2025-12-30,nba,33371016,POR Trail Blazers @ OKC Thunder,e2b1b003564ed5e4cc62b11687e40da7,TOTAL,Over 232.5,RED,False,20251231,Oklahoma City Thunder,124,Portland Trail Blazers,95,LOSS
HISTORICAL_BACKFILL_BASELINE,HISTORICAL_BACKFILL,2026-01-01 00:52:49.656220+00:00,2026-01-01T00:52:49.656220+00:00,2025-12-30,nba,33371016,POR Trail Blazers @ OKC Thunder,e2b1b003564ed5e4cc62b11687e40da7,MONEYLINE,OKC Thunder,YELLOW,False,20251231,Oklahoma City Thunder,124,Portland Trail Blazers,95,WIN
HISTORICAL_BACKFILL_BASELINE,HISTORICAL_BACKFILL,2026-01-01 00:52:49.665987+00:00,2026-01-01T00:52:49.665987+00:00,2025-12-30,nba,33371016,POR Trail Blazers @ OKC Thunder,e2b1b003564ed5e4cc62b11687e40da7,TOTAL,Over 232.5,RED,False,20251231,Oklahoma City Thunder,124,Portland Trail Blazers,95,LOSS
HISTORICAL_BACKFILL_BASELINE,HISTORICAL_BACKFILL,2026-01-01 00:28:39.248363+00:00,2026-01-01T00:28:39.248363+00:00,2025-12-30,ncaab,33383537,Samford @ VMI,71cf3c421bdc14b25c649ef29b79ee49,SPREAD,VMI +4.5,LIGHT_GREEN,False,20251230,San Diego Toreros,93,Gonzaga Bulldogs,99,UNRESOLVED_TEAM
HISTORICAL_BACKFILL_BASELINE,HISTORICAL_BACKFILL,2026-01-01 00:38:23.074439+00:00,2026-01-01T00:38:23.074439+00:00,2025-12-30,ncaab,33383537,Samford @ VMI,71cf3c421bdc14b25c649ef29b79ee49,SPREAD,VMI +4.5,LIGHT_GREEN,False,20251230,San Diego Toreros,93,Gonzaga Bulldogs,99,UNRESOLVED_TEAM
HISTORICAL_BACKFILL_BASELINE,HISTORICAL_BACKFILL,2026-01-01 00:40:29.349891+00:00,2026-01-01T00:40:29.349891+00:00,2025-12-30,ncaab,33383537,Samford @ VMI,71cf3c421bdc14b25c649ef29b79ee49,SPREAD,VMI +4.5,LIGHT_GREEN,False,20251230,San Diego Toreros,93,Gonzaga Bulldogs,99,UNRESOLVED_TEAM
HISTORICAL_BACKFILL_BASELINE,HISTORICAL_BACKFILL,2026-01-01 00:44:42.008737+00:00,2026-01-01T00:44:42.008737+00:00,2025-12-30,ncaab,33383537,Samford @ VMI,71cf3c421bdc14b25c649ef29b79ee49,SPREAD,VMI +4.5,LIGHT_GREEN,False,20251230,San Diego Toreros,93,Gonzaga Bulldogs,99,UNRESOLVED_TEAM
HISTORICAL_BACKFILL_BASELINE,HISTORICAL_BACKFILL,2026-01-01 00:49:31.986301+00:00,2026-01-01T00:49:31.986301+00:00,2025-12-30,ncaab,33383537,Samford @ VMI,71cf3c421bdc14b25c649ef29b79ee49,SPREAD,VMI +4.5,LIGHT_GREEN,False,20251230,San Diego Toreros,93,Gonzaga Bulldogs,99,UNRESOLVED_TEAM
HISTORICAL_BACKFILL_BASELINE,HISTORICAL_BACKFILL,2026-01-01 00:52:49.676355+00:00,2026-01-01T00:52:49.676355+00:00,2025-12-30,ncaab,33383537,Samford @ VMI,71cf3c421bdc14b25c649ef29b79ee49,SPREAD,VMI +4.5,LIGHT_GREEN,False,20251230,San Diego Toreros,93,Gonzaga Bulldogs,99,UNRESOLVED_TEAM
HISTORICAL_BACKFILL_BASELINE,HISTORICAL_BACKFILL,2026-01-01 00:28:39.231908+00:00,2026-01-01T00:28:39.231908+00:00,2025-12-30,ncaab,33380224,South Alabama @ Louisiana,535cf3d27e59b4712c9e96c2a4eb46c8,TOTAL,Under 125.5,DARK_GREEN,False,20251230,Tennessee Volunteers,105,South Carolina State Bulldogs,54,LOSS
HISTORICAL_BACKFILL_BASELINE,HISTORICAL_BACKFILL,2026-01-01 00:38:23.057768+00:00,2026-01-01T00:38:23.057768+00:00,2025-12-30,ncaab,33380224,South Alabama @ Louisiana,535cf3d27e59b4712c9e96c2a4eb46c8,TOTAL,Under 125.5,DARK_GREEN,False,20251230,Tennessee Volunteers,105,South Carolina State Bulldogs,54,LOSS
HISTORICAL_BACKFILL_BASELINE,HISTORICAL_BACKFILL,2026-01-01 00:40:29.333565+00:00,2026-01-01T00:40:29.333565+00:00,2025-12-30,ncaab,33380224,South Alabama @ Louisiana,535cf3d27e59b4712c9e96c2a4eb46c8,TOTAL,Under 125.5,DARK_GREEN,False,20251230,Tennessee Volunteers,105,South Carolina State Bulldogs,54,LOSS
HISTORICAL_BACKFILL_BASELINE,HISTORICAL_BACKFILL,2026-01-01 00:44:41.990519+00:00,2026-01-01T00:44:41.990519+00:00,2025-12-30,ncaab,33380224,South Alabama @ Louisiana,535cf3d27e59b4712c9e96c2a4eb46c8,TOTAL,Under 125.5,DARK_GREEN,False,20251230,Tennessee Volunteers,105,South Carolina State Bulldogs,54,LOSS
HISTORICAL_BACKFILL_BASELINE,HISTORICAL_BACKFILL,2026-01-01 00:49:31.969599+00:00,2026-01-01T00:49:31.969599+00:00,2025-12-30,ncaab,33380224,South Alabama @ Louisiana,535cf3d27e59b4712c9e96c2a4eb46c8,TOTAL,Under 125.5,DARK_GREEN,False,20251230,Tennessee Volunteers,105,South Carolina State Bulldogs,54,LOSS
HISTORICAL_BACKFILL_BASELINE,HISTORICAL_BACKFILL,2026-01-01 00:52:49.659540+00:00,2026-01-01T00:52:49.659540+00:00,2025-12-30,ncaab,33380224,South Alabama @ Louisiana,535cf3d27e59b4712c9e96c2a4eb46c8,TOTAL,Under 125.5,DARK_GREEN,False,20251230,Tennessee Volunteers,105,South Carolina State Bulldogs,54,LOSS
HISTORICAL_BACKFILL_BASELINE,HISTORICAL_BACKFILL,2026-01-01 00:28:39.241380+00:00,2026-01-01T00:28:39.241380+00:00,2025-12-30,nhl,33378583,STL Blues @ COL Avalanche,d6a4f7cfd4ba6b12672b47e2d8891198,TOTAL,Over 6.5,LIGHT_GREEN,False,20251231,Colorado Avalanche,6,St. Louis Blues,1,WIN
HISTORICAL_BACKFILL_BASELINE,HISTORICAL_BACKFILL,2026-01-01 00:38:23.067418+00:00,2026-01-01T00:38:23.067418+00:00,2025-12-30,nhl,33378583,STL Blues @ COL Avalanche,d6a4f7cfd4ba6b12672b47e2d8891198,TOTAL,Over 6.5,LIGHT_GREEN,False,20251231,Colorado Avalanche,6,St. Louis Blues,1,WIN
HISTORICAL_BACKFILL_BASELINE,HISTORICAL_BACKFILL,2026-01-01 00:40:29.342915+00:00,2026-01-01T00:40:29.342915+00:00,2025-12-30,nhl,33378583,STL Blues @ COL Avalanche,d6a4f7cfd4ba6b12672b47e2d8891198,TOTAL,Over 6.5,LIGHT_GREEN,False,20251231,Colorado Avalanche,6,St. Louis Blues,1,WIN
HISTORICAL_BACKFILL_BASELINE,HISTORICAL_BACKFILL,2026-01-01 00:44:42.001119+00:00,2026-01-01T00:44:42.001119+00:00,2025-12-30,nhl,33378583,STL Blues @ COL Avalanche,d6a4f7cfd4ba6b12672b47e2d8891198,TOTAL,Over 6.5,LIGHT_GREEN,False,20251231,Colorado Avalanche,6,St. Louis Blues,1,WIN
HISTORICAL_BACKFILL_BASELINE,HISTORICAL_BACKFILL,2026-01-01 00:49:31.979185+00:00,2026-01-01T00:49:31.979185+00:00,2025-12-30,nhl,33378583,STL Blues @ COL Avalanche,d6a4f7cfd4ba6b12672b47e2d8891198,TOTAL,Over 6.5,LIGHT_GREEN,False,20251231,Colorado Avalanche,6,St. Louis Blues,1,WIN
HISTORICAL_BACKFILL_BASELINE,HISTORICAL_BACKFILL,2026-01-01 00:52:49.669141+00:00,2026-01-01T00:52:49.669141+00:00,2025-12-30,nhl,33378583,STL Blues @ COL Avalanche,d6a4f7cfd4ba6b12672b47e2d8891198,TOTAL,Over 6.5,LIGHT_GREEN,False,20251231,Colorado Avalanche,6,St. Louis Blues,1,WIN
HISTORICAL_BACKFILL_BASELINE,HISTORICAL_BACKFILL,2026-01-01 00:28:39.244116+00:00,2026-01-01T00:28:39.244116+00:00,2025-12-30,nhl,33378577,TB Lightning @ ANA Ducks,b8eeefa4db8c5ae48c85c83634a98faa,SPREAD,TB Lightning -1.5,LIGHT_GREEN,False,20251231,Anaheim Ducks,3,Tampa Bay Lightning,4,LOSS
HISTORICAL_BACKFILL_BASELINE,HISTORICAL_BACKFILL,2026-01-01 00:38:23.070238+00:00,2026-01-01T00:38:23.070238+00:00,2025-12-30,nhl,33378577,TB Lightning @ ANA Ducks,b8eeefa4db8c5ae48c85c83634a98faa,SPREAD,TB Lightning -1.5,LIGHT_GREEN,False,20251231,Anaheim Ducks,3,Tampa Bay Lightning,4,LOSS
HISTORICAL_BACKFILL_BASELINE,HISTORICAL_BACKFILL,2026-01-01 00:40:29.345722+00:00,2026-01-01T00:40:29.345722+00:00,2025-12-30,nhl,33378577,TB Lightning @ ANA Ducks,b8eeefa4db8c5ae48c85c83634a98faa,SPREAD,TB Lightning -1.5,LIGHT_GREEN,False,20251231,Anaheim Ducks,3,Tampa Bay Lightning,4,LOSS
HISTORICAL_BACKFILL_BASELINE,HISTORICAL_BACKFILL,2026-01-01 00:44:42.004094+00:00,2026-01-01T00:44:42.004094+00:00,2025-12-30,nhl,33378577,TB Lightning @ ANA Ducks,b8eeefa4db8c5ae48c85c83634a98faa,SPREAD,TB Lightning -1.5,LIGHT_GREEN,False,20251231,Anaheim Ducks,3,Tampa Bay Lightning,4,LOSS
HISTORICAL_BACKFILL_BASELINE,HISTORICAL_BACKFILL,2026-01-01 00:49:31.982041+00:00,2026-01-01T00:49:31.982041+00:00,2025-12-30,nhl,33378577,TB Lightning @ ANA Ducks,b8eeefa4db8c5ae48c85c83634a98faa,SPREAD,TB Lightning -1.5,LIGHT_GREEN,False,20251231,Anaheim Ducks,3,Tampa Bay Lightning,4,LOSS
HISTORICAL_BACKFILL_BASELINE,HISTORICAL_BACKFILL,2026-01-01 00:52:49.671935+00:00,2026-01-01T00:52:49.671935+00:00,2025-12-30,nhl,33378577,TB Lightning @ ANA Ducks,b8eeefa4db8c5ae48c85c83634a98faa,SPREAD,TB Lightning -1.5,LIGHT_GREEN,False,20251231,Anaheim Ducks,3,Tampa Bay Lightning,4,LOSS
HISTORICAL_BACKFILL_BASELINE,HISTORICAL_BACKFILL,2026-01-01 00:28:39.249067+00:00,2026-01-01T00:28:39.249067+00:00,2025-12-30,nhl,33382325,TB Lightning @ LA Kings,c23b1de121c3b9c0d3cc8999ddd9cbfb,SPREAD,LA Kings -1.5,LIGHT_GREEN,False,20251231,Anaheim Ducks,3,Tampa Bay Lightning,4,UNRESOLVED_TEAM
HISTORICAL_BACKFILL_BASELINE,HISTORICAL_BACKFILL,2026-01-01 00:28:39.249355+00:00,2026-01-01T00:28:39.249355+00:00,2025-12-30,nhl,33382325,TB Lightning @ LA Kings,c23b1de121c3b9c0d3cc8999ddd9cbfb,SPREAD,TB Lightning +1.5,RED,False,20251231,Anaheim Ducks,3,Tampa Bay Lightning,4,WIN
HISTORICAL_BACKFILL_BASELINE,HISTORICAL_BACKFILL,2026-01-01 00:38:23.075151+00:00,2026-01-01T00:38:23.075151+00:00,2025-12-30,nhl,33382325,TB Lightning @ LA Kings,c23b1de121c3b9c0d3cc8999ddd9cbfb,SPREAD,LA Kings -1.5,LIGHT_GREEN,False,20251231,Anaheim Ducks,3,Tampa Bay Lightning,4,UNRESOLVED_TEAM
HISTORICAL_BACKFILL_BASELINE,HISTORICAL_BACKFILL,2026-01-01 00:38:23.075480+00:00,2026-01-01T00:38:23.075480+00:00,2025-12-30,nhl,33382325,TB Lightning @ LA Kings,c23b1de121c3b9c0d3cc8999ddd9cbfb,SPREAD,TB Lightning +1.5,RED,False,20251231,Anaheim Ducks,3,Tampa Bay Lightning,4,WIN
HISTORICAL_BACKFILL_BASELINE,HISTORICAL_BACKFILL,2026-01-01 00:40:29.350634+00:00,2026-01-01T00:40:29.350634+00:00,2025-12-30,nhl,33382325,TB Lightning @ LA Kings,c23b1de121c3b9c0d3cc8999ddd9cbfb,SPREAD,LA Kings -1.5,LIGHT_GREEN,False,20251231,Anaheim Ducks,3,Tampa Bay Lightning,4,UNRESOLVED_TEAM
HISTORICAL_BACKFILL_BASELINE,HISTORICAL_BACKFILL,2026-01-01 00:40:29.350930+00:00,2026-01-01T00:40:29.350930+00:00,2025-12-30,nhl,33382325,TB Lightning @ LA Kings,c23b1de121c3b9c0d3cc8999ddd9cbfb,SPREAD,TB Lightning +1.5,RED,False,20251231,Anaheim Ducks,3,Tampa Bay Lightning,4,WIN
HISTORICAL_BACKFILL_BASELINE,HISTORICAL_BACKFILL,2026-01-01 00:44:42.009529+00:00,2026-01-01T00:44:42.009529+00:00,2025-12-30,nhl,33382325,TB Lightning @ LA Kings,c23b1de121c3b9c0d3cc8999ddd9cbfb,SPREAD,LA Kings -1.5,LIGHT_GREEN,False,20251231,Anaheim Ducks,3,Tampa Bay Lightning,4,UNRESOLVED_TEAM
HISTORICAL_BACKFILL_BASELINE,HISTORICAL_BACKFILL,2026-01-01 00:44:42.009862+00:00,2026-01-01T00:44:42.009862+00:00,2025-12-30,nhl,33382325,TB Lightning @ LA Kings,c23b1de121c3b9c0d3cc8999ddd9cbfb,SPREAD,TB Lightning +1.5,RED,False,20251231,Anaheim Ducks,3,Tampa Bay Lightning,4,WIN
HISTORICAL_BACKFILL_BASELINE,HISTORICAL_BACKFILL,2026-01-01 00:49:31.987004+00:00,2026-01-01T00:49:31.987004+00:00,2025-12-30,nhl,33382325,TB Lightning @ LA Kings,c23b1de121c3b9c0d3cc8999ddd9cbfb,SPREAD,LA Kings -1.5,LIGHT_GREEN,False,20251231,Anaheim Ducks,3,Tampa Bay Lightning,4,UNRESOLVED_TEAM
HISTORICAL_BACKFILL_BASELINE,HISTORICAL_BACKFILL,2026-01-01 00:49:31.987285+00:00,2026-01-01T00:49:31.987285+00:00,2025-12-30,nhl,33382325,TB Lightning @ LA Kings,c23b1de121c3b9c0d3cc8999ddd9cbfb,SPREAD,TB Lightning +1.5,RED,False,20251231,Anaheim Ducks,3,Tampa Bay Lightning,4,WIN
HISTORICAL_BACKFILL_BASELINE,HISTORICAL_BACKFILL,2026-01-01 00:52:49.677093+00:00,2026-01-01T00:52:49.677093+00:00,2025-12-30,nhl,33382325,TB Lightning @ LA Kings,c23b1de121c3b9c0d3cc8999ddd9cbfb,SPREAD,LA Kings -1.5,LIGHT_GREEN,False,20251231,Anaheim Ducks,3,Tampa Bay Lightning,4,UNRESOLVED_TEAM
HISTORICAL_BACKFILL_BASELINE,HISTORICAL_BACKFILL,2026-01-01 00:52:49.677379+00:00,2026-01-01T00:52:49.677379+00:00,2025-12-30,nhl,33382325,TB Lightning @ LA Kings,c23b1de121c3b9c0d3cc8999ddd9cbfb,SPREAD,TB Lightning +1.5,RED,False,20251231,Anaheim Ducks,3,Tampa Bay Lightning,4,WIN
HISTORICAL_BACKFILL_BASELINE,HISTORICAL_BACKFILL,2026-01-01 00:28:39.245691+00:00,2026-01-01T00:28:39.245691+00:00,2025-12-30,ncaab,33380239,UMKC @ Denver,235f223f6b5e06378d055c4f649f7a5b,SPREAD,Denver -9.5,YELLOW,False,20251230,San Diego Toreros,93,Gonzaga Bulldogs,99,UNRESOLVED_TEAM
HISTORICAL_BACKFILL_BASELINE,HISTORICAL_BACKFILL,2026-01-01 00:38:23.071768+00:00,2026-01-01T00:38:23.071768+00:00,2025-12-30,ncaab,33380239,UMKC @ Denver,235f223f6b5e06378d055c4f649f7a5b,SPREAD,Denver -9.5,YELLOW,False,20251230,San Diego Toreros,93,Gonzaga Bulldogs,99,UNRESOLVED_TEAM
HISTORICAL_BACKFILL_BASELINE,HISTORICAL_BACKFILL,2026-01-01 00:40:29.347238+00:00,2026-01-01T00:40:29.347238+00:00,2025-12-30,ncaab,33380239,UMKC @ Denver,235f223f6b5e06378d055c4f649f7a5b,SPREAD,Denver -9.5,YELLOW,False,20251230,San Diego Toreros,93,Gonzaga Bulldogs,99,UNRESOLVED_TEAM
HISTORICAL_BACKFILL_BASELINE,HISTORICAL_BACKFILL,2026-01-01 00:44:42.005756+00:00,2026-01-01T00:44:42.005756+00:00,2025-12-30,ncaab,33380239,UMKC @ Denver,235f223f6b5e06378d055c4f649f7a5b,SPREAD,Denver -9.5,YELLOW,False,20251230,San Diego Toreros,93,Gonzaga Bulldogs,99,UNRESOLVED_TEAM
HISTORICAL_BACKFILL_BASELINE,HISTORICAL_BACKFILL,2026-01-01 00:49:31.983610+00:00,2026-01-01T00:49:31.983610+00:00,2025-12-30,ncaab,33380239,UMKC @ Denver,235f223f6b5e06378d055c4f649f7a5b,SPREAD,Denver -9.5,YELLOW,False,20251230,San Diego Toreros,93,Gonzaga Bulldogs,99,UNRESOLVED_TEAM
HISTORICAL_BACKFILL_BASELINE,HISTORICAL_BACKFILL,2026-01-01 00:52:49.673528+00:00,2026-01-01T00:52:49.673528+00:00,2025-12-30,ncaab,33380239,UMKC @ Denver,235f223f6b5e06378d055c4f649f7a5b,SPREAD,Denver -9.5,YELLOW,False,20251230,San Diego Toreros,93,Gonzaga Bulldogs,99,UNRESOLVED_TEAM
HISTORICAL_BACKFILL_BASELINE,HISTORICAL_BACKFILL,2026-01-01 00:28:39.248711+00:00,2026-01-01T00:28:39.248711+00:00,2025-12-30,nhl,33382323,UTA Mammoth @ NY Islanders,f8a91a579312b15688d5b6873a1d3f83,SPREAD,NY Islanders -1.5,LIGHT_GREEN,False,20251230,Toronto Maple Leafs,4,New Jersey Devils,0,LOSS
HISTORICAL_BACKFILL_BASELINE,HISTORICAL_BACKFILL,2026-01-01 00:38:23.074785+00:00,2026-01-01T00:38:23.074785+00:00,2025-12-30,nhl,33382323,UTA Mammoth @ NY Islanders,f8a91a579312b15688d5b6873a1d3f83,SPREAD,NY Islanders -1.5,LIGHT_GREEN,False,20251230,Toronto Maple Leafs,4,New Jersey Devils,0,LOSS
HISTORICAL_BACKFILL_BASELINE,HISTORICAL_BACKFILL,2026-01-01 00:40:29.350278+00:00,2026-01-01T00:40:29.350278+00:00,2025-12-30,nhl,33382323,UTA Mammoth @ NY Islanders,f8a91a579312b15688d5b6873a1d3f83,SPREAD,NY Islanders -1.5,LIGHT_GREEN,False,20251230,Toronto Maple Leafs,4,New Jersey Devils,0,LOSS
HISTORICAL_BACKFILL_BASELINE,HISTORICAL_BACKFILL,2026-01-01 00:44:42.009147+00:00,2026-01-01T00:44:42.009147+00:00,2025-12-30,nhl,33382323,UTA Mammoth @ NY Islanders,f8a91a579312b15688d5b6873a1d3f83,SPREAD,NY Islanders -1.5,LIGHT_GREEN,False,20251230,Toronto Maple Leafs,4,New Jersey Devils,0,LOSS
HISTORICAL_BACKFILL_BASELINE,HISTORICAL_BACKFILL,2026-01-01 00:49:31.986651+00:00,2026-01-01T00:49:31.986651+00:00,2025-12-30,nhl,33382323,UTA Mammoth @ NY Islanders,f8a91a579312b15688d5b6873a1d3f83,SPREAD,NY Islanders -1.5,LIGHT_GREEN,False,20251230,Toronto Maple Leafs,4,New Jersey Devils,0,LOSS
HISTORICAL_BACKFILL_BASELINE,HISTORICAL_BACKFILL,2026-01-01 00:52:49.676706+00:00,2026-01-01T00:52:49.676706+00:00,2025-12-30,nhl,33382323,UTA Mammoth @ NY Islanders,f8a91a579312b15688d5b6873a1d3f83,SPREAD,NY Islanders -1.5,LIGHT_GREEN,False,20251230,Toronto Maple Leafs,4,New Jersey Devils,0,LOSS
HISTORICAL_BACKFILL_BASELINE,HISTORICAL_BACKFILL,2026-01-01 00:28:39.228007+00:00,2026-01-01T00:28:39.228007+00:00,2025-12-30,ncaaf,33273924,Wake Forest @ Mississippi State,6a04cba49d8bbd582a108ec3ef10b608,MONEYLINE,Mississippi State,YELLOW,False,20251230,Ohio State Buckeyes,14,Miami Hurricanes,24,LOSS
HISTORICAL_BACKFILL_BASELINE,HISTORICAL_BACKFILL,2026-01-01 00:28:39.237396+00:00,2026-01-01T00:28:39.237396+00:00,2025-12-30,ncaaf,33273924,Wake Forest @ Mississippi State,6a04cba49d8bbd582a108ec3ef10b608,TOTAL,Over 53.5,LIGHT_GREEN,False,20251230,Ohio State Buckeyes,14,Miami Hurricanes,24,LOSS
HISTORICAL_BACKFILL_BASELINE,HISTORICAL_BACKFILL,2026-01-01 00:38:23.053810+00:00,2026-01-01T00:38:23.053810+00:00,2025-12-30,ncaaf,33273924,Wake Forest @ Mississippi State,6a04cba49d8bbd582a108ec3ef10b608,MONEYLINE,Mississippi State,YELLOW,False,20251230,Ohio State Buckeyes,14,Miami Hurricanes,24,LOSS
HISTORICAL_BACKFILL_BASELINE,HISTORICAL_BACKFILL,2026-01-01 00:38:23.063241+00:00,2026-01-01T00:38:23.063241+00:00,2025-12-30,ncaaf,33273924,Wake Forest @ Mississippi State,6a04cba49d8bbd582a108ec3ef10b608,TOTAL,Over 53.5,LIGHT_GREEN,False,20251230,Ohio State Buckeyes,14,Miami Hurricanes,24,LOSS
HISTORICAL_BACKFILL_BASELINE,HISTORICAL_BACKFILL,2026-01-01 00:40:29.329372+00:00,2026-01-01T00:40:29.329372+00:00,2025-12-30,ncaaf,33273924,Wake Forest @ Mississippi State,6a04cba49d8bbd582a108ec3ef10b608,MONEYLINE,Mississippi State,YELLOW,False,20251230,Ohio State Buckeyes,14,Miami Hurricanes,24,LOSS
HISTORICAL_BACKFILL_BASELINE,HISTORICAL_BACKFILL,2026-01-01 00:40:29.338928+00:00,2026-01-01T00:40:29.338928+00:00,2025-12-30,ncaaf,33273924,Wake Forest @ Mississippi State,6a04cba49d8bbd582a108ec3ef10b608,TOTAL,Over 53.5,LIGHT_GREEN,False,20251230,Ohio State Buckeyes,14,Miami Hurricanes,24,LOSS
HISTORICAL_BACKFILL_BASELINE,HISTORICAL_BACKFILL,2026-01-01 00:44:41.986339+00:00,2026-01-01T00:44:41.986339+00:00,2025-12-30,ncaaf,33273924,Wake Forest @ Mississippi State,6a04cba49d8bbd582a108ec3ef10b608,MONEYLINE,Mississippi State,YELLOW,False,20251230,Ohio State Buckeyes,14,Miami Hurricanes,24,LOSS
HISTORICAL_BACKFILL_BASELINE,HISTORICAL_BACKFILL,2026-01-01 00:44:41.996798+00:00,2026-01-01T00:44:41.996798+00:00,2025-12-30,ncaaf,33273924,Wake Forest @ Mississippi State,6a04cba49d8bbd582a108ec3ef10b608,TOTAL,Over 53.5,LIGHT_GREEN,False,20251230,Ohio State Buckeyes,14,Miami Hurricanes,24,LOSS
HISTORICAL_BACKFILL_BASELINE,HISTORICAL_BACKFILL,2026-01-01 00:49:31.965597+00:00,2026-01-01T00:49:31.965597+00:00,2025-12-30,ncaaf,33273924,Wake Forest @ Mississippi State,6a04cba49d8bbd582a108ec3ef10b608,MONEYLINE,Mississippi State,YELLOW,False,20251230,Ohio State Buckeyes,14,Miami Hurricanes,24,LOSS
HISTORICAL_BACKFILL_BASELINE,HISTORICAL_BACKFILL,2026-01-01 00:49:31.975039+00:00,2026-01-01T00:49:31.975039+00:00,2025-12-30,ncaaf,33273924,Wake Forest @ Mississippi State,6a04cba49d8bbd582a108ec3ef10b608,TOTAL,Over 53.5,LIGHT_GREEN,False,20251230,Ohio State Buckeyes,14,Miami Hurricanes,24,LOSS
HISTORICAL_BACKFILL_BASELINE,HISTORICAL_BACKFILL,2026-01-01 00:52:49.655502+00:00,2026-01-01T00:52:49.655502+00:00,2025-12-30,ncaaf,33273924,Wake Forest @ Mississippi State,6a04cba49d8bbd582a108ec3ef10b608,MONEYLINE,Mississippi State,YELLOW,False,20251230,Ohio State Buckeyes,14,Miami Hurricanes,24,LOSS
HISTORICAL_BACKFILL_BASELINE,HISTORICAL_BACKFILL,2026-01-01 00:52:49.665127+00:00,2026-01-01T00:52:49.665127+00:00,2025-12-30,ncaaf,33273924,Wake Forest @ Mississippi State,6a04cba49d8bbd582a108ec3ef10b608,TOTAL,Over 53.5,LIGHT_GREEN,False,20251230,Ohio State Buckeyes,14,Miami Hurricanes,24,LOSS
HISTORICAL_BACKFILL_BASELINE,HISTORICAL_BACKFILL,2026-01-01 00:28:39.249742+00:00,2026-01-01T00:28:39.249742+00:00,2025-12-30,nhl,33382322,WAS Capitals @ OTT Senators,3639235cc47f23180899d6caa0fb1f42,SPREAD,WAS Capitals +1.5,YELLOW,False,20251230,Toronto Maple Leafs,4,New Jersey Devils,0,UNRESOLVED_TEAM
HISTORICAL_BACKFILL_BASELINE,HISTORICAL_BACKFILL,2026-01-01 00:28:39.250546+00:00,2026-01-01T00:28:39.250546+00:00,2025-12-30,nhl,33382322,WAS Capitals @ OTT Senators,3639235cc47f23180899d6caa0fb1f42,SPREAD,OTT Senators -1.5,LIGHT_GREEN,False,20251230,Toronto Maple Leafs,4,New Jersey Devils,0,UNRESOLVED_TEAM
HISTORICAL_BACKFILL_BASELINE,HISTORICAL_BACKFILL,2026-01-01 00:38:23.075881+00:00,2026-01-01T00:38:23.075881+00:00,2025-12-30,nhl,33382322,WAS Capitals @ OTT Senators,3639235cc47f23180899d6caa0fb1f42,SPREAD,WAS Capitals +1.5,YELLOW,False,20251230,Toronto Maple Leafs,4,New Jersey Devils,0,UNRESOLVED_TEAM
HISTORICAL_BACKFILL_BASELINE,HISTORICAL_BACKFILL,2026-01-01 00:38:23.076731+00:00,2026-01-01T00:38:23.076731+00:00,2025-12-30,nhl,33382322,WAS Capitals @ OTT Senators,3639235cc47f23180899d6caa0fb1f42,SPREAD,OTT Senators -1.5,LIGHT_GREEN,False,20251230,Toronto Maple Leafs,4,New Jersey Devils,0,UNRESOLVED_TEAM
HISTORICAL_BACKFILL_BASELINE,HISTORICAL_BACKFILL,2026-01-01 00:40:29.351306+00:00,2026-01-01T00:40:29.351306+00:00,2025-12-30,nhl,33382322,WAS Capitals @ OTT Senators,3639235cc47f23180899d6caa0fb1f42,SPREAD,WAS Capitals +1.5,YELLOW,False,20251230,Toronto Maple Leafs,4,New Jersey Devils,0,UNRESOLVED_TEAM
HISTORICAL_BACKFILL_BASELINE,HISTORICAL_BACKFILL,2026-01-01 00:40:29.352114+00:00,2026-01-01T00:40:29.352114+00:00,2025-12-30,nhl,33382322,WAS Capitals @ OTT Senators,3639235cc47f23180899d6caa0fb1f42,SPREAD,OTT Senators -1.5,LIGHT_GREEN,False,20251230,Toronto Maple Leafs,4,New Jersey Devils,0,UNRESOLVED_TEAM
HISTORICAL_BACKFILL_BASELINE,HISTORICAL_BACKFILL,2026-01-01 00:44:42.010279+00:00,2026-01-01T00:44:42.010279+00:00,2025-12-30,nhl,33382322,WAS Capitals @ OTT Senators,3639235cc47f23180899d6caa0fb1f42,SPREAD,WAS Capitals +1.5,YELLOW,False,20251230,Toronto Maple Leafs,4,New Jersey Devils,0,UNRESOLVED_TEAM
HISTORICAL_BACKFILL_BASELINE,HISTORICAL_BACKFILL,2026-01-01 00:44:42.011157+00:00,2026-01-01T00:44:42.011157+00:00,2025-12-30,nhl,33382322,WAS Capitals @ OTT Senators,3639235cc47f23180899d6caa0fb1f42,SPREAD,OTT Senators -1.5,LIGHT_GREEN,False,20251230,Toronto Maple Leafs,4,New Jersey Devils,0,UNRESOLVED_TEAM
HISTORICAL_BACKFILL_BASELINE,HISTORICAL_BACKFILL,2026-01-01 00:49:31.987663+00:00,2026-01-01T00:49:31.987663+00:00,2025-12-30,nhl,33382322,WAS Capitals @ OTT Senators,3639235cc47f23180899d6caa0fb1f42,SPREAD,WAS Capitals +1.5,YELLOW,False,20251230,Toronto Maple Leafs,4,New Jersey Devils,0,UNRESOLVED_TEAM
HISTORICAL_BACKFILL_BASELINE,HISTORICAL_BACKFILL,2026-01-01 00:49:31.988455+00:00,2026-01-01T00:49:31.988455+00:00,2025-12-30,nhl,33382322,WAS Capitals @ OTT Senators,3639235cc47f23180899d6caa0fb1f42,SPREAD,OTT Senators -1.5,LIGHT_GREEN,False,20251230,Toronto Maple Leafs,4,New Jersey Devils,0,UNRESOLVED_TEAM
HISTORICAL_BACKFILL_BASELINE,HISTORICAL_BACKFILL,2026-01-01 00:52:49.677760+00:00,2026-01-01T00:52:49.677760+00:00,2025-12-30,nhl,33382322,WAS Capitals @ OTT Senators,3639235cc47f23180899d6caa0fb1f42,SPREAD,WAS Capitals +1.5,YELLOW,False,20251230,Toronto Maple Leafs,4,New Jersey Devils,0,UNRESOLVED_TEAM
HISTORICAL_BACKFILL_BASELINE,HISTORICAL_BACKFILL,2026-01-01 00:52:49.678575+00:00,2026-01-01T00:52:49.678575+00:00,2025-12-30,nhl,33382322,WAS Capitals @ OTT Senators,3639235cc47f23180899d6caa0fb1f42,SPREAD,OTT Senators -1.5,LIGHT_GREEN,False,20251230,Toronto Maple Leafs,4,New Jersey Devils,0,UNRESOLVED_TEAM
HISTORICAL_BACKFILL_BASELINE,HISTORICAL_BACKFILL,2026-01-01 00:28:39.224491+00:00,2026-01-01T00:28:39.224491+00:00,2025-12-30,ncaab,33380237,Wichita State @ UAB,f50ca50b1f06e2ff1b9dd2a254ce4753,MONEYLINE,UAB,YELLOW,False,20251230,North Carolina Tar Heels,79,Florida State Seminoles,66,UNRESOLVED_TEAM
HISTORICAL_BACKFILL_BASELINE,HISTORICAL_BACKFILL,2026-01-01 00:38:23.050067+00:00,2026-01-01T00:38:23.050067+00:00,2025-12-30,ncaab,33380237,Wichita State @ UAB,f50ca50b1f06e2ff1b9dd2a254ce4753,MONEYLINE,UAB,YELLOW,False,20251230,North Carolina Tar Heels,79,Florida State Seminoles,66,UNRESOLVED_TEAM
HISTORICAL_BACKFILL_BASELINE,HISTORICAL_BACKFILL,2026-01-01 00:40:29.325733+00:00,2026-01-01T00:40:29.325733+00:00,2025-12-30,ncaab,33380237,Wichita State @ UAB,f50ca50b1f06e2ff1b9dd2a254ce4753,MONEYLINE,UAB,YELLOW,False,20251230,North Carolina Tar Heels,79,Florida State Seminoles,66,UNRESOLVED_TEAM
HISTORICAL_BACKFILL_BASELINE,HISTORICAL_BACKFILL,2026-01-01 00:44:41.982083+00:00,2026-01-01T00:44:41.982083+00:00,2025-12-30,ncaab,33380237,Wichita State @ UAB,f50ca50b1f06e2ff1b9dd2a254ce4753,MONEYLINE,UAB,YELLOW,False,20251230,North Carolina Tar Heels,79,Florida State Seminoles,66,UNRESOLVED_TEAM
HISTORICAL_BACKFILL_BASELINE,HISTORICAL_BACKFILL,2026-01-01 00:49:31.961809+00:00,2026-01-01T00:49:31.961809+00:00,2025-12-30,ncaab,33380237,Wichita State @ UAB,f50ca50b1f06e2ff1b9dd2a254ce4753,MONEYLINE,UAB,YELLOW,False,20251230,North Carolina Tar Heels,79,Florida State Seminoles,66,UNRESOLVED_TEAM
HISTORICAL_BACKFILL_BASELINE,HISTORICAL_BACKFILL,2026-01-01 00:52:49.651891+00:00,2026-01-01T00:52:49.651891+00:00,2025-12-30,ncaab,33380237,Wichita State @ UAB,f50ca50b1f06e2ff1b9dd2a254ce4753,MONEYLINE,UAB,YELLOW,False,20251230,North Carolina Tar Heels,79,Florida State Seminoles,66,UNRESOLVED_TEAM
HISTORICAL_BACKFILL_BASELINE,HISTORICAL_BACKFILL,2026-01-01 00:28:39.242220+00:00,2026-01-01T00:28:39.242220+00:00,2025-12-30,ncaab,33380226,Wofford @ Western Carolina,53824e2fb2108a8cd6517c40ba8a9486,SPREAD,Western Carolina +1.5,LIGHT_GREEN,False,20251230,North Carolina Tar Heels,79,Florida State Seminoles,66,WIN
HISTORICAL_BACKFILL_BASELINE,HISTORICAL_BACKFILL,2026-01-01 00:38:23.068269+00:00,2026-01-01T00:38:23.068269+00:00,2025-12-30,ncaab,33380226,Wofford @ Western Carolina,53824e2fb2108a8cd6517c40ba8a9486,SPREAD,Western Carolina +1.5,LIGHT_GREEN,False,20251230,North Carolina Tar Heels,79,Florida State Seminoles,66,WIN
HISTORICAL_BACKFILL_BASELINE,HISTORICAL_BACKFILL,2026-01-01 00:40:29.343793+00:00,2026-01-01T00:40:29.343793+00:00,2025-12-30,ncaab,33380226,Wofford @ Western Carolina,53824e2fb2108a8cd6517c40ba8a9486,SPREAD,Western Carolina +1.5,LIGHT_GREEN,False,20251230,North Carolina Tar Heels,79,Florida State Seminoles,66,WIN
HISTORICAL_BACKFILL_BASELINE,HISTORICAL_BACKFILL,2026-01-01 00:44:42.002045+00:00,2026-01-01T00:44:42.002045+00:00,2025-12-30,ncaab,33380226,Wofford @ Western Carolina,53824e2fb2108a8cd6517c40ba8a9486,SPREAD,Western Carolina +1.5,LIGHT_GREEN,False,20251230,North Carolina Tar Heels,79,Florida State Seminoles,66,WIN
HISTORICAL_BACKFILL_BASELINE,HISTORICAL_BACKFILL,2026-01-01 00:49:31.980113+00:00,2026-01-01T00:49:31.980113+00:00,2025-12-30,ncaab,33380226,Wofford @ Western Carolina,53824e2fb2108a8cd6517c40ba8a9486,SPREAD,Western Carolina +1.5,LIGHT_GREEN,False,20251230,North Carolina Tar Heels,79,Florida State Seminoles,66,WIN
HISTORICAL_BACKFILL_BASELINE,HISTORICAL_BACKFILL,2026-01-01 00:52:49.669989+00:00,2026-01-01T00:52:49.669989+00:00,2025-12-30,ncaab,33380226,Wofford @ Western Carolina,53824e2fb2108a8cd6517c40ba8a9486,SPREAD,Western Carolina +1.5,LIGHT_GREEN,False,20251230,North Carolina Tar Heels,79,Florida State Seminoles,66,WIN
HISTORICAL_BACKFILL_BASELINE,HISTORICAL_BACKFILL,2026-01-01 00:28:39.223586+00:00,2026-01-01T00:28:39.223586+00:00,2025-12-30,nhl,33378580,WPG Jets @ DET Red Wings,67904e3d88b7cd4308c4734643fe7d7a,MONEYLINE,DET Red Wings,YELLOW,False,20251231,Detroit Red Wings,2,Winnipeg Jets,1,WIN
HISTORICAL_BACKFILL_BASELINE,HISTORICAL_BACKFILL,2026-01-01 00:28:39.244425+00:00,2026-01-01T00:28:39.244425+00:00,2025-12-30,nhl,33378580,WPG Jets @ DET Red Wings,67904e3d88b7cd4308c4734643fe7d7a,SPREAD,DET Red Wings -1.5,LIGHT_GREEN,False,20251231,Detroit Red Wings,2,Winnipeg Jets,1,LOSS
HISTORICAL_BACKFILL_BASELINE,HISTORICAL_BACKFILL,2026-01-01 00:38:23.049110+00:00,2026-01-01T00:38:23.049110+00:00,2025-12-30,nhl,33378580,WPG Jets @ DET Red Wings,67904e3d88b7cd4308c4734643fe7d7a,MONEYLINE,DET Red Wings,YELLOW,False,20251231,Detroit Red Wings,2,Winnipeg Jets,1,WIN
HISTORICAL_BACKFILL_BASELINE,HISTORICAL_BACKFILL,2026-01-01 00:38:23.070552+00:00,2026-01-01T00:38:23.070552+00:00,2025-12-30,nhl,33378580,WPG Jets @ DET Red Wings,67904e3d88b7cd4308c4734643fe7d7a,SPREAD,DET Red Wings -1.5,LIGHT_GREEN,False,20251231,Detroit Red Wings,2,Winnipeg Jets,1,LOSS
HISTORICAL_BACKFILL_BASELINE,HISTORICAL_BACKFILL,2026-01-01 00:40:29.324823+00:00,2026-01-01T00:40:29.324823+00:00,2025-12-30,nhl,33378580,WPG Jets @ DET Red Wings,67904e3d88b7cd4308c4734643fe7d7a,MONEYLINE,DET Red Wings,YELLOW,False,20251231,Detroit Red Wings,2,Winnipeg Jets,1,WIN
HISTORICAL_BACKFILL_BASELINE,HISTORICAL_BACKFILL,2026-01-01 00:40:29.346038+00:00,2026-01-01T00:40:29.346038+00:00,2025-12-30,nhl,33378580,WPG Jets @ DET Red Wings,67904e3d88b7cd4308c4734643fe7d7a,SPREAD,DET Red Wings -1.5,LIGHT_GREEN,False,20251231,Detroit Red Wings,2,Winnipeg Jets,1,LOSS
HISTORICAL_BACKFILL_BASELINE,HISTORICAL_BACKFILL,2026-01-01 00:44:41.980985+00:00,2026-01-01T00:44:41.980985+00:00,2025-12-30,nhl,33378580,WPG Jets @ DET Red Wings,67904e3d88b7cd4308c4734643fe7d7a,MONEYLINE,DET Red Wings,YELLOW,False,20251231,Detroit Red Wings,2,Winnipeg Jets,1,WIN
HISTORICAL_BACKFILL_BASELINE,HISTORICAL_BACKFILL,2026-01-01 00:44:42.004438+00:00,2026-01-01T00:44:42.004438+00:00,2025-12-30,nhl,33378580,WPG Jets @ DET Red Wings,67904e3d88b7cd4308c4734643fe7d7a,SPREAD,DET Red Wings -1.5,LIGHT_GREEN,False,20251231,Detroit Red Wings,2,Winnipeg Jets,1,LOSS
HISTORICAL_BACKFILL_BASELINE,HISTORICAL_BACKFILL,2026-01-01 00:49:31.960864+00:00,2026-01-01T00:49:31.960864+00:00,2025-12-30,nhl,33378580,WPG Jets @ DET Red Wings,67904e3d88b7cd4308c4734643fe7d7a,MONEYLINE,DET Red Wings,YELLOW,False,20251231,Detroit Red Wings,2,Winnipeg Jets,1,WIN
HISTORICAL_BACKFILL_BASELINE,HISTORICAL_BACKFILL,2026-01-01 00:49:31.982388+00:00,2026-01-01T00:49:31.982388+00:00,2025-12-30,nhl,33378580,WPG Jets @ DET Red Wings,67904e3d88b7cd4308c4734643fe7d7a,SPREAD,DET Red Wings -1.5,LIGHT_GREEN,False,20251231,Detroit Red Wings,2,Winnipeg Jets,1,LOSS
HISTORICAL_BACKFILL_BASELINE,HISTORICAL_BACKFILL,2026-01-01 00:52:49.650966+00:00,2026-01-01T00:52:49.650966+00:00,2025-12-30,nhl,33378580,WPG Jets @ DET Red Wings,67904e3d88b7cd4308c4734643fe7d7a,MONEYLINE,DET Red Wings,YELLOW,False,20251231,Detroit Red Wings,2,Winnipeg Jets,1,WIN
HISTORICAL_BACKFILL_BASELINE,HISTORICAL_BACKFILL,2026-01-01 00:52:49.672259+00:00,2026-01-01T00:52:49.672259+00:00,2025-12-30,nhl,33378580,WPG Jets @ DET Red Wings,67904e3d88b7cd4308c4734643fe7d7a,SPREAD,DET Red Wings -1.5,LIGHT_GREEN,False,20251231,Detroit Red Wings,2,Winnipeg Jets,1,LOSS
HISTORICAL_BACKFILL_BASELINE,HISTORICAL_BACKFILL,2026-01-01 00:28:39.229577+00:00,2026-01-01T00:28:39.229577+00:00,2025-12-30,nhl,33382327,WPG Jets @ TOR Maple Leafs,55148382fcc6c6bcd0c0adb97eb0434d,MONEYLINE,WPG Jets,LIGHT_GREEN,False,20251230,Toronto Maple Leafs,4,New Jersey Devils,0,UNRESOLVED_TEAM
HISTORICAL_BACKFILL_BASELINE,HISTORICAL_BACKFILL,2026-01-01 00:38:23.055413+00:00,2026-01-01T00:38:23.055413+00:00,2025-12-30,nhl,33382327,WPG Jets @ TOR Maple Leafs,55148382fcc6c6bcd0c0adb97eb0434d,MONEYLINE,WPG Jets,LIGHT_GREEN,False,20251230,Toronto Maple Leafs,4,New Jersey Devils,0,UNRESOLVED_TEAM
HISTORICAL_BACKFILL_BASELINE,HISTORICAL_BACKFILL,2026-01-01 00:40:29.331067+00:00,2026-01-01T00:40:29.331067+00:00,2025-12-30,nhl,33382327,WPG Jets @ TOR Maple Leafs,55148382fcc6c6bcd0c0adb97eb0434d,MONEYLINE,WPG Jets,LIGHT_GREEN,False,20251230,Toronto Maple Leafs,4,New Jersey Devils,0,UNRESOLVED_TEAM
HISTORICAL_BACKFILL_BASELINE,HISTORICAL_BACKFILL,2026-01-01 00:44:41.988048+00:00,2026-01-01T00:44:41.988048+00:00,2025-12-30,nhl,33382327,WPG Jets @ TOR Maple Leafs,55148382fcc6c6bcd0c0adb97eb0434d,MONEYLINE,WPG Jets,LIGHT_GREEN,False,20251230,Toronto Maple Leafs,4,New Jersey Devils,0,UNRESOLVED_TEAM
HISTORICAL_BACKFILL_BASELINE,HISTORICAL_BACKFILL,2026-01-01 00:49:31.967265+00:00,2026-01-01T00:49:31.967265+00:00,2025-12-30,nhl,33382327,WPG Jets @ TOR Maple Leafs,55148382fcc6c6bcd0c0adb97eb0434d,MONEYLINE,WPG Jets,LIGHT_GREEN,False,20251230,Toronto Maple Leafs,4,New Jersey Devils,0,UNRESOLVED_TEAM
HISTORICAL_BACKFILL_BASELINE,HISTORICAL_BACKFILL,2026-01-01 00:52:49.657125+00:00,2026-01-01T00:52:49.657125+00:00,2025-12-30,nhl,33382327,WPG Jets @ TOR Maple Leafs,55148382fcc6c6bcd0c0adb97eb0434d,MONEYLINE,WPG Jets,LIGHT_GREEN,False,20251230,Toronto Maple Leafs,4,New Jersey Devils,0,UNRESOLVED_TEAM
HISTORICAL_BACKFILL_BASELINE,HISTORICAL_BACKFILL,2026-01-01 02:03:21.129520+00:00,2026-01-01T02:03:21.129520+00:00,2025-12-30,nhl,33378585,BOS Bruins @ EDM Oilers,cf73f8495277e224450a2f3700029b7d,MONEYLINE,EDM Oilers,RED,False,20251230,Toronto Maple Leafs,4,New Jersey Devils,0,UNRESOLVED_TEAM
HISTORICAL_BACKFILL_BASELINE,HISTORICAL_BACKFILL,2026-01-01 02:03:21.412209+00:00,2026-01-01T02:03:21.412209+00:00,2025-12-30,nhl,33378585,BOS Bruins @ EDM Oilers,cf73f8495277e224450a2f3700029b7d,TOTAL,Over 6.5,LIGHT_GREEN,False,20251230,Toronto Maple Leafs,4,New Jersey Devils,0,LOSS
HISTORICAL_BACKFILL_BASELINE,HISTORICAL_BACKFILL,2026-01-01 02:03:21.706906+00:00,2026-01-01T02:03:21.706906+00:00,2025-12-30,nhl,33378584,PHI Flyers @ CGY Flames,dec60bd942ee61060a44fa30a8f58e04,SPREAD,PHI Flyers +1.5,RED,False,20251230,Vancouver Canucks,3,Philadelphia Flyers,6,WIN
