logged_at_utc,logic_version,sport,game_id,game,market,side,color
2026-01-01T00:28:39.230103+00:00,v0.1,nhl,33378585,BOS Bruins @ EDM Oilers,MONEYLINE,EDM Oilers,RED
2026-01-01T00:28:39.241692+00:00,v0.1,nhl,33378585,BOS Bruins @ EDM Oilers,TOTAL,Over 6.5,LIGHT_GREEN
2026-01-01T00:38:23.055950+00:00,v0.1,nhl,33378585,BOS Bruins @ EDM Oilers,MONEYLINE,EDM Oilers,RED
2026-01-01T00:38:23.067736+00:00,v0.1,nhl,33378585,BOS Bruins @ EDM Oilers,TOTAL,Over 6.5,LIGHT_GREEN
2026-01-01T00:40:29.331622+00:00,v0.1,nhl,33378585,BOS Bruins @ EDM Oilers,MONEYLINE,EDM Oilers,RED
2026-01-01T00:40:29.343238+00:00,v0.1,nhl,33378585,BOS Bruins @ EDM Oilers,TOTAL,Over 6.5,LIGHT_GREEN
2026-01-01T00:44:41.988617+00:00,v0.1,nhl,33378585,BOS Bruins @ EDM Oilers,MONEYLINE,EDM Oilers,RED
2026-01-01T00:44:42.001469+00:00,v0.1,nhl,33378585,BOS Bruins @ EDM Oilers,TOTAL,Over 6.5,LIGHT_GREEN
2026-01-01T00:49:31.967802+00:00,v0.1,nhl,33378585,BOS Bruins @ EDM Oilers,MONEYLINE,EDM Oilers,RED
2026-01-01T00:49:31.979550+00:00,v0.1,nhl,33378585,BOS Bruins @ EDM Oilers,TOTAL,Over 6.5,LIGHT_GREEN
2026-01-01T00:52:49.657677+00:00,v0.1,nhl,33378585,BOS Bruins @ EDM Oilers,MONEYLINE,EDM Oilers,RED
2026-01-01T00:52:49.669456+00:00,v0.1,nhl,33378585,BOS Bruins @ EDM Oilers,TOTAL,Over 6.5,LIGHT_GREEN
2026-01-01T00:28:39.235679+00:00,v0.1,nfl,32225607,CAR Panthers @ TB Buccaneers,TOTAL,Over 43.5,YELLOW
2026-01-01T00:38:23.061467+00:00,v0.1,nfl,32225607,CAR Panthers @ TB Buccaneers,TOTAL,Over 43.5,YELLOW
2026-01-01T00:40:29.337207+00:00,v0.1,nfl,32225607,CAR Panthers @ TB Buccaneers,TOTAL,Over 43.5,YELLOW
2026-01-01T00:44:41.994485+00:00,v0.1,nfl,32225607,CAR Panthers @ TB Buccaneers,TOTAL,Over 43.5,YELLOW
2026-01-01T00:49:31.973313+00:00,v0.1,nfl,32225607,CAR Panthers @ TB Buccaneers,TOTAL,Over 43.5,YELLOW
2026-01-01T00:52:49.663389+00:00,v0.1,nfl,32225607,CAR Panthers @ TB Buccaneers,TOTAL,Over 43.5,YELLOW
2026-01-01T00:28:39.227388+00:00,v0.1,nfl,32225528,CLE Browns @ CIN Bengals,MONEYLINE,CIN Bengals,RED
2026-01-01T00:28:39.227665+00:00,v0.1,nfl,32225528,CLE Browns @ CIN Bengals,MONEYLINE,CLE Browns,LIGHT_GREEN
2026-01-01T00:38:23.053177+00:00,v0.1,nfl,32225528,CLE Browns @ CIN Bengals,MONEYLINE,CIN Bengals,RED
2026-01-01T00:38:23.053459+00:00,v0.1,nfl,32225528,CLE Browns @ CIN Bengals,MONEYLINE,CLE Browns,LIGHT_GREEN
2026-01-01T00:40:29.328689+00:00,v0.1,nfl,32225528,CLE Browns @ CIN Bengals,MONEYLINE,CIN Bengals,RED
2026-01-01T00:40:29.328977+00:00,v0.1,nfl,32225528,CLE Browns @ CIN Bengals,MONEYLINE,CLE Browns,LIGHT_GREEN
2026-01-01T00:44:41.985647+00:00,v0.1,nfl,32225528,CLE Browns @ CIN Bengals,MONEYLINE,CIN Bengals,RED
2026-01-01T00:44:41.985962+00:00,v0.1,nfl,32225528,CLE Browns @ CIN Bengals,MONEYLINE,CLE Browns,LIGHT_GREEN
2026-01-01T00:49:31.964903+00:00,v0.1,nfl,32225528,CLE Browns @ CIN Bengals,MONEYLINE,CIN Bengals,RED
2026-01-01T00:49:31.965231+00:00,v0.1,nfl,32225528,CLE Browns @ CIN Bengals,MONEYLINE,CLE Browns,LIGHT_GREEN
2026-01-01T00:52:49.654874+00:00,v0.1,nfl,32225528,CLE Browns @ CIN Bengals,MONEYLINE,CIN Bengals,RED
2026-01-01T00:52:49.655155+00:00,v0.1,nfl,32225528,CLE Browns @ CIN Bengals,MONEYLINE,CLE Browns,LIGHT_GREEN
2026-01-01T00:28:39.226083+00:00,v0.1,nfl,32225703,DAL Cowboys @ NY Giants,MONEYLINE,DAL Cowboys,RED
2026-01-01T00:38:23.051835+00:00,v0.1,nfl,32225703,DAL Cowboys @ NY Giants,MONEYLINE,DAL Cowboys,RED
2026-01-01T00:40:29.327335+00:00,v0.1,nfl,32225703,DAL Cowboys @ NY Giants,MONEYLINE,DAL Cowboys,RED
2026-01-01T00:44:41.984178+00:00,v0.1,nfl,32225703,DAL Cowboys @ NY Giants,MONEYLINE,DAL Cowboys,RED
2026-01-01T00:49:31.963462+00:00,v0.1,nfl,32225703,DAL Cowboys @ NY Giants,MONEYLINE,DAL Cowboys,RED
2026-01-01T00:52:49.653541+00:00,v0.1,nfl,32225703,DAL Cowboys @ NY Giants,MONEYLINE,DAL Cowboys,RED
2026-01-01T00:28:39.238611+00:00,v0.1,nba,33372974,DEN Nuggets @ TOR Raptors,TOTAL,Over 229.5,YELLOW
2026-01-01T00:38:23.064539+00:00,v0.1,nba,33372974,DEN Nuggets @ TOR Raptors,TOTAL,Over 229.5,YELLOW
2026-01-01T00:40:29.340138+00:00,v0.1,nba,33372974,DEN Nuggets @ TOR Raptors,TOTAL,Over 229.5,YELLOW
2026-01-01T00:44:41.998125+00:00,v0.1,nba,33372974,DEN Nuggets @ TOR Raptors,TOTAL,Over 229.5,YELLOW
2026-01-01T00:49:31.976238+00:00,v0.1,nba,33372974,DEN Nuggets @ TOR Raptors,TOTAL,Over 229.5,YELLOW
2026-01-01T00:52:49.666334+00:00,v0.1,nba,33372974,DEN Nuggets @ TOR Raptors,TOTAL,Over 229.5,YELLOW
2026-01-01T00:28:39.247767+00:00,v0.1,ncaab,33383819,Florida Gulf Coast @ Central Arkansas,SPREAD,Florida Gulf Coast -2.5,RED
2026-01-01T00:38:23.073849+00:00,v0.1,ncaab,33383819,Florida Gulf Coast @ Central Arkansas,SPREAD,Florida Gulf Coast -2.5,RED
2026-01-01T00:40:29.349305+00:00,v0.1,ncaab,33383819,Florida Gulf Coast @ Central Arkansas,SPREAD,Florida Gulf Coast -2.5,RED
2026-01-01T00:44:42.008005+00:00,v0.1,ncaab,33383819,Florida Gulf Coast @ Central Arkansas,SPREAD,Florida Gulf Coast -2.5,RED
2026-01-01T00:49:31.985705+00:00,v0.1,ncaab,33383819,Florida Gulf Coast @ Central Arkansas,SPREAD,Florida Gulf Coast -2.5,RED
2026-01-01T00:52:49.675758+00:00,v0.1,ncaab,33383819,Florida Gulf Coast @ Central Arkansas,SPREAD,Florida Gulf Coast -2.5,RED
2026-01-01T00:28:39.234785+00:00,v0.1,nfl,32225786,GB Packers @ MIN Vikings,TOTAL,Under 35.5,LIGHT_GREEN
2026-01-01T00:38:23.060557+00:00,v0.1,nfl,32225786,GB Packers @ MIN Vikings,TOTAL,Under 35.5,LIGHT_GREEN
2026-01-01T00:40:29.336337+00:00,v0.1,nfl,32225786,GB Packers @ MIN Vikings,TOTAL,Under 35.5,LIGHT_GREEN
2026-01-01T00:44:41.993509+00:00,v0.1,nfl,32225786,GB Packers @ MIN Vikings,TOTAL,Under 35.5,LIGHT_GREEN
2026-01-01T00:49:31.972399+00:00,v0.1,nfl,32225786,GB Packers @ MIN Vikings,TOTAL,Under 35.5,LIGHT_GREEN
2026-01-01T00:52:49.662491+00:00,v0.1,nfl,32225786,GB Packers @ MIN Vikings,TOTAL,Under 35.5,LIGHT_GREEN
2026-01-01T00:28:39.233404+00:00,v0.1,ncaab,33380242,George Washington @ Richmond,TOTAL,Over 162.5,LIGHT_GREEN
2026-01-01T00:38:23.059207+00:00,v0.1,ncaab,33380242,George Washington @ Richmond,TOTAL,Over 162.5,LIGHT_GREEN
2026-01-01T00:40:29.334995+00:00,v0.1,ncaab,33380242,George Washington @ Richmond,TOTAL,Over 162.5,LIGHT_GREEN
2026-01-01T00:44:41.992044+00:00,v0.1,ncaab,33380242,George Washington @ Richmond,TOTAL,Over 162.5,LIGHT_GREEN
2026-01-01T00:49:31.971028+00:00,v0.1,ncaab,33380242,George Washington @ Richmond,TOTAL,Over 162.5,LIGHT_GREEN
2026-01-01T00:52:49.661055+00:00,v0.1,ncaab,33380242,George Washington @ Richmond,TOTAL,Over 162.5,LIGHT_GREEN
2026-01-01T00:28:39.240420+00:00,v0.1,ncaab,33383534,Georgia Southern @ Coastal Carolina,TOTAL,Over 157.5,LIGHT_GREEN
2026-01-01T00:38:23.066421+00:00,v0.1,ncaab,33383534,Georgia Southern @ Coastal Carolina,TOTAL,Over 157.5,LIGHT_GREEN
2026-01-01T00:40:29.341923+00:00,v0.1,ncaab,33383534,Georgia Southern @ Coastal Carolina,TOTAL,Over 157.5,LIGHT_GREEN
2026-01-01T00:44:42.000075+00:00,v0.1,ncaab,33383534,Georgia Southern @ Coastal Carolina,TOTAL,Over 157.5,LIGHT_GREEN
2026-01-01T00:49:31.978169+00:00,v0.1,ncaab,33383534,Georgia Southern @ Coastal Carolina,TOTAL,Over 157.5,LIGHT_GREEN
2026-01-01T00:52:49.668161+00:00,v0.1,ncaab,33383534,Georgia Southern @ Coastal Carolina,TOTAL,Over 157.5,LIGHT_GREEN
2026-01-01T00:28:39.247486+00:00,v0.1,ncaab,33383541,Green Bay @ Purdue Fort Wayne,SPREAD,Green Bay +7.5,LIGHT_GREEN
2026-01-01T00:38:23.073568+00:00,v0.1,ncaab,33383541,Green Bay @ Purdue Fort Wayne,SPREAD,Green Bay +7.5,LIGHT_GREEN
2026-01-01T00:40:29.349023+00:00,v0.1,ncaab,33383541,Green Bay @ Purdue Fort Wayne,SPREAD,Green Bay +7.5,LIGHT_GREEN
2026-01-01T00:44:42.007682+00:00,v0.1,ncaab,33383541,Green Bay @ Purdue Fort Wayne,SPREAD,Green Bay +7.5,LIGHT_GREEN
2026-01-01T00:49:31.985422+00:00,v0.1,ncaab,33383541,Green Bay @ Purdue Fort Wayne,SPREAD,Green Bay +7.5,LIGHT_GREEN
2026-01-01T00:52:49.675453+00:00,v0.1,ncaab,33383541,Green Bay @ Purdue Fort Wayne,SPREAD,Green Bay +7.5,LIGHT_GREEN
2026-01-01T00:28:39.219598+00:00,v0.1,nba,33372971,GS Warriors @ CHA Hornets,MONEYLINE,GS Warriors,YELLOW
2026-01-01T00:28:39.230682+00:00,v0.1,nba,33372971,GS Warriors @ CHA Hornets,TOTAL,Over 235.5,YELLOW
2026-01-01T00:38:23.045985+00:00,v0.1,nba,33372971,GS Warriors @ CHA Hornets,MONEYLINE,GS Warriors,YELLOW
2026-01-01T00:38:23.056532+00:00,v0.1,nba,33372971,GS Warriors @ CHA Hornets,TOTAL,Over 235.5,YELLOW
2026-01-01T00:40:29.321768+00:00,v0.1,nba,33372971,GS Warriors @ CHA Hornets,MONEYLINE,GS Warriors,YELLOW
2026-01-01T00:40:29.332313+00:00,v0.1,nba,33372971,GS Warriors @ CHA Hornets,TOTAL,Over 235.5,YELLOW
2026-01-01T00:44:41.977273+00:00,v0.1,nba,33372971,GS Warriors @ CHA Hornets,MONEYLINE,GS Warriors,YELLOW
2026-01-01T00:44:41.989219+00:00,v0.1,nba,33372971,GS Warriors @ CHA Hornets,TOTAL,Over 235.5,YELLOW
2026-01-01T00:49:31.957726+00:00,v0.1,nba,33372971,GS Warriors @ CHA Hornets,MONEYLINE,GS Warriors,YELLOW
2026-01-01T00:49:31.968371+00:00,v0.1,nba,33372971,GS Warriors @ CHA Hornets,TOTAL,Over 235.5,YELLOW
2026-01-01T00:52:49.647823+00:00,v0.1,nba,33372971,GS Warriors @ CHA Hornets,MONEYLINE,GS Warriors,YELLOW
2026-01-01T00:52:49.658265+00:00,v0.1,nba,33372971,GS Warriors @ CHA Hornets,TOTAL,Over 235.5,YELLOW
2026-01-01T00:28:39.226521+00:00,v0.1,nfl,32225622,IND Colts @ HOU Texans,MONEYLINE,HOU Texans,RED
2026-01-01T00:28:39.236587+00:00,v0.1,nfl,32225622,IND Colts @ HOU Texans,TOTAL,Under 38.5,LIGHT_GREEN
2026-01-01T00:38:23.052288+00:00,v0.1,nfl,32225622,IND Colts @ HOU Texans,MONEYLINE,HOU Texans,RED
2026-01-01T00:38:23.062403+00:00,v0.1,nfl,32225622,IND Colts @ HOU Texans,TOTAL,Under 38.5,LIGHT_GREEN
2026-01-01T00:40:29.327773+00:00,v0.1,nfl,32225622,IND Colts @ HOU Texans,MONEYLINE,HOU Texans,RED
2026-01-01T00:40:29.338114+00:00,v0.1,nfl,32225622,IND Colts @ HOU Texans,TOTAL,Under 38.5,LIGHT_GREEN
2026-01-01T00:44:41.984666+00:00,v0.1,nfl,32225622,IND Colts @ HOU Texans,MONEYLINE,HOU Texans,RED
2026-01-01T00:44:41.995609+00:00,v0.1,nfl,32225622,IND Colts @ HOU Texans,TOTAL,Under 38.5,LIGHT_GREEN
2026-01-01T00:49:31.963909+00:00,v0.1,nfl,32225622,IND Colts @ HOU Texans,MONEYLINE,HOU Texans,RED
2026-01-01T00:49:31.974225+00:00,v0.1,nfl,32225622,IND Colts @ HOU Texans,TOTAL,Under 38.5,LIGHT_GREEN
2026-01-01T00:52:49.653994+00:00,v0.1,nfl,32225622,IND Colts @ HOU Texans,MONEYLINE,HOU Texans,RED
2026-01-01T00:52:49.664302+00:00,v0.1,nfl,32225622,IND Colts @ HOU Texans,TOTAL,Under 38.5,LIGHT_GREEN
2026-01-01T00:28:39.220087+00:00,v0.1,ncaaf,33273680,Iowa @ Vanderbilt,MONEYLINE,Vanderbilt,RED
2026-01-01T00:38:23.046455+00:00,v0.1,ncaaf,33273680,Iowa @ Vanderbilt,MONEYLINE,Vanderbilt,RED
2026-01-01T00:40:29.322238+00:00,v0.1,ncaaf,33273680,Iowa @ Vanderbilt,MONEYLINE,Vanderbilt,RED
2026-01-01T00:44:41.977822+00:00,v0.1,ncaaf,33273680,Iowa @ Vanderbilt,MONEYLINE,Vanderbilt,RED
2026-01-01T00:49:31.958235+00:00,v0.1,ncaaf,33273680,Iowa @ Vanderbilt,MONEYLINE,Vanderbilt,RED
2026-01-01T00:52:49.648295+00:00,v0.1,ncaaf,33273680,Iowa @ Vanderbilt,MONEYLINE,Vanderbilt,RED
2026-01-01T00:28:39.239573+00:00,v0.1,ncaab,33383540,IU Indianapolis @ Northern Kentucky,TOTAL,Over 177.5,LIGHT_GREEN
2026-01-01T00:28:39.239885+00:00,v0.1,ncaab,33383540,IU Indianapolis @ Northern Kentucky,TOTAL,Under 177.5,RED
2026-01-01T00:38:23.065527+00:00,v0.1,ncaab,33383540,IU Indianapolis @ Northern Kentucky,TOTAL,Over 177.5,LIGHT_GREEN
2026-01-01T00:38:23.065861+00:00,v0.1,ncaab,33383540,IU Indianapolis @ Northern Kentucky,TOTAL,Under 177.5,RED
2026-01-01T00:40:29.341072+00:00,v0.1,ncaab,33383540,IU Indianapolis @ Northern Kentucky,TOTAL,Over 177.5,LIGHT_GREEN
2026-01-01T00:40:29.341386+00:00,v0.1,ncaab,33383540,IU Indianapolis @ Northern Kentucky,TOTAL,Under 177.5,RED
2026-01-01T00:44:41.999153+00:00,v0.1,ncaab,33383540,IU Indianapolis @ Northern Kentucky,TOTAL,Over 177.5,LIGHT_GREEN
2026-01-01T00:44:41.999497+00:00,v0.1,ncaab,33383540,IU Indianapolis @ Northern Kentucky,TOTAL,Under 177.5,RED
2026-01-01T00:49:31.977245+00:00,v0.1,ncaab,33383540,IU Indianapolis @ Northern Kentucky,TOTAL,Over 177.5,LIGHT_GREEN
2026-01-01T00:49:31.977605+00:00,v0.1,ncaab,33383540,IU Indianapolis @ Northern Kentucky,TOTAL,Under 177.5,RED
2026-01-01T00:52:49.667311+00:00,v0.1,ncaab,33383540,IU Indianapolis @ Northern Kentucky,TOTAL,Over 177.5,LIGHT_GREEN
2026-01-01T00:52:49.667627+00:00,v0.1,ncaab,33383540,IU Indianapolis @ Northern Kentucky,TOTAL,Under 177.5,RED
2026-01-01T00:28:39.221076+00:00,v0.1,ncaab,33380246,Lamar @ East Texas A&M,MONEYLINE,Lamar,YELLOW
2026-01-01T00:38:23.047419+00:00,v0.1,ncaab,33380246,Lamar @ East Texas A&M,MONEYLINE,Lamar,YELLOW
2026-01-01T00:40:29.323199+00:00,v0.1,ncaab,33380246,Lamar @ East Texas A&M,MONEYLINE,Lamar,YELLOW
2026-01-01T00:44:41.978818+00:00,v0.1,ncaab,33380246,Lamar @ East Texas A&M,MONEYLINE,Lamar,YELLOW
2026-01-01T00:49:31.959205+00:00,v0.1,ncaab,33380246,Lamar @ East Texas A&M,MONEYLINE,Lamar,YELLOW
2026-01-01T00:52:49.649268+00:00,v0.1,ncaab,33380246,Lamar @ East Texas A&M,MONEYLINE,Lamar,YELLOW
2026-01-01T00:28:39.225771+00:00,v0.1,nfl,32225743,MIA Dolphins @ NE Patriots,MONEYLINE,NE Patriots,YELLOW
2026-01-01T00:38:23.051500+00:00,v0.1,nfl,32225743,MIA Dolphins @ NE Patriots,MONEYLINE,NE Patriots,YELLOW
2026-01-01T00:40:29.327013+00:00,v0.1,nfl,32225743,MIA Dolphins @ NE Patriots,MONEYLINE,NE Patriots,YELLOW
2026-01-01T00:44:41.983801+00:00,v0.1,nfl,32225743,MIA Dolphins @ NE Patriots,MONEYLINE,NE Patriots,YELLOW
2026-01-01T00:49:31.963108+00:00,v0.1,nfl,32225743,MIA Dolphins @ NE Patriots,MONEYLINE,NE Patriots,YELLOW
2026-01-01T00:52:49.653211+00:00,v0.1,nfl,32225743,MIA Dolphins @ NE Patriots,MONEYLINE,NE Patriots,YELLOW
2026-01-01T00:28:39.231339+00:00,v0.1,ncaaf,33273274,Michigan @ Texas,TOTAL,Over 48.5,LIGHT_GREEN
2026-01-01T00:38:23.057205+00:00,v0.1,ncaaf,33273274,Michigan @ Texas,TOTAL,Over 48.5,LIGHT_GREEN
2026-01-01T00:40:29.332998+00:00,v0.1,ncaaf,33273274,Michigan @ Texas,TOTAL,Over 48.5,LIGHT_GREEN
2026-01-01T00:44:41.989919+00:00,v0.1,ncaaf,33273274,Michigan @ Texas,TOTAL,Over 48.5,LIGHT_GREEN
2026-01-01T00:49:31.969029+00:00,v0.1,ncaaf,33273274,Michigan @ Texas,TOTAL,Over 48.5,LIGHT_GREEN
2026-01-01T00:52:49.658964+00:00,v0.1,ncaaf,33273274,Michigan @ Texas,TOTAL,Over 48.5,LIGHT_GREEN
2026-01-01T00:28:39.239265+00:00,v0.1,ncaab,33383539,Milwaukee @ Wright State,TOTAL,Over 149.5,LIGHT_GREEN
2026-01-01T00:38:23.065234+00:00,v0.1,ncaab,33383539,Milwaukee @ Wright State,TOTAL,Over 149.5,LIGHT_GREEN
2026-01-01T00:40:29.340794+00:00,v0.1,ncaab,33383539,Milwaukee @ Wright State,TOTAL,Over 149.5,LIGHT_GREEN
2026-01-01T00:44:41.998845+00:00,v0.1,ncaab,33383539,Milwaukee @ Wright State,TOTAL,Over 149.5,LIGHT_GREEN
2026-01-01T00:49:31.976907+00:00,v0.1,ncaab,33383539,Milwaukee @ Wright State,TOTAL,Over 149.5,LIGHT_GREEN
2026-01-01T00:52:49.667001+00:00,v0.1,ncaab,33383539,Milwaukee @ Wright State,TOTAL,Over 149.5,LIGHT_GREEN
2026-01-01T00:28:39.219146+00:00,v0.1,nba,33372972,MIN Timberwolves @ ATL Hawks,MONEYLINE,MIN Timberwolves,YELLOW
2026-01-01T00:38:23.045573+00:00,v0.1,nba,33372972,MIN Timberwolves @ ATL Hawks,MONEYLINE,MIN Timberwolves,YELLOW
2026-01-01T00:40:29.321325+00:00,v0.1,nba,33372972,MIN Timberwolves @ ATL Hawks,MONEYLINE,MIN Timberwolves,YELLOW
2026-01-01T00:44:41.976776+00:00,v0.1,nba,33372972,MIN Timberwolves @ ATL Hawks,MONEYLINE,MIN Timberwolves,YELLOW
2026-01-01T00:49:31.957269+00:00,v0.1,nba,33372972,MIN Timberwolves @ ATL Hawks,MONEYLINE,MIN Timberwolves,YELLOW
2026-01-01T00:52:49.647380+00:00,v0.1,nba,33372972,MIN Timberwolves @ ATL Hawks,MONEYLINE,MIN Timberwolves,YELLOW
2026-01-01T00:28:39.223240+00:00,v0.1,nhl,33378579,MIN Wild @ SJ Sharks,MONEYLINE,MIN Wild,YELLOW
2026-01-01T00:38:23.048732+00:00,v0.1,nhl,33378579,MIN Wild @ SJ Sharks,MONEYLINE,MIN Wild,YELLOW
2026-01-01T00:40:29.324477+00:00,v0.1,nhl,33378579,MIN Wild @ SJ Sharks,MONEYLINE,MIN Wild,YELLOW
2026-01-01T00:44:41.980601+00:00,v0.1,nhl,33378579,MIN Wild @ SJ Sharks,MONEYLINE,MIN Wild,YELLOW
2026-01-01T00:49:31.960512+00:00,v0.1,nhl,33378579,MIN Wild @ SJ Sharks,MONEYLINE,MIN Wild,YELLOW
2026-01-01T00:52:49.650606+00:00,v0.1,nhl,33378579,MIN Wild @ SJ Sharks,MONEYLINE,MIN Wild,YELLOW
2026-01-01T00:28:39.240793+00:00,v0.1,nhl,33382324,MTL Canadiens @ CAR Hurricanes,TOTAL,Over 6.5,LIGHT_GREEN
2026-01-01T00:38:23.066814+00:00,v0.1,nhl,33382324,MTL Canadiens @ CAR Hurricanes,TOTAL,Over 6.5,LIGHT_GREEN
2026-01-01T00:40:29.342307+00:00,v0.1,nhl,33382324,MTL Canadiens @ CAR Hurricanes,TOTAL,Over 6.5,LIGHT_GREEN
2026-01-01T00:44:42.000484+00:00,v0.1,nhl,33382324,MTL Canadiens @ CAR Hurricanes,TOTAL,Over 6.5,LIGHT_GREEN
2026-01-01T00:49:31.978568+00:00,v0.1,nhl,33382324,MTL Canadiens @ CAR Hurricanes,TOTAL,Over 6.5,LIGHT_GREEN
2026-01-01T00:52:49.668542+00:00,v0.1,nhl,33382324,MTL Canadiens @ CAR Hurricanes,TOTAL,Over 6.5,LIGHT_GREEN
2026-01-01T00:28:39.237022+00:00,v0.1,ncaaf,33273285,Navy @ Cincinnati,TOTAL,Over 54.5,LIGHT_GREEN
2026-01-01T00:38:23.062854+00:00,v0.1,ncaaf,33273285,Navy @ Cincinnati,TOTAL,Over 54.5,LIGHT_GREEN
2026-01-01T00:40:29.338553+00:00,v0.1,ncaaf,33273285,Navy @ Cincinnati,TOTAL,Over 54.5,LIGHT_GREEN
2026-01-01T00:44:41.996307+00:00,v0.1,ncaaf,33273285,Navy @ Cincinnati,TOTAL,Over 54.5,LIGHT_GREEN
2026-01-01T00:49:31.974661+00:00,v0.1,ncaaf,33273285,Navy @ Cincinnati,TOTAL,Over 54.5,LIGHT_GREEN
2026-01-01T00:52:49.664745+00:00,v0.1,ncaaf,33273285,Navy @ Cincinnati,TOTAL,Over 54.5,LIGHT_GREEN
2026-01-01T00:28:39.224082+00:00,v0.1,ncaab,33380255,New Orleans @ A&M-Corpus Christi,MONEYLINE,A&M-Corpus Christi,YELLOW
2026-01-01T00:28:39.233896+00:00,v0.1,ncaab,33380255,New Orleans @ A&M-Corpus Christi,TOTAL,Under 143.5,LIGHT_GREEN
2026-01-01T00:38:23.049637+00:00,v0.1,ncaab,33380255,New Orleans @ A&M-Corpus Christi,MONEYLINE,A&M-Corpus Christi,YELLOW
2026-01-01T00:38:23.059674+00:00,v0.1,ncaab,33380255,New Orleans @ A&M-Corpus Christi,TOTAL,Under 143.5,LIGHT_GREEN
2026-01-01T00:40:29.325324+00:00,v0.1,ncaab,33380255,New Orleans @ A&M-Corpus Christi,MONEYLINE,A&M-Corpus Christi,YELLOW
2026-01-01T00:40:29.335461+00:00,v0.1,ncaab,33380255,New Orleans @ A&M-Corpus Christi,TOTAL,Under 143.5,LIGHT_GREEN
2026-01-01T00:44:41.981533+00:00,v0.1,ncaab,33380255,New Orleans @ A&M-Corpus Christi,MONEYLINE,A&M-Corpus Christi,YELLOW
2026-01-01T00:44:41.992553+00:00,v0.1,ncaab,33380255,New Orleans @ A&M-Corpus Christi,TOTAL,Under 143.5,LIGHT_GREEN
2026-01-01T00:49:31.961365+00:00,v0.1,ncaab,33380255,New Orleans @ A&M-Corpus Christi,MONEYLINE,A&M-Corpus Christi,YELLOW
2026-01-01T00:49:31.971501+00:00,v0.1,ncaab,33380255,New Orleans @ A&M-Corpus Christi,TOTAL,Under 143.5,LIGHT_GREEN
2026-01-01T00:52:49.651470+00:00,v0.1,ncaab,33380255,New Orleans @ A&M-Corpus Christi,MONEYLINE,A&M-Corpus Christi,YELLOW
2026-01-01T00:52:49.661550+00:00,v0.1,ncaab,33380255,New Orleans @ A&M-Corpus Christi,TOTAL,Under 143.5,LIGHT_GREEN
2026-01-01T00:28:39.244776+00:00,v0.1,nhl,33378581,NJ Devils @ CBJ Blue Jackets,SPREAD,NJ Devils +1.5,RED
2026-01-01T00:38:23.070896+00:00,v0.1,nhl,33378581,NJ Devils @ CBJ Blue Jackets,SPREAD,NJ Devils +1.5,RED
2026-01-01T00:40:29.346386+00:00,v0.1,nhl,33378581,NJ Devils @ CBJ Blue Jackets,SPREAD,NJ Devils +1.5,RED
2026-01-01T00:44:42.004836+00:00,v0.1,nhl,33378581,NJ Devils @ CBJ Blue Jackets,SPREAD,NJ Devils +1.5,RED
2026-01-01T00:49:31.982735+00:00,v0.1,nhl,33378581,NJ Devils @ CBJ Blue Jackets,SPREAD,NJ Devils +1.5,RED
2026-01-01T00:52:49.672618+00:00,v0.1,nhl,33378581,NJ Devils @ CBJ Blue Jackets,SPREAD,NJ Devils +1.5,RED
2026-01-01T00:28:39.225082+00:00,v0.1,nfl,32225464,NO Saints @ ATL Falcons,MONEYLINE,NO Saints,LIGHT_GREEN
2026-01-01T00:28:39.225363+00:00,v0.1,nfl,32225464,NO Saints @ ATL Falcons,MONEYLINE,ATL Falcons,YELLOW
2026-01-01T00:38:23.050697+00:00,v0.1,nfl,32225464,NO Saints @ ATL Falcons,MONEYLINE,NO Saints,LIGHT_GREEN
2026-01-01T00:38:23.051008+00:00,v0.1,nfl,32225464,NO Saints @ ATL Falcons,MONEYLINE,ATL Falcons,YELLOW
2026-01-01T00:40:29.326325+00:00,v0.1,nfl,32225464,NO Saints @ ATL Falcons,MONEYLINE,NO Saints,LIGHT_GREEN
2026-01-01T00:40:29.326606+00:00,v0.1,nfl,32225464,NO Saints @ ATL Falcons,MONEYLINE,ATL Falcons,YELLOW
2026-01-01T00:44:41.982827+00:00,v0.1,nfl,32225464,NO Saints @ ATL Falcons,MONEYLINE,NO Saints,LIGHT_GREEN
2026-01-01T00:44:41.983229+00:00,v0.1,nfl,32225464,NO Saints @ ATL Falcons,MONEYLINE,ATL Falcons,YELLOW
2026-01-01T00:49:31.962409+00:00,v0.1,nfl,32225464,NO Saints @ ATL Falcons,MONEYLINE,NO Saints,LIGHT_GREEN
2026-01-01T00:49:31.962692+00:00,v0.1,nfl,32225464,NO Saints @ ATL Falcons,MONEYLINE,ATL Falcons,YELLOW
2026-01-01T00:52:49.652493+00:00,v0.1,nfl,32225464,NO Saints @ ATL Falcons,MONEYLINE,NO Saints,LIGHT_GREEN
2026-01-01T00:52:49.652779+00:00,v0.1,nfl,32225464,NO Saints @ ATL Falcons,MONEYLINE,ATL Falcons,YELLOW
2026-01-01T00:28:39.234316+00:00,v0.1,ncaab,33380240,North Texas @ Memphis,TOTAL,Under 135.5,LIGHT_GREEN
2026-01-01T00:38:23.060080+00:00,v0.1,ncaab,33380240,North Texas @ Memphis,TOTAL,Under 135.5,LIGHT_GREEN
2026-01-01T00:40:29.335868+00:00,v0.1,ncaab,33380240,North Texas @ Memphis,TOTAL,Under 135.5,LIGHT_GREEN
2026-01-01T00:44:41.992999+00:00,v0.1,ncaab,33380240,North Texas @ Memphis,TOTAL,Under 135.5,LIGHT_GREEN
2026-01-01T00:49:31.971921+00:00,v0.1,ncaab,33380240,North Texas @ Memphis,TOTAL,Under 135.5,LIGHT_GREEN
2026-01-01T00:52:49.662005+00:00,v0.1,ncaab,33380240,North Texas @ Memphis,TOTAL,Under 135.5,LIGHT_GREEN
2026-01-01T00:28:39.221578+00:00,v0.1,nhl,33378575,NSH Predators @ VGK Golden Knights,MONEYLINE,VGK Golden Knights,RED
2026-01-01T00:28:39.222701+00:00,v0.1,nhl,33378575,NSH Predators @ VGK Golden Knights,MONEYLINE,NSH Predators,LIGHT_GREEN
2026-01-01T00:38:23.047884+00:00,v0.1,nhl,33378575,NSH Predators @ VGK Golden Knights,MONEYLINE,VGK Golden Knights,RED
2026-01-01T00:38:23.048185+00:00,v0.1,nhl,33378575,NSH Predators @ VGK Golden Knights,MONEYLINE,NSH Predators,LIGHT_GREEN
2026-01-01T00:40:29.323656+00:00,v0.1,nhl,33378575,NSH Predators @ VGK Golden Knights,MONEYLINE,VGK Golden Knights,RED
2026-01-01T00:40:29.323946+00:00,v0.1,nhl,33378575,NSH Predators @ VGK Golden Knights,MONEYLINE,NSH Predators,LIGHT_GREEN
2026-01-01T00:44:41.979300+00:00,v0.1,nhl,33378575,NSH Predators @ VGK Golden Knights,MONEYLINE,VGK Golden Knights,RED
2026-01-01T00:44:41.979947+00:00,v0.1,nhl,33378575,NSH Predators @ VGK Golden Knights,MONEYLINE,NSH Predators,LIGHT_GREEN
2026-01-01T00:49:31.959674+00:00,v0.1,nhl,33378575,NSH Predators @ VGK Golden Knights,MONEYLINE,VGK Golden Knights,RED
2026-01-01T00:49:31.959970+00:00,v0.1,nhl,33378575,NSH Predators @ VGK Golden Knights,MONEYLINE,NSH Predators,LIGHT_GREEN
2026-01-01T00:52:49.649760+00:00,v0.1,nhl,33378575,NSH Predators @ VGK Golden Knights,MONEYLINE,VGK Golden Knights,RED
2026-01-01T00:52:49.650057+00:00,v0.1,nhl,33378575,NSH Predators @ VGK Golden Knights,MONEYLINE,NSH Predators,LIGHT_GREEN
2026-01-01T00:28:39.235255+00:00,v0.1,nfl,32225487,NY Jets @ BUF Bills,TOTAL,Under 38.5,LIGHT_GREEN
2026-01-01T00:38:23.061030+00:00,v0.1,nfl,32225487,NY Jets @ BUF Bills,TOTAL,Under 38.5,LIGHT_GREEN
2026-01-01T00:40:29.336803+00:00,v0.1,nfl,32225487,NY Jets @ BUF Bills,TOTAL,Under 38.5,LIGHT_GREEN
2026-01-01T00:44:41.994020+00:00,v0.1,nfl,32225487,NY Jets @ BUF Bills,TOTAL,Under 38.5,LIGHT_GREEN
2026-01-01T00:49:31.972870+00:00,v0.1,nfl,32225487,NY Jets @ BUF Bills,TOTAL,Under 38.5,LIGHT_GREEN
2026-01-01T00:52:49.662977+00:00,v0.1,nfl,32225487,NY Jets @ BUF Bills,TOTAL,Under 38.5,LIGHT_GREEN
2026-01-01T00:28:39.232783+00:00,v0.1,nba,33371015,NY Knicks @ SA Spurs,TOTAL,Over 234.5,YELLOW
2026-01-01T00:38:23.058600+00:00,v0.1,nba,33371015,NY Knicks @ SA Spurs,TOTAL,Over 234.5,YELLOW
2026-01-01T00:40:29.334395+00:00,v0.1,nba,33371015,NY Knicks @ SA Spurs,TOTAL,Over 234.5,YELLOW
2026-01-01T00:44:41.991406+00:00,v0.1,nba,33371015,NY Knicks @ SA Spurs,TOTAL,Over 234.5,YELLOW
2026-01-01T00:49:31.970432+00:00,v0.1,nba,33371015,NY Knicks @ SA Spurs,TOTAL,Over 234.5,YELLOW
2026-01-01T00:52:49.660418+00:00,v0.1,nba,33371015,NY Knicks @ SA Spurs,TOTAL,Over 234.5,YELLOW
2026-01-01T00:28:39.243529+00:00,v0.1,nhl,33378574,NY Rangers @ WAS Capitals,SPREAD,WAS Capitals -1.5,LIGHT_GREEN
2026-01-01T00:38:23.069614+00:00,v0.1,nhl,33378574,NY Rangers @ WAS Capitals,SPREAD,WAS Capitals -1.5,LIGHT_GREEN
2026-01-01T00:40:29.345127+00:00,v0.1,nhl,33378574,NY Rangers @ WAS Capitals,SPREAD,WAS Capitals -1.5,LIGHT_GREEN
2026-01-01T00:44:42.003451+00:00,v0.1,nhl,33378574,NY Rangers @ WAS Capitals,SPREAD,WAS Capitals -1.5,LIGHT_GREEN
2026-01-01T00:49:31.981444+00:00,v0.1,nhl,33378574,NY Rangers @ WAS Capitals,SPREAD,WAS Capitals -1.5,LIGHT_GREEN
2026-01-01T00:52:49.671326+00:00,v0.1,nhl,33378574,NY Rangers @ WAS Capitals,SPREAD,WAS Capitals -1.5,LIGHT_GREEN
2026-01-01T00:28:39.238889+00:00,v0.1,ncaab,33383538,Oral Roberts @ North Dakota,TOTAL,Under 149.5,YELLOW
2026-01-01T00:38:23.064832+00:00,v0.1,ncaab,33383538,Oral Roberts @ North Dakota,TOTAL,Under 149.5,YELLOW
2026-01-01T00:40:29.340419+00:00,v0.1,ncaab,33383538,Oral Roberts @ North Dakota,TOTAL,Under 149.5,YELLOW
2026-01-01T00:44:41.998435+00:00,v0.1,ncaab,33383538,Oral Roberts @ North Dakota,TOTAL,Under 149.5,YELLOW
2026-01-01T00:49:31.976519+00:00,v0.1,ncaab,33383538,Oral Roberts @ North Dakota,TOTAL,Under 149.5,YELLOW
2026-01-01T00:52:49.666615+00:00,v0.1,ncaab,33383538,Oral Roberts @ North Dakota,TOTAL,Under 149.5,YELLOW
2026-01-01T00:28:39.237826+00:00,v0.1,ncaaf,33273925,Oregon @ Texas Tech,TOTAL,Over 50.5,YELLOW
2026-01-01T00:38:23.063715+00:00,v0.1,ncaaf,33273925,Oregon @ Texas Tech,TOTAL,Over 50.5,YELLOW
2026-01-01T00:40:29.339356+00:00,v0.1,ncaaf,33273925,Oregon @ Texas Tech,TOTAL,Over 50.5,YELLOW
2026-01-01T00:44:41.997245+00:00,v0.1,ncaaf,33273925,Oregon @ Texas Tech,TOTAL,Over 50.5,YELLOW
2026-01-01T00:49:31.975453+00:00,v0.1,ncaaf,33273925,Oregon @ Texas Tech,TOTAL,Over 50.5,YELLOW
2026-01-01T00:52:49.665543+00:00,v0.1,ncaaf,33273925,Oregon @ Texas Tech,TOTAL,Over 50.5,YELLOW
2026-01-01T00:28:39.250267+00:00,v0.1,nhl,33378584,PHI Flyers @ CGY Flames,SPREAD,PHI Flyers +1.5,RED
2026-01-01T00:38:23.076408+00:00,v0.1,nhl,33378584,PHI Flyers @ CGY Flames,SPREAD,PHI Flyers +1.5,RED
2026-01-01T00:40:29.351833+00:00,v0.1,nhl,33378584,PHI Flyers @ CGY Flames,SPREAD,PHI Flyers +1.5,RED
2026-01-01T00:44:42.010824+00:00,v0.1,nhl,33378584,PHI Flyers @ CGY Flames,SPREAD,PHI Flyers +1.5,RED
2026-01-01T00:49:31.988174+00:00,v0.1,nhl,33378584,PHI Flyers @ CGY Flames,SPREAD,PHI Flyers +1.5,RED
2026-01-01T00:52:49.678264+00:00,v0.1,nhl,33378584,PHI Flyers @ CGY Flames,SPREAD,PHI Flyers +1.5,RED
2026-01-01T00:28:39.228719+00:00,v0.1,nba,33371016,POR Trail Blazers @ OKC Thunder,MONEYLINE,OKC Thunder,YELLOW
2026-01-01T00:28:39.238268+00:00,v0.1,nba,33371016,POR Trail Blazers @ OKC Thunder,TOTAL,Over 232.5,RED
2026-01-01T00:38:23.054529+00:00,v0.1,nba,33371016,POR Trail Blazers @ OKC Thunder,MONEYLINE,OKC Thunder,YELLOW
2026-01-01T00:38:23.064173+00:00,v0.1,nba,33371016,POR Trail Blazers @ OKC Thunder,TOTAL,Over 232.5,RED
2026-01-01T00:40:29.330141+00:00,v0.1,nba,33371016,POR Trail Blazers @ OKC Thunder,MONEYLINE,OKC Thunder,YELLOW
2026-01-01T00:40:29.339792+00:00,v0.1,nba,33371016,POR Trail Blazers @ OKC Thunder,TOTAL,Over 232.5,RED
2026-01-01T00:44:41.987099+00:00,v0.1,nba,33371016,POR Trail Blazers @ OKC Thunder,MONEYLINE,OKC Thunder,YELLOW
2026-01-01T00:44:41.997722+00:00,v0.1,nba,33371016,POR Trail Blazers @ OKC Thunder,TOTAL,Over 232.5,RED
2026-01-01T00:49:31.966351+00:00,v0.1,nba,33371016,POR Trail Blazers @ OKC Thunder,MONEYLINE,OKC Thunder,YELLOW
2026-01-01T00:49:31.975892+00:00,v0.1,nba,33371016,POR Trail Blazers @ OKC Thunder,TOTAL,Over 232.5,RED
2026-01-01T00:52:49.656220+00:00,v0.1,nba,33371016,POR Trail Blazers @ OKC Thunder,MONEYLINE,OKC Thunder,YELLOW
2026-01-01T00:52:49.665987+00:00,v0.1,nba,33371016,POR Trail Blazers @ OKC Thunder,TOTAL,Over 232.5,RED
2026-01-01T00:28:39.248363+00:00,v0.1,ncaab,33383537,Samford @ VMI,SPREAD,VMI +4.5,LIGHT_GREEN
2026-01-01T00:38:23.074439+00:00,v0.1,ncaab,33383537,Samford @ VMI,SPREAD,VMI +4.5,LIGHT_GREEN
2026-01-01T00:40:29.349891+00:00,v0.1,ncaab,33383537,Samford @ VMI,SPREAD,VMI +4.5,LIGHT_GREEN
2026-01-01T00:44:42.008737+00:00,v0.1,ncaab,33383537,Samford @ VMI,SPREAD,VMI +4.5,LIGHT_GREEN
2026-01-01T00:49:31.986301+00:00,v0.1,ncaab,33383537,Samford @ VMI,SPREAD,VMI +4.5,LIGHT_GREEN
2026-01-01T00:52:49.676355+00:00,v0.1,ncaab,33383537,Samford @ VMI,SPREAD,VMI +4.5,LIGHT_GREEN
2026-01-01T00:28:39.235993+00:00,v0.1,nfl,32225620,SEA Seahawks @ SF 49ers,TOTAL,Over 47.5,YELLOW
2026-01-01T00:28:39.236274+00:00,v0.1,nfl,32225620,SEA Seahawks @ SF 49ers,TOTAL,Under 47.5,DARK_GREEN
2026-01-01T00:38:23.061794+00:00,v0.1,nfl,32225620,SEA Seahawks @ SF 49ers,TOTAL,Over 47.5,YELLOW
2026-01-01T00:38:23.062079+00:00,v0.1,nfl,32225620,SEA Seahawks @ SF 49ers,TOTAL,Under 47.5,DARK_GREEN
2026-01-01T00:40:29.337521+00:00,v0.1,nfl,32225620,SEA Seahawks @ SF 49ers,TOTAL,Over 47.5,YELLOW
2026-01-01T00:40:29.337801+00:00,v0.1,nfl,32225620,SEA Seahawks @ SF 49ers,TOTAL,Under 47.5,DARK_GREEN
2026-01-01T00:44:41.994829+00:00,v0.1,nfl,32225620,SEA Seahawks @ SF 49ers,TOTAL,Over 47.5,YELLOW
2026-01-01T00:44:41.995150+00:00,v0.1,nfl,32225620,SEA Seahawks @ SF 49ers,TOTAL,Under 47.5,DARK_GREEN
2026-01-01T00:49:31.973628+00:00,v0.1,nfl,32225620,SEA Seahawks @ SF 49ers,TOTAL,Over 47.5,YELLOW
2026-01-01T00:49:31.973910+00:00,v0.1,nfl,32225620,SEA Seahawks @ SF 49ers,TOTAL,Under 47.5,DARK_GREEN
2026-01-01T00:52:49.663706+00:00,v0.1,nfl,32225620,SEA Seahawks @ SF 49ers,TOTAL,Over 47.5,YELLOW
2026-01-01T00:52:49.663987+00:00,v0.1,nfl,32225620,SEA Seahawks @ SF 49ers,TOTAL,Under 47.5,DARK_GREEN
2026-01-01T00:28:39.231908+00:00,v0.1,ncaab,33380224,South Alabama @ Louisiana,TOTAL,Under 125.5,DARK_GREEN
2026-01-01T00:38:23.057768+00:00,v0.1,ncaab,33380224,South Alabama @ Louisiana,TOTAL,Under 125.5,DARK_GREEN
2026-01-01T00:40:29.333565+00:00,v0.1,ncaab,33380224,South Alabama @ Louisiana,TOTAL,Under 125.5,DARK_GREEN
2026-01-01T00:44:41.990519+00:00,v0.1,ncaab,33380224,South Alabama @ Louisiana,TOTAL,Under 125.5,DARK_GREEN
2026-01-01T00:49:31.969599+00:00,v0.1,ncaab,33380224,South Alabama @ Louisiana,TOTAL,Under 125.5,DARK_GREEN
2026-01-01T00:52:49.659540+00:00,v0.1,ncaab,33380224,South Alabama @ Louisiana,TOTAL,Under 125.5,DARK_GREEN
2026-01-01T00:28:39.241380+00:00,v0.1,nhl,33378583,STL Blues @ COL Avalanche,TOTAL,Over 6.5,LIGHT_GREEN
2026-01-01T00:38:23.067418+00:00,v0.1,nhl,33378583,STL Blues @ COL Avalanche,TOTAL,Over 6.5,LIGHT_GREEN
2026-01-01T00:40:29.342915+00:00,v0.1,nhl,33378583,STL Blues @ COL Avalanche,TOTAL,Over 6.5,LIGHT_GREEN
2026-01-01T00:44:42.001119+00:00,v0.1,nhl,33378583,STL Blues @ COL Avalanche,TOTAL,Over 6.5,LIGHT_GREEN
2026-01-01T00:49:31.979185+00:00,v0.1,nhl,33378583,STL Blues @ COL Avalanche,TOTAL,Over 6.5,LIGHT_GREEN
2026-01-01T00:52:49.669141+00:00,v0.1,nhl,33378583,STL Blues @ COL Avalanche,TOTAL,Over 6.5,LIGHT_GREEN
2026-01-01T00:28:39.244116+00:00,v0.1,nhl,33378577,TB Lightning @ ANA Ducks,SPREAD,TB Lightning -1.5,LIGHT_GREEN
2026-01-01T00:38:23.070238+00:00,v0.1,nhl,33378577,TB Lightning @ ANA Ducks,SPREAD,TB Lightning -1.5,LIGHT_GREEN
2026-01-01T00:40:29.345722+00:00,v0.1,nhl,33378577,TB Lightning @ ANA Ducks,SPREAD,TB Lightning -1.5,LIGHT_GREEN
2026-01-01T00:44:42.004094+00:00,v0.1,nhl,33378577,TB Lightning @ ANA Ducks,SPREAD,TB Lightning -1.5,LIGHT_GREEN
2026-01-01T00:49:31.982041+00:00,v0.1,nhl,33378577,TB Lightning @ ANA Ducks,SPREAD,TB Lightning -1.5,LIGHT_GREEN
2026-01-01T00:52:49.671935+00:00,v0.1,nhl,33378577,TB Lightning @ ANA Ducks,SPREAD,TB Lightning -1.5,LIGHT_GREEN
2026-01-01T00:28:39.249067+00:00,v0.1,nhl,33382325,TB Lightning @ LA Kings,SPREAD,LA Kings -1.5,LIGHT_GREEN
2026-01-01T00:28:39.249355+00:00,v0.1,nhl,33382325,TB Lightning @ LA Kings,SPREAD,TB Lightning +1.5,RED
2026-01-01T00:38:23.075151+00:00,v0.1,nhl,33382325,TB Lightning @ LA Kings,SPREAD,LA Kings -1.5,LIGHT_GREEN
2026-01-01T00:38:23.075480+00:00,v0.1,nhl,33382325,TB Lightning @ LA Kings,SPREAD,TB Lightning +1.5,RED
2026-01-01T00:40:29.350634+00:00,v0.1,nhl,33382325,TB Lightning @ LA Kings,SPREAD,LA Kings -1.5,LIGHT_GREEN
2026-01-01T00:40:29.350930+00:00,v0.1,nhl,33382325,TB Lightning @ LA Kings,SPREAD,TB Lightning +1.5,RED
2026-01-01T00:44:42.009529+00:00,v0.1,nhl,33382325,TB Lightning @ LA Kings,SPREAD,LA Kings -1.5,LIGHT_GREEN
2026-01-01T00:44:42.009862+00:00,v0.1,nhl,33382325,TB Lightning @ LA Kings,SPREAD,TB Lightning +1.5,RED
2026-01-01T00:49:31.987004+00:00,v0.1,nhl,33382325,TB Lightning @ LA Kings,SPREAD,LA Kings -1.5,LIGHT_GREEN
2026-01-01T00:49:31.987285+00:00,v0.1,nhl,33382325,TB Lightning @ LA Kings,SPREAD,TB Lightning +1.5,RED
2026-01-01T00:52:49.677093+00:00,v0.1,nhl,33382325,TB Lightning @ LA Kings,SPREAD,LA Kings -1.5,LIGHT_GREEN
2026-01-01T00:52:49.677379+00:00,v0.1,nhl,33382325,TB Lightning @ LA Kings,SPREAD,TB Lightning +1.5,RED
2026-01-01T00:28:39.226834+00:00,v0.1,nfl,32225664,TEN Titans @ JAX Jaguars,MONEYLINE,JAX Jaguars,RED
2026-01-01T00:28:39.227112+00:00,v0.1,nfl,32225664,TEN Titans @ JAX Jaguars,MONEYLINE,TEN Titans,DARK_GREEN
2026-01-01T00:38:23.052604+00:00,v0.1,nfl,32225664,TEN Titans @ JAX Jaguars,MONEYLINE,JAX Jaguars,RED
2026-01-01T00:38:23.052889+00:00,v0.1,nfl,32225664,TEN Titans @ JAX Jaguars,MONEYLINE,TEN Titans,DARK_GREEN
2026-01-01T00:40:29.328086+00:00,v0.1,nfl,32225664,TEN Titans @ JAX Jaguars,MONEYLINE,JAX Jaguars,RED
2026-01-01T00:40:29.328382+00:00,v0.1,nfl,32225664,TEN Titans @ JAX Jaguars,MONEYLINE,TEN Titans,DARK_GREEN
2026-01-01T00:44:41.985012+00:00,v0.1,nfl,32225664,TEN Titans @ JAX Jaguars,MONEYLINE,JAX Jaguars,RED
2026-01-01T00:44:41.985329+00:00,v0.1,nfl,32225664,TEN Titans @ JAX Jaguars,MONEYLINE,TEN Titans,DARK_GREEN
2026-01-01T00:49:31.964245+00:00,v0.1,nfl,32225664,TEN Titans @ JAX Jaguars,MONEYLINE,JAX Jaguars,RED
2026-01-01T00:49:31.964576+00:00,v0.1,nfl,32225664,TEN Titans @ JAX Jaguars,MONEYLINE,TEN Titans,DARK_GREEN
2026-01-01T00:52:49.654310+00:00,v0.1,nfl,32225664,TEN Titans @ JAX Jaguars,MONEYLINE,JAX Jaguars,RED
2026-01-01T00:52:49.654591+00:00,v0.1,nfl,32225664,TEN Titans @ JAX Jaguars,MONEYLINE,TEN Titans,DARK_GREEN
2026-01-01T00:28:39.245691+00:00,v0.1,ncaab,33380239,UMKC @ Denver,SPREAD,Denver -9.5,YELLOW
2026-01-01T00:38:23.071768+00:00,v0.1,ncaab,33380239,UMKC @ Denver,SPREAD,Denver -9.5,YELLOW
2026-01-01T00:40:29.347238+00:00,v0.1,ncaab,33380239,UMKC @ Denver,SPREAD,Denver -9.5,YELLOW
2026-01-01T00:44:42.005756+00:00,v0.1,ncaab,33380239,UMKC @ Denver,SPREAD,Denver -9.5,YELLOW
2026-01-01T00:49:31.983610+00:00,v0.1,ncaab,33380239,UMKC @ Denver,SPREAD,Denver -9.5,YELLOW
2026-01-01T00:52:49.673528+00:00,v0.1,ncaab,33380239,UMKC @ Denver,SPREAD,Denver -9.5,YELLOW
2026-01-01T00:28:39.248711+00:00,v0.1,nhl,33382323,UTA Mammoth @ NY Islanders,SPREAD,NY Islanders -1.5,LIGHT_GREEN
2026-01-01T00:38:23.074785+00:00,v0.1,nhl,33382323,UTA Mammoth @ NY Islanders,SPREAD,NY Islanders -1.5,LIGHT_GREEN
2026-01-01T00:40:29.350278+00:00,v0.1,nhl,33382323,UTA Mammoth @ NY Islanders,SPREAD,NY Islanders -1.5,LIGHT_GREEN
2026-01-01T00:44:42.009147+00:00,v0.1,nhl,33382323,UTA Mammoth @ NY Islanders,SPREAD,NY Islanders -1.5,LIGHT_GREEN
2026-01-01T00:49:31.986651+00:00,v0.1,nhl,33382323,UTA Mammoth @ NY Islanders,SPREAD,NY Islanders -1.5,LIGHT_GREEN
2026-01-01T00:52:49.676706+00:00,v0.1,nhl,33382323,UTA Mammoth @ NY Islanders,SPREAD,NY Islanders -1.5,LIGHT_GREEN
2026-01-01T00:28:39.228007+00:00,v0.1,ncaaf,33273924,Wake Forest @ Mississippi State,MONEYLINE,Mississippi State,YELLOW
2026-01-01T00:28:39.237396+00:00,v0.1,ncaaf,33273924,Wake Forest @ Mississippi State,TOTAL,Over 53.5,LIGHT_GREEN
2026-01-01T00:38:23.053810+00:00,v0.1,ncaaf,33273924,Wake Forest @ Mississippi State,MONEYLINE,Mississippi State,YELLOW
2026-01-01T00:38:23.063241+00:00,v0.1,ncaaf,33273924,Wake Forest @ Mississippi State,TOTAL,Over 53.5,LIGHT_GREEN
2026-01-01T00:40:29.329372+00:00,v0.1,ncaaf,33273924,Wake Forest @ Mississippi State,MONEYLINE,Mississippi State,YELLOW
2026-01-01T00:40:29.338928+00:00,v0.1,ncaaf,33273924,Wake Forest @ Mississippi State,TOTAL,Over 53.5,LIGHT_GREEN
2026-01-01T00:44:41.986339+00:00,v0.1,ncaaf,33273924,Wake Forest @ Mississippi State,MONEYLINE,Mississippi State,YELLOW
2026-01-01T00:44:41.996798+00:00,v0.1,ncaaf,33273924,Wake Forest @ Mississippi State,TOTAL,Over 53.5,LIGHT_GREEN
2026-01-01T00:49:31.965597+00:00,v0.1,ncaaf,33273924,Wake Forest @ Mississippi State,MONEYLINE,Mississippi State,YELLOW
2026-01-01T00:49:31.975039+00:00,v0.1,ncaaf,33273924,Wake Forest @ Mississippi State,TOTAL,Over 53.5,LIGHT_GREEN
2026-01-01T00:52:49.655502+00:00,v0.1,ncaaf,33273924,Wake Forest @ Mississippi State,MONEYLINE,Mississippi State,YELLOW
2026-01-01T00:52:49.665127+00:00,v0.1,ncaaf,33273924,Wake Forest @ Mississippi State,TOTAL,Over 53.5,LIGHT_GREEN
2026-01-01T00:28:39.249742+00:00,v0.1,nhl,33382322,WAS Capitals @ OTT Senators,SPREAD,WAS Capitals +1.5,YELLOW
2026-01-01T00:28:39.250546+00:00,v0.1,nhl,33382322,WAS Capitals @ OTT Senators,SPREAD,OTT Senators -1.5,LIGHT_GREEN
2026-01-01T00:38:23.075881+00:00,v0.1,nhl,33382322,WAS Capitals @ OTT Senators,SPREAD,WAS Capitals +1.5,YELLOW
2026-01-01T00:38:23.076731+00:00,v0.1,nhl,33382322,WAS Capitals @ OTT Senators,SPREAD,OTT Senators -1.5,LIGHT_GREEN
2026-01-01T00:40:29.351306+00:00,v0.1,nhl,33382322,WAS Capitals @ OTT Senators,SPREAD,WAS Capitals +1.5,YELLOW
2026-01-01T00:40:29.352114+00:00,v0.1,nhl,33382322,WAS Capitals @ OTT Senators,SPREAD,OTT Senators -1.5,LIGHT_GREEN
2026-01-01T00:44:42.010279+00:00,v0.1,nhl,33382322,WAS Capitals @ OTT Senators,SPREAD,WAS Capitals +1.5,YELLOW
2026-01-01T00:44:42.011157+00:00,v0.1,nhl,33382322,WAS Capitals @ OTT Senators,SPREAD,OTT Senators -1.5,LIGHT_GREEN
2026-01-01T00:49:31.987663+00:00,v0.1,nhl,33382322,WAS Capitals @ OTT Senators,SPREAD,WAS Capitals +1.5,YELLOW
2026-01-01T00:49:31.988455+00:00,v0.1,nhl,33382322,WAS Capitals @ OTT Senators,SPREAD,OTT Senators -1.5,LIGHT_GREEN
2026-01-01T00:52:49.677760+00:00,v0.1,nhl,33382322,WAS Capitals @ OTT Senators,SPREAD,WAS Capitals +1.5,YELLOW
2026-01-01T00:52:49.678575+00:00,v0.1,nhl,33382322,WAS Capitals @ OTT Senators,SPREAD,OTT Senators -1.5,LIGHT_GREEN
2026-01-01T00:28:39.224491+00:00,v0.1,ncaab,33380237,Wichita State @ UAB,MONEYLINE,UAB,YELLOW
2026-01-01T00:38:23.050067+00:00,v0.1,ncaab,33380237,Wichita State @ UAB,MONEYLINE,UAB,YELLOW
2026-01-01T00:40:29.325733+00:00,v0.1,ncaab,33380237,Wichita State @ UAB,MONEYLINE,UAB,YELLOW
2026-01-01T00:44:41.982083+00:00,v0.1,ncaab,33380237,Wichita State @ UAB,MONEYLINE,UAB,YELLOW
2026-01-01T00:49:31.961809+00:00,v0.1,ncaab,33380237,Wichita State @ UAB,MONEYLINE,UAB,YELLOW
2026-01-01T00:52:49.651891+00:00,v0.1,ncaab,33380237,Wichita State @ UAB,MONEYLINE,UAB,YELLOW
2026-01-01T00:28:39.242220+00:00,v0.1,ncaab,33380226,Wofford @ Western Carolina,SPREAD,Western Carolina +1.5,LIGHT_GREEN
2026-01-01T00:38:23.068269+00:00,v0.1,ncaab,33380226,Wofford @ Western Carolina,SPREAD,Western Carolina +1.5,LIGHT_GREEN
2026-01-01T00:40:29.343793+00:00,v0.1,ncaab,33380226,Wofford @ Western Carolina,SPREAD,Western Carolina +1.5,LIGHT_GREEN
2026-01-01T00:44:42.002045+00:00,v0.1,ncaab,33380226,Wofford @ Western Carolina,SPREAD,Western Carolina +1.5,LIGHT_GREEN
2026-01-01T00:49:31.980113+00:00,v0.1,ncaab,33380226,Wofford @ Western Carolina,SPREAD,Western Carolina +1.5,LIGHT_GREEN
2026-01-01T00:52:49.669989+00:00,v0.1,ncaab,33380226,Wofford @ Western Carolina,SPREAD,Western Carolina +1.5,LIGHT_GREEN
2026-01-01T00:28:39.223586+00:00,v0.1,nhl,33378580,WPG Jets @ DET Red Wings,MONEYLINE,DET Red Wings,YELLOW
2026-01-01T00:28:39.244425+00:00,v0.1,nhl,33378580,WPG Jets @ DET Red Wings,SPREAD,DET Red Wings -1.5,LIGHT_GREEN
2026-01-01T00:38:23.049110+00:00,v0.1,nhl,33378580,WPG Jets @ DET Red Wings,MONEYLINE,DET Red Wings,YELLOW
2026-01-01T00:38:23.070552+00:00,v0.1,nhl,33378580,WPG Jets @ DET Red Wings,SPREAD,DET Red Wings -1.5,LIGHT_GREEN
2026-01-01T00:40:29.324823+00:00,v0.1,nhl,33378580,WPG Jets @ DET Red Wings,MONEYLINE,DET Red Wings,YELLOW
2026-01-01T00:40:29.346038+00:00,v0.1,nhl,33378580,WPG Jets @ DET Red Wings,SPREAD,DET Red Wings -1.5,LIGHT_GREEN
2026-01-01T00:44:41.980985+00:00,v0.1,nhl,33378580,WPG Jets @ DET Red Wings,MONEYLINE,DET Red Wings,YELLOW
2026-01-01T00:44:42.004438+00:00,v0.1,nhl,33378580,WPG Jets @ DET Red Wings,SPREAD,DET Red Wings -1.5,LIGHT_GREEN
2026-01-01T00:49:31.960864+00:00,v0.1,nhl,33378580,WPG Jets @ DET Red Wings,MONEYLINE,DET Red Wings,YELLOW
2026-01-01T00:49:31.982388+00:00,v0.1,nhl,33378580,WPG Jets @ DET Red Wings,SPREAD,DET Red Wings -1.5,LIGHT_GREEN
2026-01-01T00:52:49.650966+00:00,v0.1,nhl,33378580,WPG Jets @ DET Red Wings,MONEYLINE,DET Red Wings,YELLOW
2026-01-01T00:52:49.672259+00:00,v0.1,nhl,33378580,WPG Jets @ DET Red Wings,SPREAD,DET Red Wings -1.5,LIGHT_GREEN
2026-01-01T00:28:39.229577+00:00,v0.1,nhl,33382327,WPG Jets @ TOR Maple Leafs,MONEYLINE,WPG Jets,LIGHT_GREEN
2026-01-01T00:38:23.055413+00:00,v0.1,nhl,33382327,WPG Jets @ TOR Maple Leafs,MONEYLINE,WPG Jets,LIGHT_GREEN
2026-01-01T00:40:29.331067+00:00,v0.1,nhl,33382327,WPG Jets @ TOR Maple Leafs,MONEYLINE,WPG Jets,LIGHT_GREEN
2026-01-01T00:44:41.988048+00:00,v0.1,nhl,33382327,WPG Jets @ TOR Maple Leafs,MONEYLINE,WPG Jets,LIGHT_GREEN
2026-01-01T00:49:31.967265+00:00,v0.1,nhl,33382327,WPG Jets @ TOR Maple Leafs,MONEYLINE,WPG Jets,LIGHT_GREEN
2026-01-01T00:52:49.657125+00:00,v0.1,nhl,33382327,WPG Jets @ TOR Maple Leafs,MONEYLINE,WPG Jets,LIGHT_GREEN
2026-01-01T02:03:21.129520+00:00,v0.1,nhl,33378585,BOS Bruins @ EDM Oilers,MONEYLINE,EDM Oilers,RED
2026-01-01T02:03:21.412209+00:00,v0.1,nhl,33378585,BOS Bruins @ EDM Oilers,TOTAL,Over 6.5,LIGHT_GREEN
2026-01-01T02:03:21.706906+00:00,v0.1,nhl,33378584,PHI Flyers @ CGY Flames,SPREAD,PHI Flyers +1.5,RED
