timestamp,sport,game_id,game,side,market,bets_pct,money_pct,open_line,current_line,injury_news,key_number_note,dk_start_iso
2026-01-02T18:07:41.349325+00:00,nba,33385490,SA Spurs @ IND Pacers,IND Pacers,splits,16,14,,IND Pacers @ +180,,,
2026-01-02T18:07:41.349325+00:00,nba,33385490,SA Spurs @ IND Pacers,SA Spurs,splits,84,86,,SA Spurs @ -218,,,
2026-01-02T18:07:41.349325+00:00,nba,33385490,SA Spurs @ IND Pacers,SA Spurs -5.5,splits,71,86,,SA Spurs -5.5 @ -105,,,
2026-01-02T18:07:41.349325+00:00,nba,33385490,SA Spurs @ IND Pacers,IND Pacers +5.5,splits,29,14,,IND Pacers +5.5 @ -115,,,
2026-01-02T18:07:41.349325+00:00,nba,33385490,SA Spurs @ IND Pacers,Over 238.5,splits,49,35,,Over 238.5 @ -112,,,
2026-01-02T18:07:41.349325+00:00,nba,33385490,SA Spurs @ IND Pacers,Under 238.5,splits,51,65,,Under 238.5 @ -108,,,
2026-01-02T18:07:41.349325+00:00,nba,33385491,BKN Nets @ WAS Wizards,WAS Wizards,splits,56,40,,WAS Wizards @ -162,,,
2026-01-02T18:07:41.349325+00:00,nba,33385491,BKN Nets @ WAS Wizards,BKN Nets,splits,44,60,,BKN Nets @ +136,,,
2026-01-02T18:07:41.349325+00:00,nba,33385491,BKN Nets @ WAS Wizards,WAS Wizards -3.5,splits,58,49,,WAS Wizards -3.5 @ -112,,,
2026-01-02T18:07:41.349325+00:00,nba,33385491,BKN Nets @ WAS Wizards,BKN Nets +3.5,splits,42,51,,BKN Nets +3.5 @ -108,,,
2026-01-02T18:07:41.349325+00:00,nba,33385491,BKN Nets @ WAS Wizards,Over 224.5,splits,71,65,,Over 224.5 @ -105,,,
2026-01-02T18:07:41.349325+00:00,nba,33385491,BKN Nets @ WAS Wizards,Under 224.5,splits,29,35,,Under 224.5 @ -115,,,
2026-01-02T18:07:41.349325+00:00,nba,33371022,ATL Hawks @ NY Knicks,NY Knicks,splits,83,67,,NY Knicks @ -285,,,
2026-01-02T18:07:41.349325+00:00,nba,33371022,ATL Hawks @ NY Knicks,ATL Hawks,splits,17,33,,ATL Hawks @ +230,,,
2026-01-02T18:07:41.349325+00:00,nba,33371022,ATL Hawks @ NY Knicks,NY Knicks -7.5,splits,58,61,,NY Knicks -7.5 @ -105,,,
2026-01-02T18:07:41.349325+00:00,nba,33371022,ATL Hawks @ NY Knicks,ATL Hawks +7.5,splits,42,39,,ATL Hawks +7.5 @ -115,,,
2026-01-02T18:07:41.349325+00:00,nba,33371022,ATL Hawks @ NY Knicks,Over 242.5,splits,50,65,,Over 242.5 @ -108,,,
2026-01-02T18:07:41.349325+00:00,nba,33371022,ATL Hawks @ NY Knicks,Under 242.5,splits,50,35,,Under 242.5 @ -112,,,
2026-01-02T18:07:41.349325+00:00,nba,33371021,DEN Nuggets @ CLE Cavaliers,CLE Cavaliers,splits,73,30,,CLE Cavaliers @ -850,,,
2026-01-02T18:07:41.349325+00:00,nba,33371021,DEN Nuggets @ CLE Cavaliers,DEN Nuggets,splits,27,70,,DEN Nuggets @ +575,,,
2026-01-02T18:07:41.349325+00:00,nba,33371021,DEN Nuggets @ CLE Cavaliers,CLE Cavaliers -13.5,splits,46,66,,CLE Cavaliers -13.5 @ -115,,,
2026-01-02T18:07:41.349325+00:00,nba,33371021,DEN Nuggets @ CLE Cavaliers,DEN Nuggets +13.5,splits,54,34,,DEN Nuggets +13.5 @ -105,,,
2026-01-02T18:07:41.349325+00:00,nba,33371021,DEN Nuggets @ CLE Cavaliers,Over 237.5,splits,51,54,,Over 237.5 @ -112,,,
2026-01-02T18:07:41.349325+00:00,nba,33371021,DEN Nuggets @ CLE Cavaliers,Under 237.5,splits,49,46,,Under 237.5 @ -108,,,
2026-01-02T18:07:41.349325+00:00,nba,33371023,CHA Hornets @ MIL Bucks,MIL Bucks,splits,79,39,,MIL Bucks @ -218,,,
2026-01-02T18:07:41.349325+00:00,nba,33371023,CHA Hornets @ MIL Bucks,CHA Hornets,splits,21,61,,CHA Hornets @ +180,,,
2026-01-02T18:07:41.349325+00:00,nba,33371023,CHA Hornets @ MIL Bucks,MIL Bucks -5.5,splits,60,52,,MIL Bucks -5.5 @ -108,,,
2026-01-02T18:07:41.349325+00:00,nba,33371023,CHA Hornets @ MIL Bucks,CHA Hornets +5.5,splits,40,48,,CHA Hornets +5.5 @ -112,,,
2026-01-02T18:07:41.349325+00:00,nba,33371023,CHA Hornets @ MIL Bucks,Over 232.5,splits,65,66,,Over 232.5 @ -108,,,
2026-01-02T18:07:41.349325+00:00,nba,33371023,CHA Hornets @ MIL Bucks,Under 232.5,splits,35,34,,Under 232.5 @ -112,,,
2026-01-02T18:07:41.349325+00:00,nba,33385492,ORL Magic @ CHI Bulls,CHI Bulls,splits,33,57,,CHI Bulls @ +170,,,
2026-01-02T18:07:41.349325+00:00,nba,33385492,ORL Magic @ CHI Bulls,ORL Magic,splits,67,43,,ORL Magic @ -205,,,
2026-01-02T18:07:41.349325+00:00,nba,33385492,ORL Magic @ CHI Bulls,ORL Magic -5.5,splits,47,62,,ORL Magic -5.5 @ -105,,,
2026-01-02T18:07:41.349325+00:00,nba,33385492,ORL Magic @ CHI Bulls,CHI Bulls +5.5,splits,53,38,,CHI Bulls +5.5 @ -115,,,
2026-01-02T18:07:41.349325+00:00,nba,33385492,ORL Magic @ CHI Bulls,Over 232.5,splits,57,43,,Over 232.5 @ -110,,,
2026-01-02T18:07:41.349325+00:00,nba,33385492,ORL Magic @ CHI Bulls,Under 232.5,splits,43,57,,Under 232.5 @ -110,,,
2026-01-02T18:07:41.349325+00:00,nba,33385493,POR Trail Blazers @ NO Pelicans,NO Pelicans,splits,41,45,,NO Pelicans @ +114,,,
2026-01-02T18:07:41.349325+00:00,nba,33385493,POR Trail Blazers @ NO Pelicans,POR Trail Blazers,splits,59,55,,POR Trail Blazers @ -135,,,
2026-01-02T18:07:41.349325+00:00,nba,33385493,POR Trail Blazers @ NO Pelicans,POR Trail Blazers -2.5,splits,55,32,,POR Trail Blazers -2.5 @ -110,,,
2026-01-02T18:07:41.349325+00:00,nba,33385493,POR Trail Blazers @ NO Pelicans,NO Pelicans +2.5,splits,45,68,,NO Pelicans +2.5 @ -110,,,
2026-01-02T18:07:41.349325+00:00,nba,33385493,POR Trail Blazers @ NO Pelicans,Over 243.5,splits,40,95,,Over 243.5 @ -108,,,
2026-01-02T18:07:41.349325+00:00,nba,33385493,POR Trail Blazers @ NO Pelicans,Under 243.5,splits,60,5,,Under 243.5 @ -112,,,
2026-01-02T18:07:41.349325+00:00,nba,33385495,SAC Kings @ PHO Suns,PHO Suns,splits,84,29,,PHO Suns @ -750,,,
2026-01-02T18:07:41.349325+00:00,nba,33385495,SAC Kings @ PHO Suns,SAC Kings,splits,16,71,,SAC Kings @ +525,,,
2026-01-02T18:07:41.349325+00:00,nba,33385495,SAC Kings @ PHO Suns,PHO Suns -12.5,splits,53,97,,PHO Suns -12.5 @ -118,,,
2026-01-02T18:07:41.349325+00:00,nba,33385495,SAC Kings @ PHO Suns,SAC Kings +12.5,splits,47,3,,SAC Kings +12.5 @ -102,,,
2026-01-02T18:07:41.349325+00:00,nba,33385495,SAC Kings @ PHO Suns,Over 226.5,splits,72,4,,Over 226.5 @ -108,,,
2026-01-02T18:07:41.349325+00:00,nba,33385495,SAC Kings @ PHO Suns,Under 226.5,splits,28,96,,Under 226.5 @ -112,,,
2026-01-02T18:07:41.349325+00:00,nba,33371024,OKC Thunder @ GS Warriors,GS Warriors,splits,22,21,,GS Warriors @ +285,,,
2026-01-02T18:07:41.349325+00:00,nba,33371024,OKC Thunder @ GS Warriors,OKC Thunder,splits,78,79,,OKC Thunder @ -360,,,
2026-01-02T18:07:41.349325+00:00,nba,33371024,OKC Thunder @ GS Warriors,OKC Thunder -8.5,splits,60,76,,OKC Thunder -8.5 @ -115,,,
2026-01-02T18:07:41.349325+00:00,nba,33371024,OKC Thunder @ GS Warriors,GS Warriors +8.5,splits,40,24,,GS Warriors +8.5 @ -105,,,
2026-01-02T18:07:41.349325+00:00,nba,33371024,OKC Thunder @ GS Warriors,Over 229.5,splits,80,32,,Over 229.5 @ -108,,,
2026-01-02T18:07:41.349325+00:00,nba,33371024,OKC Thunder @ GS Warriors,Under 229.5,splits,20,68,,Under 229.5 @ -112,,,
2026-01-02T18:07:41.349325+00:00,nba,33385496,MEM Grizzlies @ LA Lakers,LA Lakers,splits,73,68,,LA Lakers @ -166,,,
2026-01-02T18:07:41.349325+00:00,nba,33385496,MEM Grizzlies @ LA Lakers,MEM Grizzlies,splits,27,32,,MEM Grizzlies @ +140,,,
2026-01-02T18:07:41.349325+00:00,nba,33385496,MEM Grizzlies @ LA Lakers,LA Lakers -3.5,splits,69,79,,LA Lakers -3.5 @ -110,,,
2026-01-02T18:07:41.349325+00:00,nba,33385496,MEM Grizzlies @ LA Lakers,MEM Grizzlies +3.5,splits,31,21,,MEM Grizzlies +3.5 @ -110,,,
2026-01-02T18:07:41.349325+00:00,nba,33385496,MEM Grizzlies @ LA Lakers,Over 240.5,splits,49,51,,Over 240.5 @ -112,,,
2026-01-02T18:07:41.349325+00:00,nba,33385496,MEM Grizzlies @ LA Lakers,Under 240.5,splits,51,49,,Under 240.5 @ -108,,,
2026-01-02T18:08:34.730520+00:00,ncaab,33388194,Mount Saint Marys @ Merrimack,Merrimack,splits,85,86,,Merrimack @ -192,,,
2026-01-02T18:08:34.730520+00:00,ncaab,33388194,Mount Saint Marys @ Merrimack,Mount Saint Marys,splits,15,14,,Mount Saint Marys @ +160,,,
2026-01-02T18:08:34.730520+00:00,ncaab,33388194,Mount Saint Marys @ Merrimack,Merrimack -4.5,splits,59,78,,Merrimack -4.5 @ -108,,,
2026-01-02T18:08:34.730520+00:00,ncaab,33388194,Mount Saint Marys @ Merrimack,Mount Saint Marys +4.5,splits,41,22,,Mount Saint Marys +4.5 @ -112,,,
2026-01-02T18:08:34.730520+00:00,ncaab,33388194,Mount Saint Marys @ Merrimack,Over 139.5,splits,49,31,,Over 139.5 @ -110,,,
2026-01-02T18:08:34.730520+00:00,ncaab,33388194,Mount Saint Marys @ Merrimack,Under 139.5,splits,51,69,,Under 139.5 @ -110,,,
2026-01-02T18:08:34.730520+00:00,ncaab,33388197,Fairfield @ Canisius,Canisius,splits,7,13,,Canisius @ +235,,,
2026-01-02T18:08:34.730520+00:00,ncaab,33388197,Fairfield @ Canisius,Fairfield,splits,93,87,,Fairfield @ -290,,,
2026-01-02T18:08:34.730520+00:00,ncaab,33388197,Fairfield @ Canisius,Fairfield -6.5,splits,58,40,,Fairfield -6.5 @ -115,,,
2026-01-02T18:08:34.730520+00:00,ncaab,33388197,Fairfield @ Canisius,Canisius +6.5,splits,42,60,,Canisius +6.5 @ -105,,,
2026-01-02T18:08:34.730520+00:00,ncaab,33388197,Fairfield @ Canisius,Over 139.5,splits,56,20,,Over 139.5 @ -105,,,
2026-01-02T18:08:34.730520+00:00,ncaab,33388197,Fairfield @ Canisius,Under 139.5,splits,44,80,,Under 139.5 @ -115,,,
2026-01-02T18:08:34.730520+00:00,ncaab,33388191,Sacred Heart @ Niagara,Niagara,splits,15,25,,Niagara @ +145,,,
2026-01-02T18:08:34.730520+00:00,ncaab,33388191,Sacred Heart @ Niagara,Sacred Heart,splits,85,75,,Sacred Heart @ -175,,,
2026-01-02T18:08:34.730520+00:00,ncaab,33388191,Sacred Heart @ Niagara,Sacred Heart -3.5,splits,63,76,,Sacred Heart -3.5 @ -112,,,
2026-01-02T18:08:34.730520+00:00,ncaab,33388191,Sacred Heart @ Niagara,Niagara +3.5,splits,37,24,,Niagara +3.5 @ -108,,,
2026-01-02T18:08:34.730520+00:00,ncaab,33388191,Sacred Heart @ Niagara,Over 140.5,splits,52,27,,Over 140.5 @ -110,,,
2026-01-02T18:08:34.730520+00:00,ncaab,33388191,Sacred Heart @ Niagara,Under 140.5,splits,48,73,,Under 140.5 @ -110,,,
2026-01-02T18:08:34.730520+00:00,ncaab,33388193,Sam Houston @ Western Kentucky,Western Kentucky,splits,63,58,,Western Kentucky @ -180,,,
2026-01-02T18:08:34.730520+00:00,ncaab,33388193,Sam Houston @ Western Kentucky,Sam Houston,splits,37,42,,Sam Houston @ +150,,,
2026-01-02T18:08:34.730520+00:00,ncaab,33388193,Sam Houston @ Western Kentucky,Western Kentucky -4.5,splits,53,48,,Western Kentucky -4.5 @ -108,,,
2026-01-02T18:08:34.730520+00:00,ncaab,33388193,Sam Houston @ Western Kentucky,Sam Houston +4.5,splits,47,52,,Sam Houston +4.5 @ -112,,,
2026-01-02T18:08:34.730520+00:00,ncaab,33388193,Sam Houston @ Western Kentucky,Over 166.5,splits,31,48,,Over 166.5 @ -105,,,
2026-01-02T18:08:34.730520+00:00,ncaab,33388193,Sam Houston @ Western Kentucky,Under 166.5,splits,69,52,,Under 166.5 @ -115,,,
2026-01-02T18:08:34.730520+00:00,ncaab,33388200,USC @ Michigan,Michigan,splits,83,54,,Michigan @ -4500,,,
2026-01-02T18:08:34.730520+00:00,ncaab,33388200,USC @ Michigan,USC,splits,17,46,,USC @ +1700,,,
2026-01-02T18:08:34.730520+00:00,ncaab,33388200,USC @ Michigan,Michigan -21.5,splits,46,60,,Michigan -21.5 @ -112,,,
2026-01-02T18:08:34.730520+00:00,ncaab,33388200,USC @ Michigan,USC +21.5,splits,54,40,,USC +21.5 @ -108,,,
2026-01-02T18:08:34.730520+00:00,ncaab,33388200,USC @ Michigan,Over 173.5,splits,49,81,,Over 173.5 @ -108,,,
2026-01-02T18:08:34.730520+00:00,ncaab,33388200,USC @ Michigan,Under 173.5,splits,51,19,,Under 173.5 @ -112,,,
2026-01-02T18:08:34.730520+00:00,ncaab,33388201,Kennesaw State @ Liberty,Liberty,splits,94,73,,Liberty @ -360,,,
2026-01-02T18:08:34.730520+00:00,ncaab,33388201,Kennesaw State @ Liberty,Kennesaw State,splits,6,27,,Kennesaw State @ +285,,,
2026-01-02T18:08:34.730520+00:00,ncaab,33388201,Kennesaw State @ Liberty,Liberty -7.5,splits,48,47,,Liberty -7.5 @ -105,,,
2026-01-02T18:08:34.730520+00:00,ncaab,33388201,Kennesaw State @ Liberty,Kennesaw State +7.5,splits,52,53,,Kennesaw State +7.5 @ -115,,,
2026-01-02T18:08:34.730520+00:00,ncaab,33388201,Kennesaw State @ Liberty,Over 155.5,splits,54,83,,Over 155.5 @ -108,,,
2026-01-02T18:08:34.730520+00:00,ncaab,33388201,Kennesaw State @ Liberty,Under 155.5,splits,46,17,,Under 155.5 @ -112,,,
2026-01-02T18:08:34.730520+00:00,ncaab,33388204,Quinnipiac @ Manhattan,Manhattan,splits,6,10,,Manhattan @ +230,,,
2026-01-02T18:08:34.730520+00:00,ncaab,33388204,Quinnipiac @ Manhattan,Quinnipiac,splits,94,90,,Quinnipiac @ -285,,,
2026-01-02T18:08:34.730520+00:00,ncaab,33388204,Quinnipiac @ Manhattan,Quinnipiac -6.5,splits,61,72,,Quinnipiac -6.5 @ -112,,,
2026-01-02T18:08:34.730520+00:00,ncaab,33388204,Quinnipiac @ Manhattan,Manhattan +6.5,splits,39,28,,Manhattan +6.5 @ -108,,,
2026-01-02T18:08:34.730520+00:00,ncaab,33388204,Quinnipiac @ Manhattan,Over 157.5,splits,35,11,,Over 157.5 @ -108,,,
2026-01-02T18:08:34.730520+00:00,ncaab,33388204,Quinnipiac @ Manhattan,Under 157.5,splits,65,89,,Under 157.5 @ -112,,,
2026-01-02T18:08:34.730520+00:00,ncaab,33388203,Siena @ Iona,Iona,splits,54,75,,Iona @ -112,,,
2026-01-02T18:08:34.730520+00:00,ncaab,33388203,Siena @ Iona,Siena,splits,46,25,,Siena @ -108,,,
2026-01-02T18:08:34.730520+00:00,ncaab,33388203,Siena @ Iona,Iona -1.5,splits,67,47,,Iona -1.5 @ -102,,,
2026-01-02T18:08:34.730520+00:00,ncaab,33388203,Siena @ Iona,Siena +1.5,splits,33,53,,Siena +1.5 @ -118,,,
2026-01-02T18:08:34.730520+00:00,ncaab,33388203,Siena @ Iona,Over 148.5,splits,54,85,,Over 148.5 @ -108,,,
2026-01-02T18:08:34.730520+00:00,ncaab,33388203,Siena @ Iona,Under 148.5,splits,46,15,,Under 148.5 @ -112,,,
2026-01-02T18:08:34.730520+00:00,ncaab,33388372,Central Connecticut State @ LIU,LIU,splits,67,73,,LIU @ -250,,,
2026-01-02T18:08:34.730520+00:00,ncaab,33388372,Central Connecticut State @ LIU,Central Connecticut State,splits,33,27,,Central Connecticut State @ +205,,,
2026-01-02T18:08:34.730520+00:00,ncaab,33388372,Central Connecticut State @ LIU,LIU -6.5,splits,52,63,,LIU -6.5 @ -105,,,
2026-01-02T18:08:34.730520+00:00,ncaab,33388372,Central Connecticut State @ LIU,Central Connecticut State +6.5,splits,48,37,,Central Connecticut State +6.5 @ -115,,,
2026-01-02T18:08:34.730520+00:00,ncaab,33388372,Central Connecticut State @ LIU,Over 144.5,splits,61,75,,Over 144.5 @ -112,,,
2026-01-02T18:08:34.730520+00:00,ncaab,33388372,Central Connecticut State @ LIU,Under 144.5,splits,39,25,,Under 144.5 @ -108,,,
2026-01-02T18:08:34.730520+00:00,ncaab,33388198,Jacksonville State @ Delaware,Delaware,splits,27,40,,Delaware @ +130,,,
2026-01-02T18:08:34.730520+00:00,ncaab,33388198,Jacksonville State @ Delaware,Jacksonville State,splits,73,60,,Jacksonville State @ -155,,,
2026-01-02T18:08:34.730520+00:00,ncaab,33388198,Jacksonville State @ Delaware,Jacksonville State -2.5,splits,63,66,,Jacksonville State -2.5 @ -112,,,
2026-01-02T18:08:34.730520+00:00,ncaab,33388198,Jacksonville State @ Delaware,Delaware +2.5,splits,37,34,,Delaware +2.5 @ -108,,,
2026-01-02T18:08:34.730520+00:00,ncaab,33388198,Jacksonville State @ Delaware,Over 127.5,splits,67,8,,Over 127.5 @ -110,,,
2026-01-02T18:08:34.730520+00:00,ncaab,33388198,Jacksonville State @ Delaware,Under 127.5,splits,33,92,,Under 127.5 @ -110,,,
2026-01-02T18:08:34.730520+00:00,ncaab,33388371,Le Moyne @ Saint Francis PA,Saint Francis PA,splits,8,22,,Saint Francis PA @ +205,,,
2026-01-02T18:08:34.730520+00:00,ncaab,33388371,Le Moyne @ Saint Francis PA,Le Moyne,splits,92,78,,Le Moyne @ -250,,,
2026-01-02T18:08:34.730520+00:00,ncaab,33388371,Le Moyne @ Saint Francis PA,Le Moyne -5.5,splits,58,74,,Le Moyne -5.5 @ -110,,,
2026-01-02T18:08:34.730520+00:00,ncaab,33388371,Le Moyne @ Saint Francis PA,Saint Francis PA +5.5,splits,42,26,,Saint Francis PA +5.5 @ -110,,,
2026-01-02T18:08:34.730520+00:00,ncaab,33388371,Le Moyne @ Saint Francis PA,Over 151.5,splits,42,11,,Over 151.5 @ -112,,,
2026-01-02T18:08:34.730520+00:00,ncaab,33388371,Le Moyne @ Saint Francis PA,Under 151.5,splits,58,89,,Under 151.5 @ -108,,,
2026-01-02T18:08:34.730520+00:00,ncaab,33388205,Robert Morris @ Detroit Mercy,Detroit Mercy,splits,20,18,,Detroit Mercy @ +110,,,
2026-01-02T18:08:34.730520+00:00,ncaab,33388205,Robert Morris @ Detroit Mercy,Robert Morris,splits,80,82,,Robert Morris @ -130,,,
2026-01-02T18:08:34.730520+00:00,ncaab,33388205,Robert Morris @ Detroit Mercy,Robert Morris -2.5,splits,74,77,,Robert Morris -2.5 @ -108,,,
2026-01-02T18:08:34.730520+00:00,ncaab,33388205,Robert Morris @ Detroit Mercy,Detroit Mercy +2.5,splits,26,23,,Detroit Mercy +2.5 @ -112,,,
2026-01-02T18:08:34.730520+00:00,ncaab,33388205,Robert Morris @ Detroit Mercy,Over 148.5,splits,52,26,,Over 148.5 @ -110,,,
2026-01-02T18:08:34.730520+00:00,ncaab,33388205,Robert Morris @ Detroit Mercy,Under 148.5,splits,48,74,,Under 148.5 @ -110,,,
2026-01-02T18:08:34.730520+00:00,ncaab,33388373,New Haven @ Stonehill,Stonehill,splits,73,38,,Stonehill @ -108,,,
2026-01-02T18:08:34.730520+00:00,ncaab,33388373,New Haven @ Stonehill,New Haven,splits,27,62,,New Haven @ -112,,,
2026-01-02T18:08:34.730520+00:00,ncaab,33388373,New Haven @ Stonehill,New Haven -1.5,splits,30,23,,New Haven -1.5 @ -102,,,
2026-01-02T18:08:34.730520+00:00,ncaab,33388373,New Haven @ Stonehill,Stonehill +1.5,splits,70,77,,Stonehill +1.5 @ -118,,,
2026-01-02T18:08:34.730520+00:00,ncaab,33388373,New Haven @ Stonehill,Over 127.5,splits,65,41,,Over 127.5 @ -112,,,
2026-01-02T18:08:34.730520+00:00,ncaab,33388373,New Haven @ Stonehill,Under 127.5,splits,35,59,,Under 127.5 @ -108,,,
2026-01-02T18:08:34.730520+00:00,ncaab,33388347,Lamar @ McNeese,McNeese,splits,97,77,,McNeese @ -2100,,,
2026-01-02T18:08:34.730520+00:00,ncaab,33388347,Lamar @ McNeese,Lamar,splits,3,23,,Lamar @ +1100,,,
2026-01-02T18:08:34.730520+00:00,ncaab,33388347,Lamar @ McNeese,McNeese -16.5,splits,55,48,,McNeese -16.5 @ -115,,,
2026-01-02T18:08:34.730520+00:00,ncaab,33388347,Lamar @ McNeese,Lamar +16.5,splits,45,52,,Lamar +16.5 @ -105,,,
2026-01-02T18:08:34.730520+00:00,ncaab,33388347,Lamar @ McNeese,Over 143.5,splits,53,75,,Over 143.5 @ -108,,,
2026-01-02T18:08:34.730520+00:00,ncaab,33388347,Lamar @ McNeese,Under 143.5,splits,47,25,,Under 143.5 @ -112,,,
2026-01-02T18:08:34.730520+00:00,ncaab,33388348,Wagner @ Chicago State,Chicago State,splits,39,47,,Chicago State @ -110,,,
2026-01-02T18:08:34.730520+00:00,ncaab,33388348,Wagner @ Chicago State,Wagner,splits,61,53,,Wagner @ -110,,,
2026-01-02T18:08:34.730520+00:00,ncaab,33388348,Wagner @ Chicago State,Chicago State -1.5,splits,46,22,,Chicago State -1.5 @ -105,,,
2026-01-02T18:08:34.730520+00:00,ncaab,33388348,Wagner @ Chicago State,Wagner +1.5,splits,54,78,,Wagner +1.5 @ -115,,,
2026-01-02T18:08:34.730520+00:00,ncaab,33388348,Wagner @ Chicago State,Over 146.5,splits,40,56,,Over 146.5 @ -108,,,
2026-01-02T18:08:34.730520+00:00,ncaab,33388348,Wagner @ Chicago State,Under 146.5,splits,60,44,,Under 146.5 @ -112,,,
2026-01-02T18:08:34.730520+00:00,ncaab,33388199,Marist @ Saint Peters,Saint Peters,splits,31,16,,Saint Peters @ +120,,,
2026-01-02T18:08:34.730520+00:00,ncaab,33388199,Marist @ Saint Peters,Marist,splits,69,84,,Marist @ -142,,,
2026-01-02T18:08:34.730520+00:00,ncaab,33388199,Marist @ Saint Peters,Marist -2.5,splits,55,54,,Marist -2.5 @ -108,,,
2026-01-02T18:08:34.730520+00:00,ncaab,33388199,Marist @ Saint Peters,Saint Peters +2.5,splits,45,46,,Saint Peters +2.5 @ -112,,,
2026-01-02T18:08:34.730520+00:00,ncaab,33388199,Marist @ Saint Peters,Over 131.5,splits,56,10,,Over 131.5 @ -112,,,
2026-01-02T18:08:34.730520+00:00,ncaab,33388199,Marist @ Saint Peters,Under 131.5,splits,44,90,,Under 131.5 @ -108,,,
2026-01-02T18:08:34.730520+00:00,ncaab,33388208,Oregon @ Maryland,Maryland,splits,43,63,,Maryland @ +124,,,
2026-01-02T18:08:34.730520+00:00,ncaab,33388208,Oregon @ Maryland,Oregon,splits,57,37,,Oregon @ -148,,,
2026-01-02T18:08:34.730520+00:00,ncaab,33388208,Oregon @ Maryland,Oregon -2.5,splits,52,40,,Oregon -2.5 @ -108,,,
2026-01-02T18:08:34.730520+00:00,ncaab,33388208,Oregon @ Maryland,Maryland +2.5,splits,48,60,,Maryland +2.5 @ -112,,,
2026-01-02T18:08:34.730520+00:00,ncaab,33388208,Oregon @ Maryland,Over 150.5,splits,56,32,,Over 150.5 @ -105,,,
2026-01-02T18:08:34.730520+00:00,ncaab,33388208,Oregon @ Maryland,Under 150.5,splits,44,68,,Under 150.5 @ -115,,,
2026-01-02T18:08:34.730520+00:00,ncaab,33388206,Louisiana Tech @ Middle Tennessee,Middle Tennessee,splits,68,54,,Middle Tennessee @ -298,,,
2026-01-02T18:08:34.730520+00:00,ncaab,33388206,Louisiana Tech @ Middle Tennessee,Louisiana Tech,splits,32,46,,Louisiana Tech @ +240,,,
2026-01-02T18:08:34.730520+00:00,ncaab,33388206,Louisiana Tech @ Middle Tennessee,Middle Tennessee -6.5,splits,57,75,,Middle Tennessee -6.5 @ -112,,,
2026-01-02T18:08:34.730520+00:00,ncaab,33388206,Louisiana Tech @ Middle Tennessee,Louisiana Tech +6.5,splits,43,25,,Louisiana Tech +6.5 @ -108,,,
2026-01-02T18:08:34.730520+00:00,ncaab,33388206,Louisiana Tech @ Middle Tennessee,Over 134.5,splits,64,30,,Over 134.5 @ -112,,,
2026-01-02T18:08:34.730520+00:00,ncaab,33388206,Louisiana Tech @ Middle Tennessee,Under 134.5,splits,36,70,,Under 134.5 @ -108,,,
2026-01-02T18:08:34.730520+00:00,ncaab,33388374,Fairleigh Dickinson @ Mercyhurst,Mercyhurst,splits,97,86,,Mercyhurst @ -298,,,
2026-01-02T18:08:34.730520+00:00,ncaab,33388374,Fairleigh Dickinson @ Mercyhurst,Fairleigh Dickinson,splits,3,14,,Fairleigh Dickinson @ +240,,,
2026-01-02T18:08:34.730520+00:00,ncaab,33388374,Fairleigh Dickinson @ Mercyhurst,Mercyhurst -6.5,splits,63,77,,Mercyhurst -6.5 @ -108,,,
2026-01-02T18:08:34.730520+00:00,ncaab,33388374,Fairleigh Dickinson @ Mercyhurst,Fairleigh Dickinson +6.5,splits,38,23,,Fairleigh Dickinson +6.5 @ -112,,,
2026-01-02T18:08:34.730520+00:00,ncaab,33388374,Fairleigh Dickinson @ Mercyhurst,Over 133.5,splits,50,14,,Over 133.5 @ -115,,,
2026-01-02T18:08:34.730520+00:00,ncaab,33388374,Fairleigh Dickinson @ Mercyhurst,Under 133.5,splits,50,86,,Under 133.5 @ -105,,,
2026-01-02T18:08:34.730520+00:00,ncaab,33388211,Louisville @ Stanford,Stanford,splits,4,6,,Stanford @ +340,,,
2026-01-02T18:08:34.730520+00:00,ncaab,33388211,Louisville @ Stanford,Louisville,splits,96,94,,Louisville @ -440,,,
2026-01-02T18:08:34.730520+00:00,ncaab,33388211,Louisville @ Stanford,Louisville -8.5,splits,78,62,,Louisville -8.5 @ -110,,,
2026-01-02T18:08:34.730520+00:00,ncaab,33388211,Louisville @ Stanford,Stanford +8.5,splits,22,38,,Stanford +8.5 @ -110,,,
2026-01-02T18:08:34.730520+00:00,ncaab,33388211,Louisville @ Stanford,Over 157.5,splits,62,84,,Over 157.5 @ -112,,,
2026-01-02T18:08:34.730520+00:00,ncaab,33388211,Louisville @ Stanford,Under 157.5,splits,38,16,,Under 157.5 @ -108,,,
2026-01-02T18:08:34.730520+00:00,ncaab,33388210,Ohio State @ Rutgers,Rutgers,splits,3,13,,Rutgers @ +340,,,
2026-01-02T18:08:34.730520+00:00,ncaab,33388210,Ohio State @ Rutgers,Ohio State,splits,97,87,,Ohio State @ -440,,,
2026-01-02T18:08:34.730520+00:00,ncaab,33388210,Ohio State @ Rutgers,Ohio State -8.5,splits,68,77,,Ohio State -8.5 @ -115,,,
2026-01-02T18:08:34.730520+00:00,ncaab,33388210,Ohio State @ Rutgers,Rutgers +8.5,splits,32,23,,Rutgers +8.5 @ -105,,,
2026-01-02T18:08:34.730520+00:00,ncaab,33388210,Ohio State @ Rutgers,Over 150.5,splits,40,20,,Over 150.5 @ -108,,,
2026-01-02T18:08:34.730520+00:00,ncaab,33388210,Ohio State @ Rutgers,Under 150.5,splits,60,80,,Under 150.5 @ -112,,,
2026-01-02T18:08:34.730520+00:00,ncaab,33388209,UTEP @ Missouri State,Missouri State,splits,88,75,,Missouri State @ -162,,,
2026-01-02T18:08:34.730520+00:00,ncaab,33388209,UTEP @ Missouri State,UTEP,splits,12,25,,UTEP @ +136,,,
2026-01-02T18:08:34.730520+00:00,ncaab,33388209,UTEP @ Missouri State,Missouri State -3.5,splits,62,18,,Missouri State -3.5 @ -102,,,
2026-01-02T18:08:34.730520+00:00,ncaab,33388209,UTEP @ Missouri State,UTEP +3.5,splits,38,82,,UTEP +3.5 @ -118,,,
2026-01-02T18:08:34.730520+00:00,ncaab,33388209,UTEP @ Missouri State,Over 131.5,splits,70,74,,Over 131.5 @ -110,,,
2026-01-02T18:08:34.730520+00:00,ncaab,33388209,UTEP @ Missouri State,Under 131.5,splits,30,26,,Under 131.5 @ -110,,,
2026-01-02T18:08:34.730520+00:00,ncaab,33388213,Michigan State @ Nebraska,Nebraska,splits,27,37,,Nebraska @ -135,,,
2026-01-02T18:08:34.730520+00:00,ncaab,33388213,Michigan State @ Nebraska,Michigan State,splits,73,63,,Michigan State @ +114,,,
2026-01-02T18:08:34.730520+00:00,ncaab,33388213,Michigan State @ Nebraska,Nebraska -2.5,splits,32,31,,Nebraska -2.5 @ -102,,,
2026-01-02T18:08:34.730520+00:00,ncaab,33388213,Michigan State @ Nebraska,Michigan State +2.5,splits,68,69,,Michigan State +2.5 @ -118,,,
2026-01-02T18:08:34.730520+00:00,ncaab,33388213,Michigan State @ Nebraska,Over 144.5,splits,73,68,,Over 144.5 @ -115,,,
2026-01-02T18:08:34.730520+00:00,ncaab,33388213,Michigan State @ Nebraska,Under 144.5,splits,27,32,,Under 144.5 @ -105,,,
2026-01-02T18:08:34.730520+00:00,ncaab,33388196,West Virginia @ Iowa State,Iowa State,splits,95,94,,Iowa State @ -2100,,,
2026-01-02T18:08:34.730520+00:00,ncaab,33388196,West Virginia @ Iowa State,West Virginia,splits,5,6,,West Virginia @ +1100,,,
2026-01-02T18:08:34.730520+00:00,ncaab,33388196,West Virginia @ Iowa State,Iowa State -17.5,splits,75,86,,Iowa State -17.5 @ -110,,,
2026-01-02T18:08:34.730520+00:00,ncaab,33388196,West Virginia @ Iowa State,West Virginia +17.5,splits,25,14,,West Virginia +17.5 @ -110,,,
2026-01-02T18:08:34.730520+00:00,ncaab,33388196,West Virginia @ Iowa State,Over 142.5,splits,79,67,,Over 142.5 @ -108,,,
2026-01-02T18:08:34.730520+00:00,ncaab,33388196,West Virginia @ Iowa State,Under 142.5,splits,21,33,,Under 142.5 @ -112,,,
2026-01-02T18:08:34.730520+00:00,ncaab,33388195,Seattle @ Gonzaga,Gonzaga,splits,96,88,,Gonzaga @ -9000,,,
2026-01-02T18:08:34.730520+00:00,ncaab,33388195,Seattle @ Gonzaga,Seattle,splits,4,12,,Seattle @ +2500,,,
2026-01-02T18:08:34.730520+00:00,ncaab,33388195,Seattle @ Gonzaga,Gonzaga -24.5,splits,76,77,,Gonzaga -24.5 @ -108,,,
2026-01-02T18:08:34.730520+00:00,ncaab,33388195,Seattle @ Gonzaga,Seattle +24.5,splits,24,23,,Seattle +24.5 @ -112,,,
2026-01-02T18:08:34.730520+00:00,ncaab,33388195,Seattle @ Gonzaga,Over 154.5,splits,70,55,,Over 154.5 @ -105,,,
2026-01-02T18:08:34.730520+00:00,ncaab,33388195,Seattle @ Gonzaga,Under 154.5,splits,30,45,,Under 154.5 @ -115,,,
2026-01-02T18:08:34.730520+00:00,ncaab,33388212,Loyola Marymount @ Washington State,Washington State,splits,62,76,,Washington State @ -142,,,
2026-01-02T18:08:34.730520+00:00,ncaab,33388212,Loyola Marymount @ Washington State,Loyola Marymount,splits,38,24,,Loyola Marymount @ +120,,,
2026-01-02T18:08:34.730520+00:00,ncaab,33388212,Loyola Marymount @ Washington State,Washington State -2.5,splits,62,70,,Washington State -2.5 @ -108,,,
2026-01-02T18:08:34.730520+00:00,ncaab,33388212,Loyola Marymount @ Washington State,Loyola Marymount +2.5,splits,38,30,,Loyola Marymount +2.5 @ -112,,,
2026-01-02T18:08:34.730520+00:00,ncaab,33388212,Loyola Marymount @ Washington State,Over 142.5,splits,56,76,,Over 142.5 @ -112,,,
2026-01-02T18:08:34.730520+00:00,ncaab,33388212,Loyola Marymount @ Washington State,Under 142.5,splits,44,24,,Under 142.5 @ -108,,,
2026-01-02T18:08:34.730520+00:00,ncaab,33388215,San Diego @ San Francisco,San Francisco,splits,97,90,,San Francisco @ -600,,,
2026-01-02T18:08:34.730520+00:00,ncaab,33388215,San Diego @ San Francisco,San Diego,splits,3,10,,San Diego @ +440,,,
2026-01-02T18:08:34.730520+00:00,ncaab,33388215,San Diego @ San Francisco,San Francisco -10.5,splits,64,83,,San Francisco -10.5 @ -112,,,
2026-01-02T18:08:34.730520+00:00,ncaab,33388215,San Diego @ San Francisco,San Diego +10.5,splits,36,17,,San Diego +10.5 @ -108,,,
2026-01-02T18:08:34.730520+00:00,ncaab,33388215,San Diego @ San Francisco,Over 150.5,splits,53,91,,Over 150.5 @ -105,,,
2026-01-02T18:08:34.730520+00:00,ncaab,33388215,San Diego @ San Francisco,Under 150.5,splits,47,9,,Under 150.5 @ -115,,,
2026-01-02T18:08:34.730520+00:00,ncaab,33388216,Portland @ Saint Marys,Saint Marys,splits,97,93,,Saint Marys @ -4000,,,
2026-01-02T18:08:34.730520+00:00,ncaab,33388216,Portland @ Saint Marys,Portland,splits,3,7,,Portland @ +1600,,,
2026-01-02T18:08:34.730520+00:00,ncaab,33388216,Portland @ Saint Marys,Saint Marys -21.5,splits,58,34,,Saint Marys -21.5 @ -108,,,
2026-01-02T18:08:34.730520+00:00,ncaab,33388216,Portland @ Saint Marys,Portland +21.5,splits,42,66,,Portland +21.5 @ -112,,,
2026-01-02T18:08:34.730520+00:00,ncaab,33388216,Portland @ Saint Marys,Over 145.5,splits,54,54,,Over 145.5 @ -112,,,
2026-01-02T18:08:34.730520+00:00,ncaab,33388216,Portland @ Saint Marys,Under 145.5,splits,46,46,,Under 145.5 @ -108,,,
2026-01-02T18:08:34.730520+00:00,ncaab,33388202,Pepperdine @ Santa Clara,Santa Clara,splits,97,94,,Santa Clara @ -2800,,,
2026-01-02T18:08:34.730520+00:00,ncaab,33388202,Pepperdine @ Santa Clara,Pepperdine,splits,3,6,,Pepperdine @ +1300,,,
2026-01-02T18:08:34.730520+00:00,ncaab,33388202,Pepperdine @ Santa Clara,Santa Clara -19.5,splits,63,69,,Santa Clara -19.5 @ -112,,,
2026-01-02T18:08:34.730520+00:00,ncaab,33388202,Pepperdine @ Santa Clara,Pepperdine +19.5,splits,37,31,,Pepperdine +19.5 @ -108,,,
2026-01-02T18:08:34.730520+00:00,ncaab,33388202,Pepperdine @ Santa Clara,Over 150.5,splits,42,76,,Over 150.5 @ -108,,,
2026-01-02T18:08:34.730520+00:00,ncaab,33388202,Pepperdine @ Santa Clara,Under 150.5,splits,58,24,,Under 150.5 @ -112,,,
2026-01-02T18:08:34.730520+00:00,ncaab,33388207,Oregon State @ Pacific,Pacific,splits,36,62,,Pacific @ -180,,,
2026-01-02T18:08:34.730520+00:00,ncaab,33388207,Oregon State @ Pacific,Oregon State,splits,64,38,,Oregon State @ +150,,,
2026-01-02T18:08:34.730520+00:00,ncaab,33388207,Oregon State @ Pacific,Pacific -4.5,splits,48,86,,Pacific -4.5 @ -105,,,
2026-01-02T18:08:34.730520+00:00,ncaab,33388207,Oregon State @ Pacific,Oregon State +4.5,splits,52,14,,Oregon State +4.5 @ -115,,,
2026-01-02T18:08:34.730520+00:00,ncaab,33388207,Oregon State @ Pacific,Over 137.5,splits,66,54,,Over 137.5 @ -110,,,
2026-01-02T18:08:34.730520+00:00,ncaab,33388207,Oregon State @ Pacific,Under 137.5,splits,34,46,,Under 137.5 @ -110,,,
2026-01-02T18:08:34.730520+00:00,ncaab,33388214,Notre Dame @ California,California,splits,55,66,,California @ -205,,,
2026-01-02T18:08:34.730520+00:00,ncaab,33388214,Notre Dame @ California,Notre Dame,splits,45,34,,Notre Dame @ +170,,,
2026-01-02T18:08:34.730520+00:00,ncaab,33388214,Notre Dame @ California,California -4.5,splits,65,79,,California -4.5 @ -112,,,
2026-01-02T18:08:34.730520+00:00,ncaab,33388214,Notre Dame @ California,Notre Dame +4.5,splits,35,21,,Notre Dame +4.5 @ -108,,,
2026-01-02T18:08:34.730520+00:00,ncaab,33388214,Notre Dame @ California,Over 137.5,splits,71,46,,Over 137.5 @ -112,,,
2026-01-02T18:08:34.730520+00:00,ncaab,33388214,Notre Dame @ California,Under 137.5,splits,29,54,,Under 137.5 @ -108,,,
2026-01-02T18:09:18.708880+00:00,ncaaf,33273285,Navy @ Cincinnati,Cincinnati,splits,28,16,,Cincinnati @ +230,,,
2026-01-02T18:09:18.708880+00:00,ncaaf,33273285,Navy @ Cincinnati,Navy,splits,72,84,,Navy @ -285,,,
2026-01-02T18:09:18.708880+00:00,ncaaf,33273285,Navy @ Cincinnati,Navy -7.5,splits,67,80,,Navy -7.5 @ -105,,,
2026-01-02T18:09:18.708880+00:00,ncaaf,33273285,Navy @ Cincinnati,Cincinnati +7.5,splits,33,20,,Cincinnati +7.5 @ -115,,,
2026-01-02T18:09:18.708880+00:00,ncaaf,33273285,Navy @ Cincinnati,Over 57.5,splits,45,73,,Over 57.5 @ -108,,,
2026-01-02T18:09:18.708880+00:00,ncaaf,33273285,Navy @ Cincinnati,Under 57.5,splits,55,27,,Under 57.5 @ -112,,,
2026-01-02T18:09:18.708880+00:00,ncaaf,33273924,Wake Forest @ Mississippi State,Mississippi State,splits,64,53,,Mississippi State @ -155,,,
2026-01-02T18:09:18.708880+00:00,ncaaf,33273924,Wake Forest @ Mississippi State,Wake Forest,splits,36,47,,Wake Forest @ +130,,,
2026-01-02T18:09:18.708880+00:00,ncaaf,33273924,Wake Forest @ Mississippi State,Mississippi State -3,splits,59,47,,Mississippi State -3 @ -112,,,
2026-01-02T18:09:18.708880+00:00,ncaaf,33273924,Wake Forest @ Mississippi State,Wake Forest +3,splits,41,53,,Wake Forest +3 @ -108,,,
2026-01-02T18:09:18.708880+00:00,ncaaf,33273924,Wake Forest @ Mississippi State,Over 53.5,splits,50,76,,Over 53.5 @ -108,,,
2026-01-02T18:09:18.708880+00:00,ncaaf,33273924,Wake Forest @ Mississippi State,Under 53.5,splits,50,24,,Under 53.5 @ -112,,,
2026-01-02T18:09:18.708880+00:00,ncaaf,33273926,Arizona @ SMU,SMU,splits,47,46,,SMU @ -112,,,
2026-01-02T18:09:18.708880+00:00,ncaaf,33273926,Arizona @ SMU,Arizona,splits,53,54,,Arizona @ -108,,,
2026-01-02T18:09:18.708880+00:00,ncaaf,33273926,Arizona @ SMU,SMU -1.5,splits,40,41,,SMU -1.5 @ -105,,,
2026-01-02T18:09:18.708880+00:00,ncaaf,33273926,Arizona @ SMU,Arizona +1.5,splits,60,59,,Arizona +1.5 @ -115,,,
2026-01-02T18:09:18.708880+00:00,ncaaf,33273926,Arizona @ SMU,Over 51.5,splits,73,80,,Over 51.5 @ -115,,,
2026-01-02T18:09:18.708880+00:00,ncaaf,33273926,Arizona @ SMU,Under 51.5,splits,27,20,,Under 51.5 @ -105,,,
2026-01-02T18:10:44.693557+00:00,nfl,32225607,CAR Panthers @ TB Buccaneers,TB Buccaneers,splits,48,39,,TB Buccaneers @ -155,,,
2026-01-02T18:10:44.693557+00:00,nfl,32225607,CAR Panthers @ TB Buccaneers,CAR Panthers,splits,52,61,,CAR Panthers @ +130,,,
2026-01-02T18:10:44.693557+00:00,nfl,32225607,CAR Panthers @ TB Buccaneers,TB Buccaneers -3,splits,47,48,,TB Buccaneers -3 @ +100,,,
2026-01-02T18:10:44.693557+00:00,nfl,32225607,CAR Panthers @ TB Buccaneers,CAR Panthers +3,splits,53,52,,CAR Panthers +3 @ -120,,,
2026-01-02T18:10:44.693557+00:00,nfl,32225607,CAR Panthers @ TB Buccaneers,Over 43.5,splits,72,50,,Over 43.5 @ -112,,,
2026-01-02T18:10:44.693557+00:00,nfl,32225607,CAR Panthers @ TB Buccaneers,Under 43.5,splits,28,50,,Under 43.5 @ -108,,,
2026-01-02T18:10:44.693557+00:00,nfl,32225620,SEA Seahawks @ SF 49ers,SF 49ers,splits,71,65,,SF 49ers @ +105,,,
2026-01-02T18:10:44.693557+00:00,nfl,32225620,SEA Seahawks @ SF 49ers,SEA Seahawks,splits,29,35,,SEA Seahawks @ -125,,,
2026-01-02T18:10:44.693557+00:00,nfl,32225620,SEA Seahawks @ SF 49ers,SEA Seahawks -1.5,splits,36,25,,SEA Seahawks -1.5 @ -115,,,
2026-01-02T18:10:44.693557+00:00,nfl,32225620,SEA Seahawks @ SF 49ers,SF 49ers +1.5,splits,64,75,,SF 49ers +1.5 @ -105,,,
2026-01-02T18:10:44.693557+00:00,nfl,32225620,SEA Seahawks @ SF 49ers,Over 47.5,splits,74,42,,Over 47.5 @ -112,,,
2026-01-02T18:10:44.693557+00:00,nfl,32225620,SEA Seahawks @ SF 49ers,Under 47.5,splits,26,58,,Under 47.5 @ -108,,,
2026-01-02T18:10:44.693557+00:00,nfl,32225622,IND Colts @ HOU Texans,HOU Texans,splits,89,52,,HOU Texans @ -550,,,
2026-01-02T18:10:44.693557+00:00,nfl,32225622,IND Colts @ HOU Texans,IND Colts,splits,11,48,,IND Colts @ +410,,,
2026-01-02T18:10:44.693557+00:00,nfl,32225622,IND Colts @ HOU Texans,HOU Texans -10,splits,55,62,,HOU Texans -10 @ -108,,,
2026-01-02T18:10:44.693557+00:00,nfl,32225622,IND Colts @ HOU Texans,IND Colts +10,splits,45,38,,IND Colts +10 @ -112,,,
2026-01-02T18:10:44.693557+00:00,nfl,32225622,IND Colts @ HOU Texans,Over 38.5,splits,65,40,,Over 38.5 @ -112,,,
2026-01-02T18:10:44.693557+00:00,nfl,32225622,IND Colts @ HOU Texans,Under 38.5,splits,35,60,,Under 38.5 @ -108,,,
2026-01-02T18:10:44.693557+00:00,nfl,32225664,TEN Titans @ JAX Jaguars,JAX Jaguars,splits,90,45,,JAX Jaguars @ -800,,,
2026-01-02T18:10:44.693557+00:00,nfl,32225664,TEN Titans @ JAX Jaguars,TEN Titans,splits,10,55,,TEN Titans @ +550,,,
2026-01-02T18:10:44.693557+00:00,nfl,32225664,TEN Titans @ JAX Jaguars,JAX Jaguars -13.5,splits,54,41,,JAX Jaguars -13.5 @ -105,,,
2026-01-02T18:10:44.693557+00:00,nfl,32225664,TEN Titans @ JAX Jaguars,TEN Titans +13.5,splits,46,59,,TEN Titans +13.5 @ -115,,,
2026-01-02T18:10:44.693557+00:00,nfl,32225664,TEN Titans @ JAX Jaguars,Over 47.5,splits,47,56,,Over 47.5 @ -112,,,
2026-01-02T18:10:44.693557+00:00,nfl,32225664,TEN Titans @ JAX Jaguars,Under 47.5,splits,53,44,,Under 47.5 @ -108,,,
2026-01-02T18:10:44.693557+00:00,nfl,32225528,CLE Browns @ CIN Bengals,CIN Bengals,splits,81,25,,CIN Bengals @ -380,,,
2026-01-02T18:10:44.693557+00:00,nfl,32225528,CLE Browns @ CIN Bengals,CLE Browns,splits,19,75,,CLE Browns @ +300,,,
2026-01-02T18:10:44.693557+00:00,nfl,32225528,CLE Browns @ CIN Bengals,CIN Bengals -7.5,splits,54,83,,CIN Bengals -7.5 @ -112,,,
2026-01-02T18:10:44.693557+00:00,nfl,32225528,CLE Browns @ CIN Bengals,CLE Browns +7.5,splits,46,17,,CLE Browns +7.5 @ -108,,,
2026-01-02T18:10:44.693557+00:00,nfl,32225528,CLE Browns @ CIN Bengals,Over 44.5,splits,57,39,,Over 44.5 @ -110,,,
2026-01-02T18:10:44.693557+00:00,nfl,32225528,CLE Browns @ CIN Bengals,Under 44.5,splits,43,61,,Under 44.5 @ -110,,,
2026-01-02T18:10:44.693557+00:00,nfl,32225703,DAL Cowboys @ NY Giants,NY Giants,splits,19,47,,NY Giants @ +154,,,
2026-01-02T18:10:44.693557+00:00,nfl,32225703,DAL Cowboys @ NY Giants,DAL Cowboys,splits,81,53,,DAL Cowboys @ -185,,,
2026-01-02T18:10:44.693557+00:00,nfl,32225703,DAL Cowboys @ NY Giants,DAL Cowboys -3.5,splits,69,67,,DAL Cowboys -3.5 @ -108,,,
2026-01-02T18:10:44.693557+00:00,nfl,32225703,DAL Cowboys @ NY Giants,NY Giants +3.5,splits,31,33,,NY Giants +3.5 @ -112,,,
2026-01-02T18:10:44.693557+00:00,nfl,32225703,DAL Cowboys @ NY Giants,Over 49.5,splits,52,47,,Over 49.5 @ -120,,,
2026-01-02T18:10:44.693557+00:00,nfl,32225703,DAL Cowboys @ NY Giants,Under 49.5,splits,48,53,,Under 49.5 @ +100,,,
2026-01-02T18:10:44.693557+00:00,nfl,32225786,GB Packers @ MIN Vikings,MIN Vikings,splits,47,15,,MIN Vikings @ -410,,,
2026-01-02T18:10:44.693557+00:00,nfl,32225786,GB Packers @ MIN Vikings,GB Packers,splits,53,85,,GB Packers @ +320,,,
2026-01-02T18:10:44.693557+00:00,nfl,32225786,GB Packers @ MIN Vikings,MIN Vikings -8.5,splits,34,51,,MIN Vikings -8.5 @ -105,,,
2026-01-02T18:10:44.693557+00:00,nfl,32225786,GB Packers @ MIN Vikings,GB Packers +8.5,splits,66,49,,GB Packers +8.5 @ -115,,,
2026-01-02T18:10:44.693557+00:00,nfl,32225786,GB Packers @ MIN Vikings,Over 35.5,splits,71,24,,Over 35.5 @ -110,,,
2026-01-02T18:10:44.693557+00:00,nfl,32225786,GB Packers @ MIN Vikings,Under 35.5,splits,29,76,,Under 35.5 @ -110,,,
2026-01-02T18:10:44.693557+00:00,nfl,32225464,NO Saints @ ATL Falcons,ATL Falcons,splits,72,40,,ATL Falcons @ -185,,,
2026-01-02T18:10:44.693557+00:00,nfl,32225464,NO Saints @ ATL Falcons,NO Saints,splits,28,60,,NO Saints @ +154,,,
2026-01-02T18:10:44.693557+00:00,nfl,32225464,NO Saints @ ATL Falcons,ATL Falcons -3.5,splits,58,51,,ATL Falcons -3.5 @ -108,,,
2026-01-02T18:10:44.693557+00:00,nfl,32225464,NO Saints @ ATL Falcons,NO Saints +3.5,splits,42,49,,NO Saints +3.5 @ -112,,,
2026-01-02T18:10:44.693557+00:00,nfl,32225464,NO Saints @ ATL Falcons,Over 44.5,splits,71,79,,Over 44.5 @ +102,,,
2026-01-02T18:10:44.693557+00:00,nfl,32225464,NO Saints @ ATL Falcons,Under 44.5,splits,29,21,,Under 44.5 @ -122,,,
2026-01-02T18:10:44.693557+00:00,nfl,32225487,NY Jets @ BUF Bills,BUF Bills,splits,95,94,,BUF Bills @ -395,,,
2026-01-02T18:10:44.693557+00:00,nfl,32225487,NY Jets @ BUF Bills,NY Jets,splits,5,6,,NY Jets @ +310,,,
2026-01-02T18:10:44.693557+00:00,nfl,32225487,NY Jets @ BUF Bills,BUF Bills -7.5,splits,90,86,,BUF Bills -7.5 @ -118,,,
2026-01-02T18:10:44.693557+00:00,nfl,32225487,NY Jets @ BUF Bills,NY Jets +7.5,splits,10,14,,NY Jets +7.5 @ -102,,,
2026-01-02T18:10:44.693557+00:00,nfl,32225487,NY Jets @ BUF Bills,Over 37.5,splits,67,23,,Over 37.5 @ -110,,,
2026-01-02T18:10:44.693557+00:00,nfl,32225487,NY Jets @ BUF Bills,Under 37.5,splits,33,77,,Under 37.5 @ -110,,,
2026-01-02T18:10:44.693557+00:00,nfl,32225743,MIA Dolphins @ NE Patriots,NE Patriots,splits,91,62,,NE Patriots @ -650,,,
2026-01-02T18:10:44.693557+00:00,nfl,32225743,MIA Dolphins @ NE Patriots,MIA Dolphins,splits,9,38,,MIA Dolphins @ +470,,,
2026-01-02T18:10:44.693557+00:00,nfl,32225743,MIA Dolphins @ NE Patriots,NE Patriots -10.5,splits,59,67,,NE Patriots -10.5 @ -118,,,
2026-01-02T18:10:44.693557+00:00,nfl,32225743,MIA Dolphins @ NE Patriots,MIA Dolphins +10.5,splits,41,33,,MIA Dolphins +10.5 @ -102,,,
2026-01-02T18:10:44.693557+00:00,nfl,32225743,MIA Dolphins @ NE Patriots,Over 45.5,splits,68,48,,Over 45.5 @ -112,,,
2026-01-02T18:10:44.693557+00:00,nfl,32225743,MIA Dolphins @ NE Patriots,Under 45.5,splits,32,52,,Under 45.5 @ -108,,,
2026-01-02T18:10:44.693557+00:00,nfl,32225668,WAS Commanders @ PHI Eagles,PHI Eagles,splits,89,73,,PHI Eagles @ -225,,,
2026-01-02T18:10:44.693557+00:00,nfl,32225668,WAS Commanders @ PHI Eagles,WAS Commanders,splits,11,27,,WAS Commanders @ +185,,,
2026-01-02T18:10:44.693557+00:00,nfl,32225668,WAS Commanders @ PHI Eagles,PHI Eagles -4.5,splits,73,61,,PHI Eagles -4.5 @ -102,,,
2026-01-02T18:10:44.693557+00:00,nfl,32225668,WAS Commanders @ PHI Eagles,WAS Commanders +4.5,splits,27,39,,WAS Commanders +4.5 @ -118,,,
2026-01-02T18:10:44.693557+00:00,nfl,32225668,WAS Commanders @ PHI Eagles,Over 38.5,splits,64,52,,Over 38.5 @ -112,,,
2026-01-02T18:10:44.693557+00:00,nfl,32225668,WAS Commanders @ PHI Eagles,Under 38.5,splits,36,48,,Under 38.5 @ -108,,,
2026-01-02T18:10:44.693557+00:00,nfl,32225569,LA Chargers @ DEN Broncos,DEN Broncos,splits,78,48,,DEN Broncos @ -1000,,,
2026-01-02T18:10:44.693557+00:00,nfl,32225569,LA Chargers @ DEN Broncos,LA Chargers,splits,22,52,,LA Chargers @ +650,,,
2026-01-02T18:10:44.693557+00:00,nfl,32225569,LA Chargers @ DEN Broncos,DEN Broncos -12.5,splits,34,20,,DEN Broncos -12.5 @ -110,,,
2026-01-02T18:10:44.693557+00:00,nfl,32225569,LA Chargers @ DEN Broncos,LA Chargers +12.5,splits,66,80,,LA Chargers +12.5 @ -110,,,
2026-01-02T18:10:44.693557+00:00,nfl,32225569,LA Chargers @ DEN Broncos,Over 37.5,splits,74,78,,Over 37.5 @ -110,,,
2026-01-02T18:10:44.693557+00:00,nfl,32225569,LA Chargers @ DEN Broncos,Under 37.5,splits,26,22,,Under 37.5 @ -110,,,
2026-01-02T18:10:44.693557+00:00,nfl,32225521,DET Lions @ CHI Bears,CHI Bears,splits,62,87,,CHI Bears @ -155,,,
2026-01-02T18:10:44.693557+00:00,nfl,32225521,DET Lions @ CHI Bears,DET Lions,splits,38,13,,DET Lions @ +130,,,
2026-01-02T18:10:44.693557+00:00,nfl,32225521,DET Lions @ CHI Bears,CHI Bears -3,splits,64,89,,CHI Bears -3 @ -102,,,
2026-01-02T18:10:44.693557+00:00,nfl,32225521,DET Lions @ CHI Bears,DET Lions +3,splits,36,11,,DET Lions +3 @ -118,,,
2026-01-02T18:10:44.693557+00:00,nfl,32225521,DET Lions @ CHI Bears,Over 50.5,splits,62,55,,Over 50.5 @ -115,,,
2026-01-02T18:10:44.693557+00:00,nfl,32225521,DET Lions @ CHI Bears,Under 50.5,splits,38,45,,Under 50.5 @ -105,,,
2026-01-02T18:10:44.693557+00:00,nfl,32225738,ARI Cardinals @ LA Rams,LA Rams,splits,93,37,,LA Rams @ -375,,,
2026-01-02T18:10:44.693557+00:00,nfl,32225738,ARI Cardinals @ LA Rams,ARI Cardinals,splits,7,63,,ARI Cardinals @ +295,,,
2026-01-02T18:10:44.693557+00:00,nfl,32225738,ARI Cardinals @ LA Rams,LA Rams -7.5,splits,81,61,,LA Rams -7.5 @ -110,,,
2026-01-02T18:10:44.693557+00:00,nfl,32225738,ARI Cardinals @ LA Rams,ARI Cardinals +7.5,splits,19,39,,ARI Cardinals +7.5 @ -110,,,
2026-01-02T18:10:44.693557+00:00,nfl,32225738,ARI Cardinals @ LA Rams,Over 46.5,splits,61,46,,Over 46.5 @ -105,,,
2026-01-02T18:10:44.693557+00:00,nfl,32225738,ARI Cardinals @ LA Rams,Under 46.5,splits,39,54,,Under 46.5 @ -115,,,
2026-01-02T18:10:44.693557+00:00,nfl,32225761,KC Chiefs @ LV Raiders,LV Raiders,splits,29,50,,LV Raiders @ +230,,,
2026-01-02T18:10:44.693557+00:00,nfl,32225761,KC Chiefs @ LV Raiders,KC Chiefs,splits,71,50,,KC Chiefs @ -285,,,
2026-01-02T18:10:44.693557+00:00,nfl,32225761,KC Chiefs @ LV Raiders,KC Chiefs -5.5,splits,54,78,,KC Chiefs -5.5 @ -110,,,
2026-01-02T18:10:44.693557+00:00,nfl,32225761,KC Chiefs @ LV Raiders,LV Raiders +5.5,splits,46,22,,LV Raiders +5.5 @ -110,,,
2026-01-02T18:10:44.693557+00:00,nfl,32225761,KC Chiefs @ LV Raiders,Over 36.5,splits,52,30,,Over 36.5 @ -108,,,
2026-01-02T18:10:44.693557+00:00,nfl,32225761,KC Chiefs @ LV Raiders,Under 36.5,splits,48,70,,Under 36.5 @ -112,,,
2026-01-02T18:10:44.693557+00:00,nfl,32225650,BAL Ravens @ PIT Steelers,PIT Steelers,splits,36,42,,PIT Steelers @ +160,,,
2026-01-02T18:10:44.693557+00:00,nfl,32225650,BAL Ravens @ PIT Steelers,BAL Ravens,splits,64,58,,BAL Ravens @ -192,,,
2026-01-02T18:10:44.693557+00:00,nfl,32225650,BAL Ravens @ PIT Steelers,BAL Ravens -3.5,splits,44,51,,BAL Ravens -3.5 @ -108,,,
2026-01-02T18:10:44.693557+00:00,nfl,32225650,BAL Ravens @ PIT Steelers,PIT Steelers +3.5,splits,56,49,,PIT Steelers +3.5 @ -112,,,
2026-01-02T18:10:44.693557+00:00,nfl,32225650,BAL Ravens @ PIT Steelers,Over 41.5,splits,59,27,,Over 41.5 @ -105,,,
2026-01-02T18:10:44.693557+00:00,nfl,32225650,BAL Ravens @ PIT Steelers,Under 41.5,splits,41,73,,Under 41.5 @ -115,,,
2026-01-02T18:11:56.039530+00:00,nhl,33385530,VGK Golden Knights @ STL Blues,STL Blues,splits,21,35,,STL Blues @ +124,,,
2026-01-02T18:11:56.039530+00:00,nhl,33385530,VGK Golden Knights @ STL Blues,VGK Golden Knights,splits,79,65,,VGK Golden Knights @ -148,,,
2026-01-02T18:11:56.039530+00:00,nhl,33385530,VGK Golden Knights @ STL Blues,VGK Golden Knights -1.5,splits,56,81,,VGK Golden Knights -1.5 @ +170,,,
2026-01-02T18:11:56.039530+00:00,nhl,33385530,VGK Golden Knights @ STL Blues,STL Blues +1.5,splits,44,19,,STL Blues +1.5 @ -205,,,
2026-01-02T18:11:56.039530+00:00,nhl,33385530,VGK Golden Knights @ STL Blues,Over 5.5,splits,86,91,,Over 5.5 @ -130,,,
2026-01-02T18:11:56.039530+00:00,nhl,33385530,VGK Golden Knights @ STL Blues,Under 5.5,splits,14,9,,Under 5.5 @ +110,,,
2026-01-02T18:11:56.039530+00:00,nhl,33379877,NY Rangers @ FLA Panthers,FLA Panthers,splits,68,60,,FLA Panthers @ -142,,,
2026-01-02T18:11:56.039530+00:00,nhl,33379877,NY Rangers @ FLA Panthers,NY Rangers,splits,32,40,,NY Rangers @ +120,,,
2026-01-02T18:11:56.039530+00:00,nhl,33379877,NY Rangers @ FLA Panthers,FLA Panthers -1.5,splits,51,79,,FLA Panthers -1.5 @ +180,,,
2026-01-02T18:11:56.039530+00:00,nhl,33379877,NY Rangers @ FLA Panthers,NY Rangers +1.5,splits,49,21,,NY Rangers +1.5 @ -218,,,
2026-01-02T18:11:56.039530+00:00,nhl,33379877,NY Rangers @ FLA Panthers,Over 5.5,splits,78,75,,Over 5.5 @ -115,,,
2026-01-02T18:11:56.039530+00:00,nhl,33379877,NY Rangers @ FLA Panthers,Under 5.5,splits,22,25,,Under 5.5 @ -105,,,
2026-01-02T18:11:56.039530+00:00,nhl,33385532,SEA Kraken @ VAN Canucks,VAN Canucks,splits,38,13,,VAN Canucks @ -148,,,
2026-01-02T18:11:56.039530+00:00,nhl,33385532,SEA Kraken @ VAN Canucks,SEA Kraken,splits,62,87,,SEA Kraken @ +124,,,
2026-01-02T18:11:56.039530+00:00,nhl,33385532,SEA Kraken @ VAN Canucks,VAN Canucks -1.5,splits,29,27,,VAN Canucks -1.5 @ +170,,,
2026-01-02T18:11:56.039530+00:00,nhl,33385532,SEA Kraken @ VAN Canucks,SEA Kraken +1.5,splits,71,73,,SEA Kraken +1.5 @ -205,,,
2026-01-02T18:11:56.039530+00:00,nhl,33385532,SEA Kraken @ VAN Canucks,Over 5.5,splits,74,82,,Over 5.5 @ -122,,,
2026-01-02T18:11:56.039530+00:00,nhl,33385532,SEA Kraken @ VAN Canucks,Under 5.5,splits,26,18,,Under 5.5 @ +102,,,
2026-01-02T18:11:56.039530+00:00,nhl,33385531,MIN Wild @ ANA Ducks,ANA Ducks,splits,24,47,,ANA Ducks @ +110,,,
2026-01-02T18:11:56.039530+00:00,nhl,33385531,MIN Wild @ ANA Ducks,MIN Wild,splits,76,53,,MIN Wild @ -130,,,
2026-01-02T18:11:56.039530+00:00,nhl,33385531,MIN Wild @ ANA Ducks,MIN Wild -1.5,splits,40,72,,MIN Wild -1.5 @ +195,,,
2026-01-02T18:11:56.039530+00:00,nhl,33385531,MIN Wild @ ANA Ducks,ANA Ducks +1.5,splits,60,28,,ANA Ducks +1.5 @ -238,,,
2026-01-02T18:11:56.039530+00:00,nhl,33385531,MIN Wild @ ANA Ducks,Over 6.5,splits,58,33,,Over 6.5 @ -105,,,
2026-01-02T18:11:56.039530+00:00,nhl,33385531,MIN Wild @ ANA Ducks,Under 6.5,splits,42,67,,Under 6.5 @ -115,,,
2026-01-02T18:11:56.039530+00:00,nhl,33390114,PIT Penguins @ DET Red Wings,DET Red Wings,splits,72,50,,DET Red Wings @ -148,,,
2026-01-02T18:11:56.039530+00:00,nhl,33390114,PIT Penguins @ DET Red Wings,PIT Penguins,splits,28,50,,PIT Penguins @ +124,,,
2026-01-02T18:11:56.039530+00:00,nhl,33390114,PIT Penguins @ DET Red Wings,DET Red Wings -1.5,splits,24,76,,DET Red Wings -1.5 @ +164,,,
2026-01-02T18:11:56.039530+00:00,nhl,33390114,PIT Penguins @ DET Red Wings,PIT Penguins +1.5,splits,76,24,,PIT Penguins +1.5 @ -198,,,
2026-01-02T18:11:56.039530+00:00,nhl,33390114,PIT Penguins @ DET Red Wings,Over 6.5,splits,37,83,,Over 6.5 @ +100,,,
2026-01-02T18:11:56.039530+00:00,nhl,33390114,PIT Penguins @ DET Red Wings,Under 6.5,splits,63,17,,Under 6.5 @ -120,,,
2026-01-02T18:11:56.039530+00:00,nhl,33390115,BUF Sabres @ CBJ Blue Jackets,CBJ Blue Jackets,splits,27,32,,CBJ Blue Jackets @ -110,,,
2026-01-02T18:11:56.039530+00:00,nhl,33390115,BUF Sabres @ CBJ Blue Jackets,BUF Sabres,splits,73,68,,BUF Sabres @ -110,,,
2026-01-02T18:11:56.039530+00:00,nhl,33390115,BUF Sabres @ CBJ Blue Jackets,CBJ Blue Jackets -1.5,splits,21,33,,CBJ Blue Jackets -1.5 @ +210,,,
2026-01-02T18:11:56.039530+00:00,nhl,33390115,BUF Sabres @ CBJ Blue Jackets,BUF Sabres +1.5,splits,79,67,,BUF Sabres +1.5 @ -258,,,
2026-01-02T18:11:56.039530+00:00,nhl,33390115,BUF Sabres @ CBJ Blue Jackets,Over 6.5,splits,48,87,,Over 6.5 @ -102,,,
2026-01-02T18:11:56.039530+00:00,nhl,33390115,BUF Sabres @ CBJ Blue Jackets,Under 6.5,splits,52,13,,Under 6.5 @ -118,,,
2026-01-02T18:11:56.039530+00:00,nhl,33390116,UTA Mammoth @ NJ Devils,NJ Devils,splits,53,21,,NJ Devils @ -135,,,
2026-01-02T18:11:56.039530+00:00,nhl,33390116,UTA Mammoth @ NJ Devils,UTA Mammoth,splits,47,79,,UTA Mammoth @ +114,,,
2026-01-02T18:11:56.039530+00:00,nhl,33390116,UTA Mammoth @ NJ Devils,UTA Mammoth +1.5,splits,79,100,,UTA Mammoth +1.5 @ -205,,,
2026-01-02T18:11:56.039530+00:00,nhl,33390116,UTA Mammoth @ NJ Devils,Over 5.5,splits,79,8,,Over 5.5 @ -115,,,
2026-01-02T18:11:56.039530+00:00,nhl,33390116,UTA Mammoth @ NJ Devils,Under 5.5,splits,21,92,,Under 5.5 @ -105,,,
2026-01-02T18:11:56.039530+00:00,nhl,33390117,PHI Flyers @ EDM Oilers,EDM Oilers,splits,80,53,,EDM Oilers @ -185,,,
2026-01-02T18:11:56.039530+00:00,nhl,33390117,PHI Flyers @ EDM Oilers,PHI Flyers,splits,20,47,,PHI Flyers @ +154,,,
2026-01-02T18:11:56.039530+00:00,nhl,33390117,PHI Flyers @ EDM Oilers,EDM Oilers -1.5,splits,65,93,,EDM Oilers -1.5 @ +136,,,
2026-01-02T18:11:56.039530+00:00,nhl,33390117,PHI Flyers @ EDM Oilers,PHI Flyers +1.5,splits,35,7,,PHI Flyers +1.5 @ -162,,,
2026-01-02T18:11:56.039530+00:00,nhl,33390117,PHI Flyers @ EDM Oilers,Over 6.5,splits,42,86,,Over 6.5 @ -102,,,
2026-01-02T18:11:56.039530+00:00,nhl,33390117,PHI Flyers @ EDM Oilers,Under 6.5,splits,58,14,,Under 6.5 @ -118,,,
2026-01-02T18:11:56.039530+00:00,nhl,33390118,TB Lightning @ SJ Sharks,SJ Sharks,splits,24,37,,SJ Sharks @ +160,,,
2026-01-02T18:11:56.039530+00:00,nhl,33390118,TB Lightning @ SJ Sharks,TB Lightning,splits,76,63,,TB Lightning @ -192,,,
2026-01-02T18:11:56.039530+00:00,nhl,33390118,TB Lightning @ SJ Sharks,TB Lightning -1.5,splits,46,46,,TB Lightning -1.5 @ +124,,,
2026-01-02T18:11:56.039530+00:00,nhl,33390118,TB Lightning @ SJ Sharks,SJ Sharks +1.5,splits,54,54,,SJ Sharks +1.5 @ -148,,,
2026-01-02T18:11:56.039530+00:00,nhl,33390118,TB Lightning @ SJ Sharks,Over 6.5,splits,63,96,,Over 6.5 @ +110,,,
2026-01-02T18:11:56.039530+00:00,nhl,33390118,TB Lightning @ SJ Sharks,Under 6.5,splits,37,4,,Under 6.5 @ -130,,,
2026-01-02T18:11:56.039530+00:00,nhl,33390119,MTL Canadiens @ STL Blues,MTL Canadiens,splits,89,100,,MTL Canadiens @ -120,,,
2026-01-02T18:11:56.039530+00:00,nhl,33390119,MTL Canadiens @ STL Blues,MTL Canadiens -1.5,splits,58,100,,MTL Canadiens -1.5 @ +205,,,
2026-01-02T18:11:56.039530+00:00,nhl,33390119,MTL Canadiens @ STL Blues,Over 5.5,splits,92,98,,Over 5.5 @ -135,,,
2026-01-02T18:11:56.039530+00:00,nhl,33390119,MTL Canadiens @ STL Blues,Under 5.5,splits,8,2,,Under 5.5 @ +114,,,
2026-01-02T18:11:56.039530+00:00,nhl,33390123,COL Avalanche @ CAR Hurricanes,CAR Hurricanes,splits,14,64,,CAR Hurricanes @ +120,,,
2026-01-02T18:11:56.039530+00:00,nhl,33390123,COL Avalanche @ CAR Hurricanes,COL Avalanche,splits,86,36,,COL Avalanche @ -142,,,
2026-01-02T18:11:56.039530+00:00,nhl,33390123,COL Avalanche @ CAR Hurricanes,COL Avalanche -1.5,splits,75,99,,COL Avalanche -1.5 @ +180,,,
2026-01-02T18:11:56.039530+00:00,nhl,33390123,COL Avalanche @ CAR Hurricanes,CAR Hurricanes +1.5,splits,25,1,,CAR Hurricanes +1.5 @ -218,,,
2026-01-02T18:11:56.039530+00:00,nhl,33390123,COL Avalanche @ CAR Hurricanes,Over 6.5,splits,65,100,,Over 6.5 @ +105,,,
2026-01-02T18:11:56.039530+00:00,nhl,33390129,CHI Blackhawks @ WAS Capitals,WAS Capitals,splits,76,2,,WAS Capitals @ -340,,,
2026-01-02T18:11:56.039530+00:00,nhl,33390129,CHI Blackhawks @ WAS Capitals,CHI Blackhawks,splits,24,98,,CHI Blackhawks @ +270,,,
2026-01-02T18:11:56.039530+00:00,nhl,33390129,CHI Blackhawks @ WAS Capitals,WAS Capitals -1.5,splits,33,10,,WAS Capitals -1.5 @ -130,,,
2026-01-02T18:11:56.039530+00:00,nhl,33390129,CHI Blackhawks @ WAS Capitals,CHI Blackhawks +1.5,splits,67,90,,CHI Blackhawks +1.5 @ +110,,,
2026-01-02T18:11:56.039530+00:00,nhl,33390129,CHI Blackhawks @ WAS Capitals,Over 5.5,splits,85,68,,Over 5.5 @ -130,,,
2026-01-02T18:11:56.039530+00:00,nhl,33390129,CHI Blackhawks @ WAS Capitals,Under 5.5,splits,15,32,,Under 5.5 @ +110,,,
2026-01-02T18:11:56.039530+00:00,nhl,33390125,TOR Maple Leafs @ NY Islanders,NY Islanders,splits,37,2,,NY Islanders @ -115,,,
2026-01-02T18:11:56.039530+00:00,nhl,33390125,TOR Maple Leafs @ NY Islanders,TOR Maple Leafs,splits,63,98,,TOR Maple Leafs @ -105,,,
2026-01-02T18:11:56.039530+00:00,nhl,33390125,TOR Maple Leafs @ NY Islanders,NY Islanders -1.5,splits,25,23,,NY Islanders -1.5 @ +205,,,
2026-01-02T18:11:56.039530+00:00,nhl,33390125,TOR Maple Leafs @ NY Islanders,TOR Maple Leafs +1.5,splits,75,77,,TOR Maple Leafs +1.5 @ -250,,,
2026-01-02T18:11:56.039530+00:00,nhl,33390125,TOR Maple Leafs @ NY Islanders,Over 5.5,splits,85,88,,Over 5.5 @ -130,,,
2026-01-02T18:11:56.039530+00:00,nhl,33390125,TOR Maple Leafs @ NY Islanders,Under 5.5,splits,15,12,,Under 5.5 @ +110,,,
2026-01-02T18:11:56.039530+00:00,nhl,33390127,WPG Jets @ OTT Senators,OTT Senators,splits,56,1,,OTT Senators @ -148,,,
2026-01-02T18:11:56.039530+00:00,nhl,33390127,WPG Jets @ OTT Senators,WPG Jets,splits,44,99,,WPG Jets @ +124,,,
2026-01-02T18:11:56.039530+00:00,nhl,33390127,WPG Jets @ OTT Senators,OTT Senators -1.5,splits,60,87,,OTT Senators -1.5 @ +170,,,
2026-01-02T18:11:56.039530+00:00,nhl,33390127,WPG Jets @ OTT Senators,WPG Jets +1.5,splits,40,13,,WPG Jets +1.5 @ -205,,,
2026-01-02T18:11:56.039530+00:00,nhl,33390127,WPG Jets @ OTT Senators,Over 5.5,splits,100,100,,Over 5.5 @ -120,,,
2026-01-02T18:11:56.039530+00:00,nhl,33390121,NSH Predators @ CGY Flames,CGY Flames,splits,74,83,,CGY Flames @ -130,,,
2026-01-02T18:11:56.039530+00:00,nhl,33390121,NSH Predators @ CGY Flames,NSH Predators,splits,26,17,,NSH Predators @ +110,,,
2026-01-02T18:11:56.039530+00:00,nhl,33390121,NSH Predators @ CGY Flames,CGY Flames -1.5,splits,50,86,,CGY Flames -1.5 @ +190,,,
2026-01-02T18:11:56.039530+00:00,nhl,33390121,NSH Predators @ CGY Flames,NSH Predators +1.5,splits,50,14,,NSH Predators +1.5 @ -230,,,
2026-01-02T18:11:56.039530+00:00,nhl,33390121,NSH Predators @ CGY Flames,Over 5.5,splits,91,97,,Over 5.5 @ -115,,,
2026-01-02T18:11:56.039530+00:00,nhl,33390121,NSH Predators @ CGY Flames,Under 5.5,splits,9,3,,Under 5.5 @ -105,,,
2026-01-02T18:11:56.039530+00:00,nhl,33390130,MIN Wild @ LA Kings,LA Kings,splits,22,1,,LA Kings @ -142,,,
2026-01-02T18:11:56.039530+00:00,nhl,33390130,MIN Wild @ LA Kings,MIN Wild,splits,78,99,,MIN Wild @ +120,,,
2026-01-02T18:11:56.039530+00:00,nhl,33390130,MIN Wild @ LA Kings,LA Kings -1.5,splits,40,96,,LA Kings -1.5 @ +180,,,
2026-01-02T18:11:56.039530+00:00,nhl,33390130,MIN Wild @ LA Kings,MIN Wild +1.5,splits,60,4,,MIN Wild +1.5 @ -218,,,
2026-01-02T18:11:56.039530+00:00,nhl,33390130,MIN Wild @ LA Kings,Over 5.5,splits,100,100,,Over 5.5 @ -130,,,
2026-01-02T18:11:56.039530+00:00,nhl,33390132,BOS Bruins @ VAN Canucks,BOS Bruins,splits,100,100,,BOS Bruins @ -115,,,
2026-01-02T18:11:56.039530+00:00,nhl,33390132,BOS Bruins @ VAN Canucks,BOS Bruins -1.5,splits,93,100,,BOS Bruins -1.5 @ +205,,,
2026-01-02T18:11:56.039530+00:00,nhl,33390132,BOS Bruins @ VAN Canucks,Over 5.5,splits,100,100,,Over 5.5 @ -130,,,
